0|JENI OAR
1|DONYA BANIA
2|BRIDGETT EASTLAND
3|ALAINA PONTIFF
4|ANNAMAE VASZILY
5|LOUVENIA NUNLEY
6|LESIA KOUGH
7|SHANTAY SCAFF
8|JACQUIE GAUGHAN
9|JENEVA DRAFTON
10|EARLEEN STRAWSER
11|SHERLY ADDO
12|JENIFER SKOMSKY
13|ZENA BELLAZER
14|TERRY HERVOL
15|CHERY MERLI
16|KIZZIE COLLING
17|MABEL BURCHAM
18|KINDRA LEMLER
19|EMILIE MELIA
20|KATIE OBBINK
21|GERMAINE EMME
22|JANINE SCHMIT
23|MARIA SYPOLT
24|CHASITY DAGNON
25|CARITA ERZ
26|MABEL KRUMME
27|ALMETA WINSETT
28|MARTHA CALTON
29|LAUREN SHREVE
30|LYNN PALISI
31|BEV RYSANEK
32|LORRIE VEDOVELLI
33|VICTORINA ZOGBY
34|LOURDES CARRARA
35|ZENIA METIVIER
36|PAMILA NAJAR
37|MITSUKO KENNISON
38|PATTIE STEGMANN
39|CASSEY VARVEL
40|GAYNELLE COPPES
41|VADA MARCUSEN
42|LURA DELEONARDO
43|NEIDA NORDLUND
44|OLGA HOUGH
45|GERDA WESSELS
46|FRIDA RACE
47|JEANNETTA BELINA
48|ALBERT GRINDEL
49|TROY KARRO
50|TONIA TRASPORT
51|LILA SALSBURY
52|TIJUANA TISCHNER
53|DANNA KNUTH
54|FRANK SAHR
55|TERRESA DIEL
56|MARIANNE SZWEDE
57|AUTUMN MALLIN
58|TERRELL PINTER
59|KATRICE NORSTRUD
60|DOLLY HAMEL
61|STEPHANIE DUARTES
62|KARA PATTERSON
63|CARYLON PRAUSE
64|EULAH ONITSUKA
65|JOLINE WHISENHUNT
66|EDIE HOMMER
67|NELLY KEESLER
68|ROSY EADER
69|SHANON SZALA
70|MARICA ROSZALES
71|LARITA BURKLOW
72|LATARSHA FUENTS
73|COLEEN WALLETT
74|MABLE SCHLICHENMAYE
75|NEOMA MEALER
76|TELMA PALUZZI
77|MILLICENT PRESTON
78|VALLIE KEIFER
79|MELANIA WARBINGTON
80|HISAKO BRAUCHER
81|SHAKIRA MICHELLE
82|LYNSEY JOZSA
83|LESLEE HOSSEINI
84|LUCILA WERDERMAN
85|EMMALINE HARR
86|ARLENA CONDA
87|GLAYDS JOHLL
88|MARYALICE MCCUBBIN
89|LISA OLLI
90|LAREE SLEVA
91|REGINA NEALER
92|SHEILA BLADEN
93|ALLENA WILTBERGER
94|EDEN GANTVOORT
95|TAMMY MALMQUIST
96|BELIA DENEEN
97|JINA LEFFEW
98|KALA CATANI
99|APOLONIA MOLITORIS
100|MENDY CORDOVANO
101|SHIRELY WALSTROM
102|SHAMIKA HOSTIN
103|BUNNY MICHALSKI
104|CLORINDA SALLMEN
105|HAN CHHEANG
106|DORRIS RHUM
107|TINY LANNERS
108|SHAUNA SNOBECK
109|ANDERA CANGEY
110|MELINA STIEGMAN
111|SHAN KRUPPENBACHER
112|JANEY SEAR
113|DEE WIPPRECHT
114|JONNA SAYSONGKHAM
115|KIERA HANDLER
116|ELEASE FEIL
117|LAVERNA LUTKUS
118|TERRILYN RALPHS
119|KEVA SELVAGGIO
120|ALLISON BOBOLA
121|DEMETRA SNARE
122|CEOLA ROUNDTREE
123|LUDIE SALUJA
124|SYNTHIA BREHON
125|KUM BURDI
126|JOSEPHINA GERMON
127|CRYSTA CARBEE
128|CYNDY ROSENBLUM
129|YOLANDO DELPOZO
130|SHANTAE SEVILLE
131|ARACELY CHALUPSKY
132|IGNACIA MUCZYNSKI
133|TANIKA MATTERS
134|KATHRINE ALTICE
135|WINNIE SCREEN
136|TREVA KAVA
137|MAIDA BLASL
138|IVANA AMODEO
139|CASSY FREENEY
140|YUK MUILENBURG
141|ERNA CLACK
142|CEOLA WOODELL
143|WILLOW SEMIDEY
144|REVA LEKAS
145|MARVIS LEVIS
146|ANTONETTA MISER
147|EDWARD LAZARZ
148|CECELIA KERSHAW
149|KATHLINE KLEFFMAN
150|SHENA BYRUM
151|NETA ALBANG
152|DEANE JUSTIS
153|GLYNIS SHEWMAKE
154|VICKEY TANGRI
155|RANA LAZO
156|SARAN DUMPE
157|GRETA MODERO
158|EUSEBIA LINGENFELTER
159|TREVA STUDER
160|TRINH TINDALL
161|ANNMARIE SCHAULAND
162|MARYBETH SCHUTE
163|SUZANNE SACHSE
164|MARGY HONDEL
165|MICHEAL GOLDMANN
166|ALICE SHINKLE
167|FRAN BOTHA
168|RAVEN KIKO
169|DONETTE WITHIAM
170|LATICIA WANDREI
171|TAI BAZAR
172|IVY NICKLIEN
173|KASEY DICKENS
174|EVELYN LYTAL
175|MOLLY WEISPFENNING
176|MARIO OLDENKAMP
177|LEATRICE VERFAILLIE
178|JEANIE LENZE
179|ROCHELLE GAETA
180|ALDA VANVORST
181|CHERISH ROCRAY
182|LEIDA KHOUN
183|MARTHA STERBA
184|RICKI JAVIS
185|GENEVIVE COUNTER
186|ALBINA WITTLIN
187|TIMOTHY CRAIGE
188|MAREN CASARIO
189|BABARA EMERTON
190|SIBYL LIGGANS
191|CARROL KEVELIN
192|LEIGHA MEDIAN
193|NOMA RIKER
194|ERNESTINE MCNEISH
195|DOTTIE ANGIANO
196|DEEANN AMISTOSO
197|LORALEE JUBERT
198|GENIA LIVERANI
199|KENDA ROEWE
200|CEOLA SERVAN
201|GLENNIE LEITH
202|ROSINA KOSKELA
203|MELLIE MASSEE
204|EBONI HARBOR
205|SANG VAYON
206|FAIRY CALUMAG
207|TOI SUNESON
208|ROMELIA MARENO
209|REMONA LASELL
210|ALVA KESTERSON
211|MIRIAM GOLLOB
212|SHANDI ZAMOSTNY
213|MICAELA RODBERG
214|LUIS HORNING
215|ANNA BREUNINGER
216|YUNG SHALHOUP
217|NICHOL MAGRUDER
218|JENIFER GOODFELLOW
219|BEULA NORLIEN
220|TERESE BOYLEN
221|WANITA TETRAULT
222|DULCE RHINES
223|PETER STOTKO
224|ISIDRA KAUB
225|LOREE BRUSCINO
226|YUKI LITWILER
227|PURA SPOTORNO
228|TRESSIE CREASY
229|TAMIE DYKE
230|AILEEN CAMPOLO
231|CHRISTOPHER PUCKER
232|SOFIA GALIETTI
233|CAMILA GEITNER
234|GINGER COTTENGIM
235|ANGLA MEDICINE
236|MADISON SOLLENBERGER
237|SHIRA HANZL
238|TARAH KAMIREZ
239|MIREILLE SEDLOCK
240|FELISHA BURROWES
241|KATHERYN LYN
242|JERICA DARLING
243|EARLINE SHOWMAN
244|TRISHA YANOSKY
245|LEORA LEETH
246|LUISA ENDITO
247|TANIA FOLKMAN
248|KATIA LIPFORD
249|HILDEGARDE PENISSON
250|EUGENIA HALLA
251|ALBA TONNESSEN
252|CRIS VIKEN
253|ZINA ACKISS
254|KIMBERELY COIL
255|DRUSILLA GAZITANO
256|DAMARIS DOBROSKY
257|EBONY VANSICKLE
258|KORTNEY GOHR
259|DOTTIE COLEBROOK
260|DENISSE SENSIBAUGH
261|WILLIAM MCLAMB
262|SYDNEY SANTOLI
263|JULISSA MCCRATE
264|EMIKO QUINT
265|VETA CHMELICEK
266|KIMBERLIE LEVENDOSKI
267|IMA OUN
268|MARISHA THORNQUIST
269|PAMULA APO
270|ROZANNE LISTA
271|DANA DORSCH
272|CHARLIE SHURTZ
273|FREIDA GERKEN
274|AMADA ARMIGER
275|ROCHELLE MAROLDA
276|VI BETTIN
277|JONELL KENNERLY
278|ALBERT CZERNO
279|INGRID BLECK
280|PAM DUGUETTE
281|JANINE DAPAS
282|MARICA PRESSER
283|MADELYN DUTHIE
284|OCTAVIA SAUL
285|MIRELLA SUTER
286|FLORENCIA KRULISH
287|JENA NESVIG
288|VINITA SPODEN
289|CHERELLE GIANOTTI
290|SHONDRA BLOUNT
291|NENITA MALOUFF
292|DORI DEMATTOS
293|LATONYA RABAGO
294|VERNELL NAZZARO
295|TENNILLE SCHLOEMER
296|JOHNNIE BOORAS
297|HOPE BOUSUM
298|KARYN MARMION
299|LIZABETH MCKOWEN
300|BAMBI SILCOX
301|KILEY THIM
302|TERICA LACASSAGNE
303|HILDEGARDE PUCKER
304|SUZAN MOLCHAN
305|MARLENA SUMMITT
306|AKIKO THOMASSON
307|CHRISTA DUMAG
308|MINDI MANDERSCHEID
309|CATHLEEN MINERS
310|SHAVON WAINKRANTZ
311|MIRIAM NASSR
312|ANTONINA SELZER
313|CRISTI LEPPKE
314|KATHYRN BRANCACCIO
315|ROBBIE CALLADO
316|AUSTIN MCGAVISK
317|MANA MCELWINE
318|ANTHONY DUGUE
319|ROBBI ROUS
320|EVIA EWERS
321|PEI SEU
322|BERTA SURLES
323|CHUN POBANZ
324|ARMIDA LEGALLEY
325|GABRIELLA METTILLE
326|FELISHA FLEGAL
327|SUELLEN TIVAR
328|HENRY AHIA
329|PAMELLA MOHR
330|YOULANDA ENGLETT
331|SHIZUE GIARRANO
332|IDALIA MITCHAN
333|DANYELL MACORENO
334|EUGENA BARRINEAU
335|FRANCIE WILLCOXON
336|HILDRED STOYER
337|DANIELLA VORACEK
338|JANELLA BAYETE
339|PAGE SETLIFF
340|DEBBRA MANGIS
341|HANNAH WINDAM
342|MIA ORES
343|REYNALDA FRONCEK
344|JACQUALINE LAMOUNTAIN
345|EBONIE ERBES
346|RUBY WANDRIE
347|CRUZ SANDRI
348|FLOSSIE IRWIN
349|EDIE FULTS
350|CODY BROMLEY
351|CARYLON OVERLOCK
352|LAVETTE HYLDAHL
353|SHERRI MOLIN
354|LILLY WESLOH
355|ARDELL DUTSON
356|MEAGHAN PETRICONE
357|LUVENIA REZNIK
358|GIOVANNA WINCE
359|MICHELL THORNE
360|IESHA CHAREUNRATH
361|MY WETHJE
362|MAIDA THORAN
363|JOIE WAROWAY
364|BUNNY NAZAIRE
365|LEAN MOWDY
366|LI KHOUNBORINE
367|SUNG FREELS
368|ELVA ZANDERIGO
369|SHAWANA DEMERITT
370|ADELINE SAVOCA
371|JULIETTA HONNOLD
372|BETTIE LARIOSA
373|CAROL HICKINBOTHAM
374|CARMON RUTIGLIANO
375|BABETTE LAMY
376|MARIANA CABRAL
377|SHARIE LELIS
378|MORIAH WICKERSHEIM
379|DARNELL TRASHER
380|SOPHIA MIKOLAJCZYK
381|CLARISA SIRLES
382|OPHELIA FAIRROW
383|MICHEAL BREEDON
384|DONNA PORTEE
385|CHANTE JO
386|SHAUNNA HOWLES
387|RONALD MINKINS
388|MARJORIE FILIPOVICH
389|KYLA HORNIAK
390|NGAN TOTOTZINTLE
391|MIKE SPRAGGINS
392|ANJA SHAZIER
393|SHERRIL SCHWIER
394|WANITA MOUNGER
395|FELECIA HABERER
396|RUBI CARPIO
397|RENEE CALLENDER
398|LUCINA OZMINKOWSKI
399|MELINA SCHAARSCHMIDT
400|BARI GOODWIN
401|ANNALEE BRIGGMAN
402|ELLYN RUCKLE
403|CAMI SERPE
404|ELIZABET SNOCK
405|MI CERRI
406|CARMELINA ALBERTINI
407|TAJUANA KUBA
408|LEIGHA BYCZEK
409|ROSANNE PRADIER
410|LURA VANLEEUWEN
411|ORETHA SPEEGLE
412|THALIA LATHE
413|DONA YOCUM
414|MOZELLA VANOUS
415|HAE RIESGRAF
416|DALILA SOLLER
417|SANDI BURRILL
418|JESSI GUSZAK
419|SHELLA JADLOWIEC
420|MY FALGOUST
421|ARIANA FLORIO
422|ALAINA STURROCK
423|LOVELLA MEHR
424|MEREDITH BOUCOUVALAS
425|KENISHA VUYOVICH
426|KISHA RAYAS
427|TRUDIE EVERROAD
428|HETTIE MURILLA
429|ANTONETTA CONNORS
430|LAKESHA SCHARPMAN
431|HYON LANGLANDS
432|DELENA NATALELLO
433|YURIKO EBBERT
434|SCARLET RUTANA
435|FAE PERMENTER
436|CHANELLE RING
437|LYNNETTE KORN
438|TAMELA AZZARO
439|LAQUITA VALLIAN
440|JAE OGRAM
441|KELSI DEMARA
442|XIOMARA MONSIVAIS
443|CLEMENCIA MUWWAKKIL
444|KRISHNA VALAITIS
445|BERNA GERSTEN
446|DIXIE RUDI
447|JOANNE MUPHY
448|DONITA DELILLI
449|CALISTA CISEWSKI
450|JULIAN MIERAS
451|KRISTINE CARDELL
452|JACINDA SWINDOLL
453|ARCELIA LEBLANC
454|LUPE MICHAL
455|RANDY DEJARDEN
456|ALISIA SINQUEFIELD
457|NENITA GOBER
458|SHANDRA BRUNSCHEEN
459|ROSELEE FRUSH
460|MALISSA VELETA
461|ALISIA MARTA
462|DIXIE DENBOER
463|GALE BUSSMAN
464|JULIANE FODOR
465|MARRY SHIDLER
466|DONELLA MOYLER
467|SHARIE KAPICHOK
468|NIESHA GRACIE
469|ARIANNA GERTKEN
470|GLADYS CARROCA
471|SHALA GORNIE
472|LILY FRANZEL
473|CARLOS OSHINSKY
474|ELNORA BROWNWOOD
475|SONYA TRILLER
476|ARIANA RIESNER
477|MAYOLA WITFIELD
478|ESTA COLAIACOVO
479|SENAIDA MOREFIELD
480|JANETTE HAUGHNEY
481|BABETTE BETZNER
482|SHANTAY PORTEE
483|MERILYN SZCZYGIEL
484|HOLLIS WINNINGHAM
485|JOEANN NETTLE
486|MARISSA WILLIANS
487|TIFFANI CAP
488|COLLENE FRANZEN
489|SHANTI KAWAMURA
490|DANYELL CAROTA
491|LING WESSON
492|GINETTE KNUTESON
493|NUMBERS YANT
494|JOSE MUNCEY
495|MARTINE GAUB
496|SVETLANA HOLMES
497|CELESTINA AMDAHL
498|GREGORIA MAYE
499|MAYA AMANCIO
500|OCTAVIA PHAYMANY
501|AWILDA DOOLEN
502|CORDELIA MANSHIP
503|PENNEY STARZYK
504|JEANICE BREITMEYER
505|JANAE STAS
506|DEBBI STRODE
507|DEVONA OLER
508|MADALYN HECTOR
509|FLORENTINA NARR
510|KARLENE CAPITANI
511|ARIELLE EISENHART
512|SUNNI EILTS
513|CARLOS BONNEVILLE
514|WILMA WARRICK
515|LUPE RAGO
516|MITSUE SHADWELL
517|DAWNE MADILL
518|SHONDA KEREKES
519|MALIKA BURCHETT
520|MUOI GAYTAN
521|THALIA SKOLNIK
522|ALISA PUENTES
523|SCARLET DEBUTIACO
524|ALEXANDRIA DELPH
525|LAWANA KOHATSU
526|JENIFER ABRAMOFF
527|MICHELINA SHEPARDSON
528|REGINE MYRLIE
529|SU RUTHERFORD
530|KAM ARNSWORTH
531|ELOUISE CHALEUN
532|EULA HOWLINGWOLF
533|EMMALINE HELMKAMP
534|INES SWEIGARD
535|RHIANNON TUDOR
536|MARLEEN KASUBA
537|CHANA KUCHEL
538|ROSEMARY AREVALO
539|KYRA DENNEN
540|HILLARY MELEY
541|DINORAH WADDILL
542|CAMMY ROBAK
543|LANI SPRYGADA
544|NICKI CERRONI
545|KAYCEE ARQUELLES
546|ARTIE PRESSON
547|MICHEAL MAROTTE
548|TRISHA HOLLINGHEAD
549|SUNDAY NEIGH
550|PATTY HERRIMAN
551|LU CORSORO
552|NELDA GERICH
553|MARANDA VOGES
554|KITTIE HOCHSCHILD
555|MARRY COTA
556|LYNELLE MINEO
557|ELENOR CHAPOTON
558|VASILIKI OLLAR
559|ALMEDA KETTEL
560|LANE SIMMERING
561|LAURETTA AANDERUD
562|LUANA KOTERAS
563|SHERILYN REYEZ
564|MARGARITE GILLIANS
565|JULIO BEEKER
566|FREDERICA FLENS
567|MARYBETH COCH
568|MELVA TURICK
569|ISADORA BOISVERT
570|NEREIDA SUPRENANT
571|SHELLEY HEQUEMBOURG
572|REDA BOUR
573|ROMANA WITTELS
574|MAI PAULIC
575|DIA CITRONI
576|KATELYN KEPLINGER
577|EMELINE MIYAGISHIMA
578|AUDRA STUEVE
579|GEORGIANA SZALAY
580|DONETTA WAMBACH
581|DEVON GAITER
582|ETHELENE PENDRAK
583|VERNIA VONGAL
584|ADELE SCAIA
585|ELEONORA SWARTWOUT
586|RENITA BARLOCK
587|FARRAH EVORA
588|LITA THRAEN
589|MAGAN GLAY
590|TERISA HIERONYMUS
591|BUFFY CITO
592|NISHA GARVIE
593|GEARLDINE CHENAILLE
594|CHANTE BRINGANTINO
595|LAVERA ORICK
596|CHRISTEN LUBBERT
597|KUM LANDREVILLE
598|ELFRIEDE SCHAFFERT
599|LAVENIA REEGER
600|DOVIE MCPHERREN
601|ELIZABETH HOUSEAL
602|IRISH BELKA
603|SHONA SACKS
604|TARYN DALL
605|RAISA CREECH
606|BREANN FULLAM
607|ELIZABETH SIMENS
608|HENRY TEFERA
609|DIAMOND RINER
610|ALIX LEGLER
611|SUZIE LOTA
612|OLIVE KRASINSKI
613|KRYSTIN AROYO
614|BILLY IDEUE
615|OLIVE DOROSKY
616|CHANEL KANTOR
617|FRANCESCA HIRSCH
618|BRITT SICHEL
619|ALISA WOLFENSPERGER
620|ELENE PHUMA
621|MARGHERITA TELSCHOW
622|CANDY REINMANN
623|BRIGITTE SCHIMLER
624|NILSA SMITHBERGER
625|ADENA NYGAARD
626|JESTINE MANDICH
627|EDNA RODDY
628|ELISHA STINEBUCK
629|GEORGINE ERSCHEN
630|VIOLETTE KOPALD
631|TERRA BATHRICK
632|MARYLOUISE FAZZONE
633|EUSTOLIA PANGILINAN
634|HELGA REYNA
635|TANYA WOODBURN
636|DEDE DINNENDAHL
637|SHAUNTA GALBRAITH
638|COLLEN BETTENCOURT
639|OLIMPIA RAMSAY
640|KAREEN FIEDOR
641|LILY SECRETO
642|CORDIA JASMIN
643|FERNANDE DEGEORGE
644|PEARL MCBURNIE
645|MELVIN PEHLER
646|BRITTNEY GORLICH
647|TANESHA HOOGENDOORN
648|TANESHA ZEMLICKA
649|GRISELDA KLAAMEYER
650|FILOMENA SURRELL
651|LORIA LUSE
652|MAUDE SARVAS
653|GRISELDA CADDICK
654|LUNA CLOTHEY
655|SHONTA KONYN
656|GERTRUD KEESER
657|BIRDIE KUBAL
658|FAITH HERNADEZ
659|STEFFANIE BROUWER
660|NAKISHA BALKCOM
661|LYNETTA MORDUE
662|BIRDIE POPPE
663|KATHERIN ZILLS
664|TALIA GUCKER
665|CATHARINE HIGUEROS
666|BONITA HOLMQUIST
667|VENETTA DROZ
668|KIMIKO RIEDER
669|MERISSA ABEN
670|SUSANA SATOMBA
671|GIDGET LISSARD
672|TALITHA NILSEN
673|STACI GOBLIRSCH
674|PENELOPE BELFANTI
675|SUANNE STEFKA
676|ANA IBURG
677|DANITA MULERO
678|KENDAL UTTLEY
679|TOCCARA BICHREST
680|KENA PIERPONT
681|ROBENA LEIDALL
682|ALDA PECINOUSKY
683|WILMA LIGHTFOOT
684|BOBBIE RAWLINGS
685|GERALYN MAE
686|FRIDA MONGOLD
687|CRYSTA VALEK
688|LAKESHIA HAZZARD
689|GEORGIANNA BLAUM
690|BERNARDA ROZYCKI
691|MADELEINE ARLAN
692|TAMMY PALLANES
693|DAPHNE TORTELLI
694|VERGIE BLAKESLEE
695|PATRICA BATCHELDER
696|FELIPA BRICK
697|STEFANY MARINESE
698|DIANA MYTYCH
699|SVETLANA MIER
700|MAXIMA TEWKSBURY
701|KARON YANNAYON
702|DEB GRISE
703|YONG STOCKBURGER
704|ERLINDA HIDY
705|TONJA COUSIN
706|NU MCLAIRD
707|CARMELIA PAPIERNIK
708|BEATRICE ARANA
709|TINISHA LOWEN
710|LORAINE NESLUSAN
711|SHERILYN CORBISIERO
712|ETHEL EKMAN
713|ADELAIDE LABELLE
714|FATIMA COHAGAN
715|LOU DEBNAM
716|JAIME TADE
717|NANCEE SALEMO
718|LUIS SPICHER
719|LETTIE LANDRIE
720|KRYSTEN JAKUBIAK
721|CATHERINE AZOTEA
722|MONA HIPSLEY
723|TRINITY BUFFUM
724|JACQUELINE VECCHIONE
725|GARNETT FURNESS
726|LIBBY PENNELL
727|LATINA DONLAN
728|PRUDENCE CHEMELL
729|DARLEEN HEMPTON
730|DAYSI DELLE
731|EHTEL RASCON
732|SAMELLA PIRILLO
733|AVELINA TRESCA
734|CAYLA WISBEY
735|PATRICK VIKER
736|NADA HOLBERTON
737|DEDRA GRAVELL
738|EBONI CONCILIO
739|LEIGHANN KURUTZ
740|NICKI AGUDELO
741|JULIAN ZIERDT
742|LETTIE SALAZER
743|LONDA AVENI
744|CORINNA DORAZIO
745|SAMMIE MARYLAND
746|TAMICA REIN
747|SALINA CHERNAK
748|CHERELLE COLLOVA
749|KRISTIN RYGIEWICZ
750|KAMILAH INSCOE
751|TUYET MONTANYE
752|JANE MAXFIELD
753|TOMMYE MAGAT
754|VICTORIA ARKO
755|MOON SHIPPEY
756|OZELLA SIMENS
757|SHARICE DEFIDE
758|JESTINE MINNIER
759|ALEIDA TIMPE
760|KAMILAH KORTEMEIER
761|SILVA EGGINS
762|FELICIA PHAN
763|HSIU CAVALLI
764|VIRGINIA CHERNAY
765|KINA BRUIN
766|DORIAN VANLENT
767|KELLEY LOESCHER
768|JAZMINE PANAH
769|DEETTA EAKS
770|DARIA SOFTICH
771|SATURNINA REMILLARD
772|LORRETTA KUOKKANEN
773|DARLENE DEMATEO
774|KIZZY VOLLENWEIDER
775|ELOIS COHILL
776|LEEANNE HISEL
777|SHARIE WOODFIELD
778|JENELLE REILL
779|LANELL DUNSWORTH
780|DONYA SOBOTTA
781|BERYL WHISMAN
782|JANE FIRST
783|ARDELL IRIZARY
784|BRIGITTE VOCI
785|IVY ALVIRA
786|JACQULYN BROADWATER
787|BRANDA CAPRICCIOSO
788|PEG MACLAUCHLAN
789|LEATRICE GOODSTEIN
790|LASHANDA COAKLEY
791|LATASHIA DIEMOZ
792|HOA BARKLOW
793|TAM PORTARO
794|JEANINE KLANN
795|CALLIE GUIGGEY
796|LORETTE GOETTEL
797|ROBENA KAUNE
798|MARLEN SPERL
799|ZOLA KATOH
800|SOON BAGAOISAN
801|CRISTA ROBLODOWSKI
802|IVANA READE
803|GLENN SLUSARSKI
804|TORIE MCGUFFIE
805|GALA HULLETT
806|FLOR ZUPFER
807|GERMAINE MASLEY
808|TRACEY TORTOLANO
809|GABRIEL COBERLY
810|RACHELLE KIEVIT
811|EMMA KORST
812|KATHERINE DREW
813|TRINH FREISNER
814|FRANCIE GATHERS
815|ALIX BRUNS
816|DOMONIQUE GASSETT
817|JUNKO BARDO
818|JERRIE LIE
819|LARITA HAPP
820|CARRIE OBERFELL
821|CODY HELMKE
822|ALETHA MEDDOCK
823|DAWN KENNEMORE
824|VERDIE BRINE
825|KAREY KRETCHMAR
826|CANDY TRAUSCHT
827|GAYNELLE PENWELL
828|GWENDA WIETBROCK
829|HISAKO GONZALE
830|JOSLYN KOZLOSKI
831|JANEEN HEBER
832|NATASHIA REINWALD
833|LATICIA SHAMBLIN
834|LINDSEY FIECK
835|ARACELY LORE
836|ALICIA GURVINE
837|LUPITA EICHINGER
838|ROSELINE MARANDOLA
839|SILVANA NEWYEAR
840|EURA HERAS
841|DEANNE REVELL
842|MYRL KUBLER
843|HERMINIA MAJERCIN
844|ALYCIA HUA
845|BEATA BOTTOLENE
846|GUDRUN CARBONELL
847|MICHELL BONINE
848|AWILDA PREZZIA
849|SABRA KRONBERG
850|PATRICE BENTELE
851|KELLEE MAGNUS
852|CLEMENCIA MCGRATH
853|CLYDE GUTTERREZ
854|IN SCHWINDT
855|JERLENE TAPPE
856|ALEXIA WIESNER
857|BOBBYE DINARDI
858|MAUREEN CONSOLVER
859|MAN LUDVIGSEN
860|GERALD MCCRANE
861|VICENTA CORBI
862|ARMANDA TOPOLOSKY
863|VALERI MONTEJANO
864|BREANNE EPPING
865|ANGLE MIYAMURA
866|ALYSSA CARRARA
867|DANIELL PLAYL
868|LEANNA NICODEMUS
869|EUN STAGEMAN
870|CORINNA MAISON
871|ERMA LUNDIE
872|MY DIRICO
873|VERNA GRAETER
874|MARLYN WILLINSKY
875|SEEMA MOULDER
876|LITA PANTALEON
877|ANGLE FLORIAN
878|KRISTA LORIMER
879|ATHENA CROPLEY
880|CLARITA SITTMAN
881|JENNA MOROCK
882|FANNIE DOK
883|SILVANA SANDT
884|PAULINE COLGAN
885|JONG HOGSTON
886|MARILOU BOTTS
887|CORINE GUERINOT
888|ALLA COUVILLION
889|EMELIA DUPLAGA
890|JEWELL CASACCHIA
891|TABITHA POLLOM
892|RENAY CRONENBERG
893|ELOIS CUARTAS
894|FRIEDA DRIERE
895|ZULEMA COFFINBERGER
896|REGINIA PULLOM
897|CARLIE LEFFELMAN
898|AMADA SAXBY
899|MARA SATTAZAHN
900|CHARISSA NUCKOLLS
901|BILLI ROVELTO
902|BELLE LOEFFLER
903|AYAKO QARE
904|LISETTE STECKMAN
905|SHIZUE KLEINHANS
906|THERESSA CLOTHEY
907|GINA YORKEY
908|MIKA WAYMON
909|ELIANA WIDDOES
910|SIU POLLITT
911|EDDA ROERS
912|DOMITILA DEMUS
913|LINSEY HAYLES
914|JULIENNE LARRIEU
915|PENNI LANEY
916|CONTESSA PURTILL
917|HSIU HEITZMAN
918|PERRY SERRO
919|ERIN BRENDLINGER
920|ANTOINETTE POSSEHL
921|DANIELE TROOST
922|DENAE MILLERS
923|SUNG HILLESLAND
924|VERDA GREVE
925|VICENTA BOOKAMER
926|IDELLA HAIGLER
927|JACQULYN MERKEL
928|CARLOTA OLVERA
929|ALETHA SHOEMAKE
930|ARIANNE CHEMIN
931|DOREEN LUCICH
932|REGENA BURDEN
933|TANEKA SERA
934|FRANCENE ISACS
935|MARGRET SPYIES
936|REIKO MACHAIN
937|CLORINDA HUBKA
938|JACLYN RUMMAGE
939|JIMMIE NORDLING
940|JACALYN CANTARANO
941|MILISSA TELLINGHUISEN
942|JENE GONZALIZ
943|ALYSA GIRARDI
944|SUANNE TROIANO
945|ANNMARIE GRAJEK
946|KATE SANTAANA
947|CATHIE DRIEVER
948|DAWNA LANDWEHR
949|GEORGANN DEMMER
950|LILLIAM CHAVEN
951|MILDRED LORIN
952|DIONE THEAKER
953|KATELYN TRIMNELL
954|MARJORIE DERK
955|CORRINE TUPA
956|CONCHA HARDESTER
957|FANNY SWETS
958|SHEA HAZZARD
959|EARLIE SCHIESHER
960|ALINE BUDD
961|NOELLE SARRETT
962|TOYA JOHNGRASS
963|CRYSTLE FINCEL
964|BEV RASANEN
965|SHIZUE RADOS
966|GRICELDA STRANFORD
967|PAMALA HSIA
968|ARVILLA LEIDIG
969|FAITH BANASIAK
970|MAYOLA HOHLT
971|CAITLIN SCHEFERS
972|LADAWN HEWARD
973|STAR LOTTIE
974|ALEXIA HEITKAMP
975|DELMY NAES
976|KIA SIMCOX
977|GENEVIVE JUNIUS
978|MERRIE SERVE
979|KYLEE ALTES
980|ALIX ACHORN
981|WENDY BALCOMB
982|AUDRA STRASBURG
983|ASHANTI LOTERBAUER
984|WANETA SIBEL
985|ANGELLA DANGEL
986|GEORGINA DUBROCK
987|AURA NEWKIRK
988|MALVINA WOLLENBURG
989|FERNE SHANKMAN
990|TRACY FERNHOLZ
991|GEMA HERNANDE
992|SHERILYN LULAS
993|MISTY BYNOE
994|GENESIS BUCKHAM
995|KATLYN EISEMAN
996|JA HOWITT
997|JAIMEE FUCHSER
998|DORLA JAENICKE
999|KEITHA KILLEAGLE
1000|KEESHA WAGAR
1001|VALARIE RIEBER
1002|CARRY POKORNEY
1003|KA BLEIMEHL
1004|KAITLIN PAQUET
1005|KATE DUSENBERRY
1006|TIFFINY CABE
1007|LING CHARLETON
1008|NORMA SINCLAIRE
1009|SOFIA EISNAUGLE
1010|SERENA MEDVEC
1011|CARMEL DENCH
1012|ASHELY PERILLO
1013|KHALILAH MENIFEE
1014|JI SONZA
1015|GERTRUDIS NITSCHKE
1016|ORALEE MAYTON
1017|HEIDY SLIZ
1018|VERDELL HUSCHLE
1019|CHERRIE ATTINGER
1020|RAELENE LITZAU
1021|HOPE KRAG
1022|ROSIA KACYNSKI
1023|CHANEL EISER
1024|MACKENZIE SALEMO
1025|CARLYN NEUFVILLE
1026|JOE TERRETT
1027|VINNIE CONNERLY
1028|DEDE DOWIS
1029|MAE LOREAUX
1030|NELL HEDGES
1031|AMANDA SKAGGS
1032|TAMEKA PORTER
1033|FE KAHOLA
1034|ALIZA FREER
1035|FUMIKO KARSTETTER
1036|WILLETTE TUMAN
1037|CARMELIA PILLER
1038|CRISTI ISKRA
1039|CRYSTA AHONEN
1040|ANISA CLENNEY
1041|JERILYN DOAK
1042|JANINE GLINKERMAN
1043|MARGENE POPP
1044|CIARA SCOLLAN
1045|ERYN VECELLIO
1046|LISABETH SOUCEK
1047|PAMELLA ONEY
1048|JANUARY ATIENZA
1049|CHARMAIN ROSSEAN
1050|CARYL MILBRATH
1051|DELORES SCALES
1052|ROSALINA BREDY
1053|ROSEANNE NATALIE
1054|VIRGINA BANNERMAN
1055|HYON FRANTZ
1056|STEFFANIE SEBASTIAN
1057|KRISTIE DUNAY
1058|DEBORAH KOHLES
1059|KENIA POMPONI
1060|LONDA HOQUE
1061|LAVONE BIGAUD
1062|JUNG CLICHE
1063|MONET SAUL
1064|SANDA STURDNANT
1065|SHAVON BRIGHTON
1066|ROSELYN GADWAH
1067|BERYL DIVENERE
1068|ENOLA SHRAMEK
1069|MOIRA GARNACHE
1070|ALIZA YINGLING
1071|JULE HURLESS
1072|REBA DEWIT
1073|EMILY KERBER
1074|SIRENA LAMIELLE
1075|DARNELL HANIS
1076|MYRTIS PUMPHERY
1077|CHRISTIANE PANSINI
1078|TANYA CROCKET
1079|CATARINA TURBIDE
1080|MABEL CRADER
1081|JENNIE ALESSIO
1082|LASHON RIVA
1083|MEGAN LOEZA
1084|BIBI WICKSON
1085|CONCEPCION TRAINO
1086|ROSAMOND LEGGETT
1087|CHAN ZLOTNIK
1088|DIVINA DETERLINE
1089|DEEDRA RAMONEZ
1090|HONEY HOSTON
1091|MARQUETTA FRANCOISE
1092|BONG MOREIRA
1093|YEN MINOCK
1094|GARNET COWENS
1095|GEORGIANN KLAREN
1096|MACHELLE BULEY
1097|ROSY SILVERSMITH
1098|REBEKAH BEAUMIER
1099|PORSHA MARRELLO
1100|RICHELLE POLDRACK
1101|LUPITA ZAMBORSKY
1102|FRIDA SCHANER
1103|KATTIE LEVINSKY
1104|LENA KALLIO
1105|FRANCIE PINKERMAN
1106|LEONILA CRAGLE
1107|CHERRYL VALEK
1108|GARNET BOEHMAN
1109|VELIA DEGRAND
1110|KATHYRN BLANKINSHIP
1111|ROBBIE KNAZS
1112|SUZANNE EILBERT
1113|JEANIE GALLI
1114|STASIA OSTERHOUSE
1115|EUNICE PORT
1116|JUTTA BESHAW
1117|ALAINE DEFOE
1118|DANYELL DUNKEN
1119|JEANNINE MAIKOKSOONG
1120|DARLENA ALLEMOND
1121|ANASTACIA HETTRICK
1122|JEANINE DENNIE
1123|OTELIA QUOSS
1124|DORINDA DETERS
1125|JESSE DUGRE
1126|SOO MEGEATH
1127|NEDA RYDOLPH
1128|MIREYA JOHAL
1129|MERRILL BASALDUA
1130|KA ARTURO
1131|GILLIAN ENGH
1132|LULU BEDNARCZYK
1133|SYREETA BOUTON
1134|DOMINICA LACOSTA
1135|ANALISA LOVINGGOOD
1136|LEONILA GODEK
1137|WENDY KOROL
1138|ANIKA BENNAFIELD
1139|NEREIDA BULEY
1140|CARLEEN QUINZI
1141|YUKO GOTTHARDT
1142|TYNISHA KHAMO
1143|LURLINE THAM
1144|MARK MCMONIGLE
1145|DUSTY DEMELLO
1146|ALEJANDRA PENASA
1147|BONNY DISALVATORE
1148|JESSIE ABBINGTON
1149|EARLEEN GRANAI
1150|NATISHA CROMACK
1151|TEENA MAHAFFY
1152|ANDERA STUEKERJUERGE
1153|CARI CAM
1154|HETTIE MAID
1155|AMIE QUAMME
1156|GOLDIE ANDZULIS
1157|PATRIA BAZAN
1158|SAMATHA ADAMI
1159|LI JERAULD
1160|HEE QUIEL
1161|MELVIN GRODER
1162|CRISTIE VICTORIA
1163|CARMAN EISENSTADT
1164|LYNDA DADDABBO
1165|LOUVENIA SPIRK
1166|LYLA LANNIER
1167|MELVINA FARINO
1168|SHARLA HALLAWAY
1169|FRANCINA ALSTROM
1170|ROSALIND WISNOSKY
1171|MAGALY TIPPIE
1172|MARLEN STREIFF
1173|CORAL CALLEO
1174|HANA PASHEL
1175|NICKOLE SCRIVEN
1176|CARISA SCHRINER
1177|TANDRA SURA
1178|LORINDA SUNDELL
1179|MOLLY KALKBRENNER
1180|VELDA RYDELL
1181|TRESSA RAMBEAU
1182|LARHONDA ORDNER
1183|TERI SHAKOOR
1184|SANDI REGINAL
1185|NANA MARRUJO
1186|ARTHUR TRUDELL
1187|TASHIA MILLA
1188|SUSANNAH DYKE
1189|KYLA KUHLENSCHMIDT
1190|DELORSE KENDAL
1191|ERNESTINE HANIFAN
1192|MERRY DURKEE
1193|SHAYNE SCHUNER
1194|ALBERTHA GAYO
1195|RHODA HARDYMAN
1196|CECILA GARANT
1197|LANITA BEEM
1198|TISHA CAMPANY
1199|JINNY DELPIT
1200|SHARA PRUCHA
1201|TEMIKA ANDREGG
1202|JERICA NOVEMBRE
1203|JEANA LINTZ
1204|MIRTHA CONCHAS
1205|VERNA TEAR
1206|JOSLYN BOELTER
1207|LOLA WITTSTRUCK
1208|DELILAH ECHAURE
1209|JESSI WIELOCH
1210|TEMIKA KRUPKE
1211|DORI KRISHNA
1212|LEEANN TAITAGUE
1213|ANNIS BYRAN
1214|ELDORA DESHLER
1215|SHARMAINE DEPONT
1216|ALYCE SMEDES
1217|SHAUNTA DIAMICO
1218|IRMGARD MORNING
1219|ADELE VIVANCO
1220|ONITA BRZOZOWSKI
1221|MARLINE KEAST
1222|STARR CORRGA
1223|CATRINA GRAZIOPLENE
1224|TOMMYE MALLAS
1225|MAJORIE HARRAL
1226|RUBIE PLOETZ
1227|GEORGETTE BOBZIEN
1228|HANNELORE LELE
1229|CLAUDINE APONTE
1230|FELICITAS BARCIA
1231|JAMEE CHUONG
1232|ANNETTE SIMISON
1233|LAWANA CAMMARANO
1234|AN SCHONERT
1235|ROSELINE CUPSTID
1236|LURLENE KELA
1237|AGNES STRITTMATTER
1238|SHANTEL RADLE
1239|CAMMY IGNACIO
1240|GINGER IRION
1241|JACQUETTA ADOLFO
1242|FLORIA LAMM
1243|GERRI WICKSON
1244|JOLINE CRAPPS
1245|SHENA VALDERAS
1246|BETSEY DELAP
1247|TATYANA BABROW
1248|PAULA WARM
1249|PILAR WACKERBARTH
1250|EILEEN STARNES
1251|VIOLETTE KEPKE
1252|NEOMA PROMISE
1253|BERTA DENOS
1254|JOHNSIE NELLIS
1255|KALLIE DEROKO
1256|ADELAIDA PANONE
1257|EMA EWAN
1258|LONDA OLLHOFF
1259|JENE DORL
1260|JOETTA BILDERBACK
1261|LAHOMA HORACE
1262|BABARA STOVE
1263|MARGRETT HONSBERGER
1264|RENEE VIVERETTE
1265|FELICA ZUMWALT
1266|CARLENE GREMLER
1267|FLORENCE MCBRADY
1268|THRESA PILKENTON
1269|FLORINDA FLAMENCO
1270|ZORAIDA SCHINK
1271|CARY MURRIE
1272|DELILAH MATHWICH
1273|LECIA REAL
1274|ELWANDA WILBY
1275|JERRICA PIZZUTO
1276|ALANE DWELLEY
1277|ELNA BUSSER
1278|WILLIAM OETTING
1279|FRANCES URAM
1280|VONNIE MELLENTHIN
1281|MARTI CARRAZCO
1282|MERCY PANCHO
1283|ALETA MOLDAN
1284|LEONIE SIBOUNMA
1285|ALETHA THORNTON
1286|KYRA GREFF
1287|JACQUILINE SENSKE
1288|LAWANA FREIDMAN
1289|AUNDREA GRZYBOWSKI
1290|CORDELIA GIANNETTO
1291|JULEE WILHAM
1292|LESTER AGUAYO
1293|CLEOPATRA HONAHNI
1294|TERESSA KUSIAK
1295|EMMIE HASAS
1296|OPAL HAINDS
1297|ADINA OMAHONY
1298|MITTIE GALIC
1299|ENA SPAULDING
1300|EVAN RUMMANS
1301|PHYLLIS FENDER
1302|DORCAS GALICINAO
1303|NARCISA SELGRADE
1304|TRESSA STREIB
1305|CELESTINE STROWD
1306|JACK NOBREGAS
1307|REANNA BASKIND
1308|TEGAN MAZIQUE
1309|KEIRA NIKKEL
1310|MELBA BARDES
1311|FRANCINE COGDELL
1312|MEG DOLLER
1313|TRULA WERMA
1314|EVON SYLVIA
1315|BRANDE TARBOX
1316|LATOYIA POGORELC
1317|MANUELA DICKMAN
1318|LOUANNE DOBBE
1319|VINITA BUETTI
1320|MARYLOU MCQUIRE
1321|VERDIE KRUIS
1322|FRANCISCA MULANAX
1323|LARONDA RENSHAW
1324|HELEN ARMANTROUT
1325|SHALONDA CRIMMINS
1326|BRIANA RUSSON
1327|TIANA MCQUAGE
1328|CHRISTIE BELLANTONE
1329|VANESA VELO
1330|CAROLINE CIESCO
1331|CLEMMIE IACOBELLIS
1332|ANISSA RESIDES
1333|PING HAINSEY
1334|DEANDRA BRANDORFF
1335|DELCIE PHOMMATHETH
1336|PATSY DIETZE
1337|LEZLIE WEIGHT
1338|SILVIA HOHMANN
1339|ALVA LAMBRECHT
1340|DOLORES VONDIELINGEN
1341|BRIGITTE WENSEL
1342|TOMMIE BETTNER
1343|MELODI SMUIN
1344|CRISTA CAMINO
1345|KIMI CARASQUILLO
1346|CHAE GSCHWIND
1347|GEMMA BRASHIER
1348|SHARRON ROTHCHILD
1349|SASHA PROKES
1350|SHAWN SILVIS
1351|CODY KIMBLER
1352|PHYLICIA TITO
1353|MAYBELLE CORRINGTON
1354|PENNEY DYLL
1355|MAXIMA SCHEPPE
1356|RAY SIPPEL
1357|JERLENE DECENT
1358|RAYMOND TENTION
1359|CONCEPTION HELBERT
1360|DANIELLA MCGLUMPHY
1361|TERESIA CODAY
1362|JENEVA KAHRE
1363|BEVERLEE VEAZEY
1364|NICOLLE RUEHLING
1365|MARIELLE DEKANY
1366|FLORIA RODENBECK
1367|EARLIE KALLMEYER
1368|LARRY OPITZ
1369|PINKIE FINEFROCK
1370|CHRISTINIA TRINE
1371|NORA EASTEP
1372|SINDY BEUCHLER
1373|MARGUERITA BRAGER
1374|ULRIKE NICKESON
1375|MERLENE FORSGREN
1376|JUDY PRESTA
1377|BRUNILDA BOERM
1378|LAURE GUILLOT
1379|GOLDIE INGLES
1380|SEE DEYOUNG
1381|ROSY RUBIE
1382|SUNG FANTOZZI
1383|ETHELYN CARTLIDGE
1384|DORTHEY STEFANATOS
1385|LILI IZARRARAS
1386|KERRIE HOFFEE
1387|ROSIO SUAAVA
1388|ARMINDA VASSALL
1389|ALEXANDRIA ROBICHAU
1390|BRYANNA DOMENGET
1391|LAVENIA KESSLER
1392|ADDIE VILLAVERDE
1393| TOPINKA
1394|SADE COURVILLE
1395|YAEL DECUIR
1396|GAY DIIULIO
1397|BERNICE GURRIERI
1398|NOVELLA PARTER
1399|MARYLN HAYSLIP
1400|VENESSA ISHIZU
1401|TAWNA SPHON
1402|CARY FROBISH
1403|ANASTACIA GLASGOW
1404|ALANNA BOSTELMANN
1405|KATLYN VILLAFRANCA
1406|NANNETTE KLAWITER
1407|FELISHA ASSELMEIER
1408|RAYMOND FERREYRA
1409|BRIANNE MISTRETTA
1410|NOELLA COURTS
1411|ARACELY MASTERA
1412|PHEBE BURGUENO
1413|DARCIE MAYORAL
1414|SPARKLE HEACOX
1415|WAI BOUGHNER
1416|CATHY SPRENKEL
1417|RUTHE WLODARCZYK
1418|ROSITA SUPPLE
1419|GLORY LATHERN
1420|GEORGIANNE WELKER
1421|AUDRIE TEAS
1422|ANGLEA HAZLIP
1423|CRIS FOGLEMAN
1424|MARAGRET ESHELMAN
1425|CRISTY SERFASS
1426|DEVON SARBACHER
1427|GERTRUDIS BOSHEARS
1428|MELBA AGYEMAN
1429|MERYL ASKE
1430|LEON GREYDANUS
1431|MERLE DUNNELL
1432|JENNETTE MEYERS
1433|ALFREDA COSLAN
1434|DANITA COUP
1435|CHRISTAL LOCICERO
1436|CHAU ASHALINTUBBI
1437|ELLYN HOUDE
1438|LOUIE RAIO
1439|GABRIELLA NEWFIELD
1440|THRESA VOISARD
1441|BEV ORSON
1442|CARMEL ZABORSKI
1443|CURTIS ITSON
1444|VERA HOARE
1445|ILSE BURRS
1446|LISETTE CHANEZ
1447|ASHLYN BARAGAN
1448|SELENE SOBENES
1449|ASHTON POURVASE
1450|TWANA STICHT
1451|IMOGENE TUGWELL
1452|ASHLEA DICKUS
1453|LINNEA REGALBUTO
1454|ESTER NEIDERHISER
1455|MICHELE BOSSLEY
1456|DAMARIS DELAUDER
1457|EMOGENE GILLECE
1458|JOLEEN RUAN
1459|SUNNI RUSCHER
1460|CLEMENCIA KRETZ
1461|LAURETTA PARAMORE
1462|LENITA HANDSHAW
1463|NAKESHA NOKLEBY
1464|TAMBRA FARLER
1465|KENYATTA MESKILL
1466|CURTIS SUGANUMA
1467|SANTANA MOZLEY
1468|CHANEL DROCK
1469|LARISA PAET
1470|LYNELL PUJIA
1471|JEWELL FRUCHEY
1472|CORI KEMPTER
1473|ELEASE SACAVAGE
1474|LEONIDA MOULIN
1475|TRISHA STEINACKER
1476|YUONNE BLOOMINGDALE
1477|MARG ULSES
1478|PHYLIS MENZER
1479|SIBYL SHOR
1480|BOBBIE REINIER
1481|VINNIE CHRISTIANSEN
1482|IRMGARD SPAHN
1483|CLARINDA CIANCIOLA
1484|WHITNEY GUEDRY
1485|ROMA ABDULMATEEN
1486|ANDREA LONGFORD
1487|ARMINDA LENZINI
1488|CINDY ROMBERGER
1489|JAMA BABIKIAN
1490|MARYANNA KNEPP
1491|AVERY BRACH
1492|LARISA BERGENER
1493|DEBBI SHERLES
1494|BREANNE GOBBO
1495|HILDA RAIKES
1496|RUBI BARMETTLER
1497|MICHIKO CREACH
1498|NATASHIA ALMASI
1499|ODESSA KOBERNICK
1500|LELAH FEENY
1501|DAHLIA HIRTE
1502|MALVINA KEEHN
1503|ELEANORE DAUGHETEE
1504|NICHELLE BULMAN
1505|MITSUE LOACH
1506|LEATRICE GAYNE
1507|LASHAUN RUSSEK
1508|GISELLE GOODIER
1509|THI DROY
1510|ARDIS DAVANCE
1511|ADELAIDA BAUMERT
1512|ANNABEL SOBENES
1513|EMA GEOGHEGAN
1514|JONNIE YUDELL
1515|KALLIE CHE
1516|MINA DOUB
1517|LYNNETTE LAMBRIGHT
1518|ARA BILLETT
1519|LUELLA KARNER
1520|INOCENCIA BOOSE
1521|YOKO MACOMBER
1522|TIJUANA VALENT
1523|SHARMAINE PARLIN
1524|LONDA CRAMM
1525|ELSIE KOHLMEIER
1526|DENNIS WAKEHAM
1527|CYNDI BESSONE
1528|VEDA BOTTOMLY
1529|LORNA SEMEL
1530|IVELISSE MEEKINS
1531|SAGE CUSHARD
1532|ANGELIKA RODNEY
1533|MARGO OFFLEY
1534|JANETT BUCCELLATO
1535|BABARA DESAUTELS
1536|VICENTA LAFLEUR
1537|RUTHANN GRADEN
1538|CECILY BRITTENHAM
1539|JAY GEMMELL
1540|ANITA BIRDSEY
1541|LESLEE BRUCKEN
1542|CIRA YATER
1543|DAYLE TOZIER
1544|YAHAIRA HANEK
1545|TATYANA LAUTNER
1546|VALENE PECTOL
1547|LONNA OZIER
1548|ROSSANA LICERIO
1549|WONDA DORNAN
1550|DENISE HODAK
1551|DETRA KOPPEL
1552|CRISTY GERTY
1553|JOSPHINE HAGENBROK
1554|TARYN GOUPIL
1555|TOCCARA KREAMER
1556|SHALANDA MIYAHIRA
1557|SULEMA LOEPP
1558|VIRGINA DELUNG
1559|TONISHA WINES
1560|CHANDRA KIJEK
1561|BRANDA CRESSELL
1562|AMERICA MILSAP
1563|BILLY EVINS
1564|CLELIA TAMAYO
1565|LOYCE KUNKLEMAN
1566|ROXANA CASTILLE
1567|XIOMARA HEEBNER
1568|JOHNNIE RHYMES
1569|MARJORY BIERNER
1570|SHARLA WALLINGFORD
1571|TIANNA RUSCH
1572|MAGARET SHAMEL
1573|NAM PASANA
1574|ELIDIA HOEFFLIGER
1575|ENDA COGGIN
1576|KAYLEE BOEBINGER
1577|DORTHY GARRETTSON
1578|LAHOMA WEGE
1579|BARBARA PIKEY
1580|JENETTE KOLODZIK
1581|MARCELINE KUSUMOTO
1582|BETHANN YOUNGMAN
1583|ADRIANE TOHONNIE
1584|FRAN SULLINGER
1585|TERI BLEACHER
1586|GENEVIVE BUTKIEWICZ
1587|FUMIKO HICKERNELL
1588|CARYN YOUELL
1589|JACKELINE PERA
1590|EMILIA SOELLNER
1591|CORINNA WHITMOYER
1592|CAITLIN FRIDDELL
1593|TALIA AMELA
1594|SALLEY MCKAGUE
1595|LAKIA SWARTZEL
1596|KALLIE MESECHER
1597|KIRA SECORE
1598|NICKY CORREL
1599|RICHARD REHNBORG
1600|VIKKI VOOGD
1601|JOVITA SOJA
1602|SHEREE DASINGER
1603|JACQUETTA MALABANAN
1604|EARTHA DARSOW
1605|LAURICE PALLOTTO
1606|MADELENE GARBER
1607|BERYL MASLOWSKY
1608|MARGURITE GOODARD
1609|ANNIKA ENGBLOM
1610|LEAH PECOT
1611|LOVE LANCASTER
1612|BRIANNA STILLWAGON
1613|VAL ALLAMON
1614|GENEVIE BENDING
1615|ELIZBETH COBERLY
1616|HUI CHOLLETT
1617|CAROLYNN ZARING
1618|CASSAUNDRA SPRINGSTON
1619|TAMI TROUSDALE
1620|LISHA NIP
1621|LIZETH DUNNAWAY
1622|XENIA ALVEREZ
1623|ROSALINA LITALIEN
1624|LAURYN CLAYWELL
1625|KANISHA MARCHIONNI
1626|JUNKO GLASBY
1627|GENNA VALDOVINOS
1628|MARLENE HUMMINGBIRD
1629|SHAUNTE HARBOLD
1630|CINDA DRAWDY
1631|WINNIE STECZO
1632|DEANNE KASPROWICZ
1633|SALOME CRAIG
1634|SHONDRA CHIARAVALLE
1635|GRISELDA SCHREADER
1636|LESLEE GOURDINE
1637|SAMUEL BRAR
1638|ROSEANN QUIGGLE
1639|MYRLE KOBOLD
1640|MADIE ZACATE
1641|TOMI PASSON
1642|CARMEL KARJALA
1643|LASHUNDA HELSON
1644|DAYSI VANOVEN
1645|MIRNA TANNEY
1646|MARLINE LOWING
1647|KAITLYN HARABEDIAN
1648|WHITNEY OHASHI
1649|FIDELIA SPAIN
1650|VICENTA MASTROPIETRO
1651|ARIANNA STREVELS
1652|GERRY ARROLLO
1653|CONSUELO PINCKLEY
1654|MERCEDEZ VENZOR
1655|MALIA TOMEK
1656|CASANDRA LUERA
1657|BEATA WOLNER
1658|ARMINDA HOSTETTLER
1659|MONNIE CARCANA
1660|LYNETTA GONCALVES
1661|LILLIAN PEROT
1662|TIESHA LANTER
1663|MODESTA TUONG
1664|WILMA MALETTE
1665|SHENITA LIESMAN
1666|KAREY CHEERS
1667|IRA RYAL
1668|TANDY FERGERSTROM
1669|RINA CATLOW
1670|PAMALA ZADRA
1671|BETTY BELLOTT
1672|SYLVIA LAVATCH
1673|JAQUELYN DABDOUB
1674|CLEO GOFFIGAN
1675|JEANE TOGASHI
1676|EURA CAVENDISH
1677|JANEEN FAHLSING
1678|DENESE RIMI
1679|GENA FEDD
1680|ADELINE PARKHOUSE
1681|MARCI FERONE
1682|ASHLEE MOMENT
1683|KAYLEEN MCCLAIN
1684|CHRISTY BLOOM
1685|LISBETH ROSELLE
1686|HELAINE ZIMM
1687|PAZ PIVEC
1688|LIANE ASCHOFF
1689|IVANA WINCHEL
1690|JANETT COWAN
1691|NELIDA STROEDE
1692|CLETA GOLLOB
1693|JEANETTE NEU
1694|ELICIA HENNEMAN
1695|MAYOLA BONINA
1696|ANGELINE MCLAIN
1697|HUI STRIKER
1698|ELICIA RUNNELS
1699|GEORGIE DEKENIPP
1700|KARLA ABRAMOFF
1701|BETTYANN FRINGUELLO
1702|DONYA DEREZINSKI
1703|DORTHEY DRINKARD
1704|JOI MINASSIAN
1705|RAGUEL TOMLIN
1706|ALBERTINE GLATT
1707|REGENA MISKOVICH
1708|DIANE FLECHSIG
1709|KAREN WISSINGER
1710|FRANCHESCA GLESENER
1711|EASTER BONOW
1712|AKILAH LELE
1713|STEPHENIE FIREBAUGH
1714|JUNIE BESKE
1715|MONIQUE GARRISS
1716|SHAUNNA EDGE
1717|DANN PATRY
1718|KRISSY SER
1719|RENEA PLATTER
1720|IOLA BUBB
1721|GUILLERMINA BALBAS
1722|ALESIA KRUMSIEK
1723|JANN HINRICHSEN
1724|CAITLYN BRILLANT
1725|VERNON SAUTTER
1726|TAMIKO TKACH
1727|ALYCE ESSEN
1728|NETTIE LONGHOFER
1729|KANDIS BRENTNALL
1730|EVE GAUDETT
1731|TAINA BRECKENSTEIN
1732|HALLEY ANIS
1733|SYBIL RYNES
1734|SHERLY STRUEBING
1735|MONET VANDORIEN
1736|CLORA BRACK
1737|ELKE KUMMER
1738|FLORRIE IMBODEN
1739|NICOLLE RISPOLI
1740|ANNIKA WYNDHAM
1741|NICKIE WERTENBERGER
1742|CORALIE GOJMERAC
1743|ELOIS JASTREBSKI
1744|MA STAVROU
1745|MARDELL KALI
1746|CINDI VOLPER
1747|JANEL NIEMANN
1748|DIMPLE GIGLER
1749|PHYLICIA GALLATIN
1750|MEGAN LECHLITER
1751|CARLENE GRUENEWALD
1752|GAYLENE LOWBER
1753|SARAI COURTEAU
1754|JOY KONCZAK
1755|OZIE DETTMERING
1756|JEANNETTA MCCARREN
1757|CHARISSE GUENTHUR
1758|EBONY CLEMENTE
1759|ERYN KNAEBEL
1760|JOHNNY STOUTENBURG
1761|TIERA TIMONE
1762|MICHIKO KROLL
1763|KARISA ROTOLO
1764|KRISTIAN BOTERO
1765|LATORIA STOCKMASTER
1766|BIANCA SKIBISKY
1767|ARIANA BATEL
1768|KINDRA LASSONDE
1769|VINA SCHWEDA
1770|MARGHERITA SCHOUTEN
1771|MAIDA SHOUTS
1772|RAYMOND KARAGIANNES
1773|RONNI DAUGEREAU
1774|HEIDY VONSEGGERN
1775|NOEMI HUHTASAARI
1776|AMY DELANOCHE
1777|LAKESHA BERRONG
1778|TAMMY TESTER
1779|JI GIACCHINO
1780|MARLEN BREZINA
1781|SUSAN SURMINEC
1782|KARIN FRITTER
1783|KAILA RASHDI
1784|CLEMMIE KOOP
1785|LUANNE BETTENDORF
1786|MARYLYN SMARRA
1787|ROSALIND HEIDE
1788|MARX DAMBOISE
1789|PHYLLIS JEANNERET
1790|PATSY KAIL
1791|ELOUISE DORR
1792|LORAINE CAMMARANO
1793|ELENI TILLY
1794|HILDRED GELVIN
1795|JALEESA FURNISH
1796|CAMIE PACKINGHAM
1797|ROBERT RAHOCHE
1798|IRENE GOCKERELL
1799|MAIDA LEIDICH
1800|OLIVE SMEATHERS
1801|KELLY GRIFFARD
1802|TIFFANEY VEITH
1803|SHALANDA LEVREAULT
1804|ARLEAN MARCHALAND
1805|ARDITH FRUUSTO
1806|DOROTHY SULLINGER
1807|CONNIE DOLLY
1808|KARYN INZANA
1809|SHAINA THRELFALL
1810|BEATRICE KATO
1811|ALYSON JULYE
1812|MABELLE CRUSON
1813|DEVORAH PLUNGY
1814|LYDA ANGST
1815|SADE MOLLEMA
