0|CUC SUTTERFIELD
1|BRIAN BIJAN
2|PAOLA LAGARES
3|ALVERTA COMPO
4|CINDA LOUIE
5|FELICA ZUPANCIC
6|DEMETRIUS MCCOON
7|LUCINA BETZIG
8|ROSE MONTGOMERY
9|MAILE ORESKOVICH
10|LEATRICE MUNYER
11|JENNIFFER SHEROAN
12|BELIA VANDERSCHOOT
13|MORA WIECHMAN
14|JOHNNY HENRICH
15|DOLLIE GERTELMAN
16|DIAN RAPP
17|CHEYENNE LARATE
18|LAVERNA SLEETH
19|MAURITA KNOFLICEK
20|MARLYS KIDANE
21|STEPHINE STACEY
22|WILDA HATRIDGE
23|KIM WERNICK
24|JESTINE THORNER
25|LATONYA HORSEMAN
26|VELLA BRADNEY
27|KIMBER HORMAN
28|SHANELL DUNKEN
29|TRUDI GDULA
30|EUGENE GREENLUN
31|ARTIE PERREAULT
32|SHANTELLE LEZON
33|SUZI PIEHL
34|GAIL DINGELL
35|LILIAN GOSA
36|TILLIE KNEESKERN
37|HONG ALLATEEF
38|REBBECCA BORRUSO
39|KIMIKO KASSIS
40|MAGDALENA DANCA
41|AYAKO DELMENDO
42|ALEXIA VERDERBER
43|VERA SEPPA
44|KARIMA KEMPTER
45|CHARIS TANKARD
46|MARGE VERES
47|MAGARET MONTERO
48|JANICE GAUDINO
49|NIKITA CHAMBLISS
50|DARLEEN BETHARD
51|TOMEKA LAREDO
52|ROSETTA REISIN
53|DOLORES HAYBURN
54|TANIA BONINA
55|MA BONINE
56|ALYSHA TYE
57|DONA AYLOCK
58|MEG LEVETT
59|BAO KOZMA
60|LANIE HILLBURG
61|JESSICA HENRIQUES
62|CHAE BRONSTAD
63|MORGAN HANUSEY
64|ADELINE THRUSTON
65|AUDRIE WOODROME
66|ROSSIE SCHLEE
67|JUNE APARICIO
68|LEILA BACKMAN
69|JAYNA ALLGAIER
70|KATELIN BERRIOS
71|ASSUNTA ZIMBELMAN
72|FAITH TIMONERE
73|DORI TSELEE
74|ERNESTINE LUQUE
75|CAROL POLICICCHIO
76|JAQUELYN FREDERICK
77|JEANNETTA PAPRANEC
78|VELLA GREGGS
79|LAURENCE GUZEWICZ
80|JIN BARKALOW
81|KYLIE VEREB
82|ADELAIDE LOEBER
83|AVELINA ESTALA
84|FONDA MOZER
85|KERSTIN DIVELY
86|CHERISE RINGUETTE
87|RAYE MULROONEY
88|CECIL BENINTENDI
89|LENORA BLANCHFIELD
90|MARYBETH SERIO
91|JOHNNA VERES
92|HELENA KISSLING
93|FRANCINE KEMMLER
94|MARYJO DERNIER
95|KRYSTA BERLANDY
96|LONDA PAVELLA
97|MAIRA FREELAND
98|ADRIAN COLTER
99|LISSA LUXMORE
100|JULIANN MCGRAY
101|KEMBERLY WANVIG
102|JANN FAAITA
103|LINNEA DORVEE
104|LORELEI ZAFAR
105|MELINA MENHENNETT
106|NICOL SELLBERG
107|ALLENA RISKIN
108|AVRIL TIBBS
109|VIVAN HEIMLICH
110|CAROL DEMEO
111|JENNETTE GABHART
112|ANGELINA SANOTS
113|CINDERELLA PEREIDA
114|MADALENE WIATREK
115|ISADORA OESTERLE
116|LATRINA LAKNER
117|ROXANNA MOWERS
118|DANNA BELLION
119|DEANA KEADLE
120|LUISA FITZNER
121|MARIBETH LESSEN
122|AMPARO PINCHON
123|TAWNY COMES
124|BLANCH DINKEL
125|NIEVES GATHMAN
126|ELIZEBETH BROSSMANN
127|HARRIETT TAMBE
128|HELAINE HARGRAVE
129|LORINA CAWEIN
130|ELAINA JENNRICH
131|JEANNA LEAHMAN
132|KALI EVERIDGE
133|SHERRIE SAPPAH
134|LAVONNE CHUANG
135|ARCELIA IZUMI
136|NAM SEFCHECK
137|CHRISTI HARMS
138|CHASITY DROESCH
139|MARA RONCHETTI
140|DARCEL HELDE
141|RICARDA GILLIE
142|BLONDELL CANTARA
143|DIONNA WOODMANCY
144|SHAUNA ROUMELIOTIS
145|EMILEE DEGONIA
146|FRANCISCA TEITEL
147|ELDORA JEFFRIS
148|BETTINA GALM
149|SARITA LABONNE
150|RICKIE SEPPELT
151|RUBI STEFKA
152|DREW ABETA
153|TASHIA DENHARTOG
154|ROSELLE LOERWALD
155|BRIGID ALMARAS
156|CORALEE MENN
157|MARYLOUISE HUNYADI
158|CONCHITA VARESCHI
159|NANETTE LOOKADOO
160|MARAGARET MORREAU
161|DESSIE FIELD
162|MARTINE LIFSEY
163|MELLIE ALEKSEY
164|TOMASA BOOK
165|KITTY BENCOMO
166|TU BERARD
167|ALVERTA LIPPHARDT
168|BRANDI KITKA
169|JADWIGA KVILHAUG
170|LORELEI CUYLER
171|RONNA VOSBURG
172|MAPLE TOMA
173|ANGELENA OSTERHOUT
174|AZUCENA NOORDAM
175|SHERRIL MASSERIA
176|DAGMAR LAWLEY
177|BRITTNI DIBBLE
178|TERESIA RAULERSON
179|SHAKIA RICKETT
180|MELODIE MORRELL
181|LARISSA BELFIORE
182|RAQUEL EAMES
183|KRISTEEN CASSANO
184|RAEANN BALCKWELL
185|VERONIKA HARTUNG
186|TOI KAMAI
187|DELPHINE OFFEN
188|WILLIA DECROO
189|CLARINE RIBAS
190|ANGLA ANDERA
191|SHERELL PLITT
192|SAMIRA HUNSLEY
193|NGA KERZMAN
194|VERDIE AUGUSTO
195|EVELIN HILLABUSH
196|MIREYA KROLICK
197|RANDI BUYCK
198|JOSEPHINE PULEO
199|LUDIE CERVENAK
200|JOHANA NEIBERT
201|MENDY LACOSSE
202| BOBROSKY
203|BOBETTE CICALE
204|AGNUS HENKHAUS
205|NATACHA COBAR
206|SALLIE KONTOGIANNIS
207|CECIL HOLK
208|GOLDIE BENSER
209|DEBI MERKLEIN
210|RAE BATLLE
211|EMERALD ENGLEKING
212|MIKE PFOUTZ
213|ANGILA GRIGALIUNAS
214|JINNY GLINKA
215|MERNA SCORSONE
216|SOLEDAD WATKINSON
217|RANDI RAHIM
218|DELFINA ZELLERS
219|DORTHEY LACAZE
220|LAWANNA GITTLER
221|MAY KLINGEN
222|TRESSIE LANO
223|CHANTELL SEIGLE
224|DANIELA GREISER
225|BILLY ROTTINGHAUS
226|RIMA HOLLINGER
227|VIRGIL VANSICKLIN
228|WILHEMINA CHAPLEAN
229|NIESHA DELEVIK
230|EARLEEN SAFE
231|LUIS SCHMIEL
232|SACHA GOLDE
233|JACLYN ENGLERT
234|YAEL GUZMAN
235|SHAMEKA BEVILAQUA
236|CLAUDIE KREITLOW
237|TOMMY DIDONATO
238|BILLI MAYFIELD
239|RENETTA LONGFELLOW
240|SARAN LANGER
241|INGER OVIT
242|INA MUNDORF
243|CREOLA TINDLE
244|MIKKI HEIBERG
245|JODI GROUNDS
246|CHASIDY DELASH
247|ELLA ANHORN
248|LEANA SANJUAN
249|SCOTTIE DECOUX
250|MARI CANGELOSI
251|LYDIA LIDIE
252|DIONE IMDIEKE
253|GUADALUPE MOHAMAD
254|FELICE RABUCK
255|NANA GAWRYS
256|SHAUNTA RUDNICKI
257|NEDRA FULLITON
258|CHERILYN BAYLES
259|BRANDY KOTHE
260|TRULA CHUTE
261|TAMATHA TRAVERSA
262|EUSTOLIA DEGELE
263|KARRI SAYWARD
264|YUNG STALLER
265|ALANE JUSTE
266|LISE KICHLINE
267|SHARILYN BROJAKOWSKI
268|CAROLEE KOLUPKE
269|MARIELA WYCUFF
270|MARCELINE RICCIARDI
271|CHARLA GALLIHUGH
272|NIKITA SALINA
273|MICKIE PLESS
274|ERINN STRISSEL
275|JACINTA ANGELINO
276|SHENITA POLINTAN
277|STELLA MISENHIMER
278|GAYNELL STROFFOLINO
279|ROSENDA KARST
280|MIRTHA VONGUNTEN
281|DELIA SHEARS
282|BEAULAH DERENTHAL
283|DORA RUGGERIO
284|SHANTI MADARANG
285|BERNICE SUDBERRY
286|ZOFIA LOPRESTO
287|ALISA MAHULA
288|TRAVIS LECKIE
289|CAROL DUPRAT
290|HILLARY TIBURCIO
291|JAMIE SHURAK
292|CORDELIA ABSHIRE
293|DANICA ZWIGART
294|MICAH CURA
295|YEVETTE BRANDI
296|ALETHA COUTURE
297|CRISTAL KEELE
298|FAVIOLA POETKER
299|SANDI RASPOTNIK
300|VENETTA GAGER
301|ESTA GRANDEL
302|MELANY GLORIUS
303|SHANTELL LEONARDIS
304|CANDIDA HOSSACK
305|CATHRYN HALLIHAN
306|JUNIE WORDLAW
307|ANDRA FROELICH
308|LEISA NEBORAK
309|LINDSY MUNDERVILLE
310|MAI BRYLA
311|MINERVA TILOTTA
312|NATACHA VERNOY
313|BERNETTA WIRGHT
314|SHANTI TRAFFANSTEDT
315|MARICA GIACHERIO
316|JEANIE DUFFEL
317|TERESE HAAKENSTAD
318|COLENE KUDZMA
319|CHERLY STONECIPHER
320|CATRINA TREBBE
321|TYLER LARIMORE
322|TOSHIA FEARHELLER
323|JACQUELIN KOSTKA
324|ALITA MEGGS
325|CAMILLE ESTELA
326|FELICIA MOTHERSHED
327|LYLA KROCHMAL
328|HUE STANDLEY
329|MADELENE OLQUIN
330|CARMELIA DIMICELI
331|KALI SHEARIN
332|LEON WAYBILL
333|KHALILAH SCARRITT
334|LISBETH GRABSKI
335|LISANDRA MAZEY
336|WILLETTA UVA
337|YVONNE QUIHUIZ
338|SHANNAN EDWARDSON
339|VASILIKI BARREIRO
340|ALETHIA SYDNOR
341|JILLIAN KAMIENSKI
342|ARDITH TASCHNER
343|LENNA MULDOWNEY
344|GEARLDINE ROGOFF
345|RICKIE UHLENKOTT
346|KAYCEE PUNT
347|RAYMOND SPENARD
348|LOUELLA GOUGER
349|MARITA RHORER
350|DELILA CRANEY
351|VERTIE THEDEN
352|TEREASA ASAELI
353|DEANE BOBB
354|EDWINA MELING
355|LAURETTA SPUNT
356|KAILA ORKIN
357|MARLO BERKEY
358|CARMEN ERCHUL
359|DANIELA MCELMURRY
360|KAROL GREEAR
361|GAYE STEM
362|CARL WILKES
363|TEMPIE CAROLIN
364|KARLEEN BARTMESS
365|SANTINA SANDALL
366|JOEY CALVERLEY
367|YOKO PABLO
368|RETA HERMANSON
369|FRANCESCA SLUKA
370|ELINA TOUAR
371|GERMAINE SVEDIN
372|JAMIKA LABOSSIERE
373|VENA GHAOR
374|KAZUKO CAPESTRO
375|LEEANNA NEUSE
376|LESHA GEISEN
377|LANA WATRING
378|ELLAN BEVEVINO
379|ROSEANN KLOSKA
380|FRANCESCA DOBISON
381|JACQULINE VELLEKAMP
382|VIDA CRAZIER
383|LEON BRANCHAUD
384|YAJAIRA CORBIN
385|KELLY SHAMLIN
386|CELESTINA GRUMBLES
387|LULA MERGENTHALER
388|ROSELIA CHRISTOPHEL
389|SHANIKA SANDHAUS
390|EDELMIRA PHIFER
391|NENA GEISS
392|AMY FRIDGE
393|JAME CANTFIELD
394|CRISTIN GOODNER
395|ANGLE KLINGELHOEFER
396|YUETTE VOLKING
397|TOYA VANWART
398|TABETHA IVERS
399|LUETTA MEDERO
400|SERENA PUDDY
401|CHRISTY MALKASIAN
402|GRACE MCANDREWS
403|GRACIE NAHRWOLD
404|TWANDA TROSIEN
405|INGE HOCHMUTH
406|HERMINA SCHOLLMEIER
407|ALITA SCHWINGEL
408|ARIEL THIXTON
409|NIEVES BALBAS
410|ILEEN BOHLER
411|ODETTE STINEMETZ
412|VIOLET EHL
413|WILHEMINA BERNSON
414|LARRAINE BILLE
415|DELIA HERRELL
416|ANYA BRUN
417|KATHARYN BUNTROCK
418|HILDEGARD WESLEY
419|KENNA EVELAND
420|DEVONA COFFINBERGER
421|NIDIA STALTER
422|CORIE KETTERMAN
423|MORIAH VIRELLI
424|MARYLOUISE KIZZIE
425|MERNA RAFUSE
426|AKIKO HOLTZ
427|SANTOS CRUMMIE
428|ANALISA MAULDING
429|MARIAH TREVISONE
430|KENDRA QUALE
431|JOANNE SPUHLER
432|LADY PARINAS
433|TONIA PIELOW
434|TEISHA YAMIN
435|VIRGINIA KURYLO
436|JAMMIE DOLEMAN
437|RANAE NYE
438|HIROKO ROH
439|WHITLEY FALZARANO
440|FIDELA BONNE
441|AUSTIN DORF
442|JODEE MOLLET
443|MINNIE DESLATTE
444|GWYN ARGENBRIGHT
445|CATHARINE KHOUNBORINE
446|SHAQUITA WOOLMAN
447|SUZY SMALLMAN
448|ISABELLA PEREGOY
449|ADELINA MCGUFFIN
450|JERI KIJOWSKI
451|CHARISE ALBAIR
452|DANIKA LENKER
453|MELYNDA GOODREAU
454|JOHNA GODNICK
455|FERNANDA QUIDER
456|LESLIE MURDY
457|LOVE DUGI
458|ONIE DOVE
459|KATHY LAUENROTH
460|ORPHA COLGIN
461|HORTENSIA GRANDERSON
462|DENISHA AZIMI
463|LESIA SOCKEY
464|FLORENE HRAPSKI
465|ELAINE KARMO
466|KELLI WACKENHEIM
467|LIDIA SCHWUCHOW
468|MYRTA HUETTMAN
469|COLLENE KYTLE
470|MEAGHAN FUDE
471|MARILYNN MERVIN
472|SONDRA MAILHOT
473|SHANTAE CRUMLEY
474|MAUDIE CHINWEZE
475|BRINDA GATERS
476|PRICILLA DUBLIN
477|MARYLAND KATOH
478|PEI MEINZER
479|MAYOLA NENNO
480|JERI BISCOCHO
481|GILMA KIMERY
482|ALEJANDRINA BASSLER
483|CHRISTINA SANTONI
484|CONCHA DALE
485|EMILIA OBA
486|KASSIE NECOCHEA
487|LEONORE ANTER
488|DANUTA LEITHEISER
489|NAM KAMRADT
490|THEO ROCCONI
491|MCKENZIE PLACERES
492|LUIS PFLEGER
493|GEORGEANNA KILLIBREW
494|PAULENE DULLUM
495|MARJORIE MERKSAMER
496|TEODORA PRICE
497|DALE BISHOP
498|KEISHA CHICOINE
499|SHAREN OBREGON
500|MALLORY BERGHOLM
501|BRITTANI NOTARNICOLA
502|OLIVE SHOWERS
503|JENELL MONGES
504|WALTRAUD HUTZEL
505|WEN BAILIE
506|DORIA VACCAREZZA
507|EDDIE WINTJEN
508|JULIANE CONDON
509|STEFANIE OGLEY
510|CLARITA WASILEWSKI
511|KYONG OFARRELL
512|ILA MANGANIELLO
513|DONA ABAIR
514|APRYL CECILIO
515|ALMEDA RHOAN
516|HILDEGARD HEIDTMAN
517|BERNIE PAHMEIER
518|ANTONETTA STROHM
519|ROSANNE LICCIARDI
520|DEEANN KREINHAGEN
521|CHARLESETTA LOUGHNEY
522|CELINA DUQUETTE
523|NGUYET KONDERLA
524|PATTI HODGSON
525|ARDITH MCELMARRY
526|LESSIE BIGGAR
527|NICHOLLE ELGUEZABAL
528|GUILLERMINA HULTS
529|KIMIKO ECHAVEZ
530|CARRY DELEO
531|DINORAH MONCADA
532|KHALILAH HAPEMAN
533|OSSIE KORINECK
534|DEMETRIUS CLOLINGER
535|CARINA LICARI
536|HEDY PERRIER
537|DENESE PURATY
538|GENOVEVA JUBIE
539|SETSUKO DEENER
540|LANE CRUMBLE
541|KATINA DELUCIAN
542|MARCELENE LILIENTHAL
543|CHRISTIAN BARNHARDT
544|TYRA NAHARI
545|RUTHIE DELCASTILLO
546|DIANA CHANCE
547|RHEA HACKE
548|SHAWNDA WEINRIB
549|MARLINE DALLAIRE
550|ELEANORA SANTANGELO
551|LENNA CONDIT
552|JOELLEN TURNQUIST
553|CATHY NIE
554|MARX UEBERSAX
555|SHAWN CABREROS
556|GENEVA BRUGLER
557|MALISSA ESPARZA
558|SHEA SICURELLA
559|MILLICENT WRIEDT
560|VERGIE ROSENKRANZ
561|DENYSE DIBBEN
562|CARIN NEBEKER
563|ADRIANNA CONDREAY
564|JESTINE HANNIGAN
565|AGATHA EGOLF
566|LOLITA DEPIRO
567|NICKY ANICK
568|KRISTINA SOLINSKI
569|ELYSE SERANDOS
570|KRISTIAN SCHNAKE
571|PRINCESS APPOLONIA
572|LANELLE HISCOCK
573|FLAVIA UVALLE
574|PEARL OBERMIER
575|SHANA BARTOLOMEI
576|DONA SHEPERD
577|ZETTA BOOKWALTER
578|SHARONDA VEGAS
579|ALYSHA DEROUIN
580|MARCELA COUTINHO
581|JEN MCKELLIP
582|ERLINE CATTANEO
583|SHERRIE CREEKS
584|SULEMA WESBY
585|DETRA NAZAIRE
586|SETSUKO LAGAMBA
587|TEMPLE DEGROOTE
588|FLORENCIA DIKEMAN
589|SHAYNE SCHAPP
590|JESSE SCHWAB
591|FAVIOLA NERSESIAN
592|TONIA CRILEY
593|CHERYL THURRELL
594|TRACY GARRAMONE
595|KLARA RASBAND
596|CINDA VANDERWEIDE
597|SUZI KAUFMANN
598|LEXIE ERMOGEMOUS
599|WESLEY DESOMMA
600|NILA MONTERROZA
601|RIA GABOR
602|TERESSA BOUQUIN
603|LAURINDA ZADRA
604|MIMI VELMONTES
605|CIARA ADDLEMAN
606|MARILU DEKLE
607|MAHALIA BAGI
608|MARGOT CARNIGHAN
609|STEPHENIE STUBBE
610|VALDA GABEL
611|ARIANNA CHATRIAND
612|BOBBYE HOUTS
613|MINNIE CHENARD
614|NYDIA VANDUNK
615|CAROLIN STEMPERT
616|PAULINA BROXTERMAN
617|SHANTAE KUBASKA
618|ALTHA WHITEY
619|GEORGETTA SKAPURA
620|CYNDI PIEK
621|MODESTA IM
622|STACIA SCHRODT
623|ROLANDE BREAZEAL
624|KYLE TORSIELLO
625|DEADRA KITANIK
626|MAGDALENE VELIS
627|CRYSTA BURGOA
628|MAYOLA DIROLLO
629|KATIE BONELLI
630|MAFALDA BUSITZKY
631|SANA NOTO
632|KATHERN LOMAGO
633|SHIRL SEIGLER
634|KARL MARCHAL
635|CHARLOTTE HAGERTY
636|GOLDIE HODER
637|SHEREE ABNET
638|MALKA NEBEL
639|ZANA TIFT
640|SHERRON OBHOF
641|ANGELINE MEDDOCK
642|LETHA CATON
643|HEE BORSA
644|MONICA SZCZYGIEL
645|MICHAEL VOGTMAN
646|PIA RIEMER
647|CARLITA BLAZER
648|LINDSAY FEENER
649|ANTIONETTE BAGNI
650|BETTYANN GOURD
651|LOGAN MURPHREE
652|YUK MARES
653|TRUDI LUKIN
654|MARI BARREDA
655|KIMI DEBACKER
656|MANDI HUBSCH
657|BEA GREENFELD
658|SHARON SHRUM
659|KACEY ESCALANTE
660|CLORINDA LISHMAN
661|ALEISHA SANZONE
662|GEORGIANN SWIERCZYNSKI
663|ADELAIDA AVETISYAN
664|DAPHINE HARBESON
665|DELL UZDYGAN
666|LISANDRA MIKHAIL
667|CANDYCE LOLA
668|ANGELLA WESTERVELT
669|BETTE BOTHOF
670|ANNALEE KOSSEY
671|NICKI GRABOWIECKI
672|DONNETTA YOUSSEFI
673|SADE SPICKER
674|LONDA AMBERSON
675|CLELIA SCHATZBERG
676|KUM IMBIER
677|NEVADA MCCONICO
678|GLYNDA GATELY
679|GWEN MULDREW
680|BELL MORTHLAND
681|TAMBRA GATTUSO
682|TABITHA CANTREL
683|CATHLEEN LOCKERMAN
684|MINNA NAJARRO
685|INES AGBAYANI
686|LOLITA ETZKORN
687|ELDA CLACK
688|REINA DELAURA
689|CORRIN HAWN
690|KIMBERLI SANDRY
691|DUNG CARTHEW
692|VETA WIEWEL
693|DEIDRA MARTA
694|SHEMIKA GLAESER
695|MAPLE HARNE
696|JILL SCORCA
697|RORY BALOGH
698|TAJUANA WAGERS
699|UTE OPPEL
700|MELONY GIRELLINI
701|CHRISTINIA RAGHUNANDAN
702|CORAZON SKELLY
703|SIU SAMBORSKI
704|SHELLA PANGALLO
705|LAHOMA PROVO
706|TANNA MCCLIMANS
707|ROWENA SCHOENBORN
708|KAROLE CARDANI
709|SHELA ROGACKI
710|CHANELL JOERLING
711|DOREATHA BOISUERT
712|MERRILL MCGRAPH
713|CATRICE IKUTA
714|MARIE GARB
715|INDIA HOSTER
716|FRANCINA FUNDERBURG
717|DENISE SAMFORD
718|PANSY CHADICK
719|ELFREDA CHIKKO
720|SIGRID LOGERO
721|MARQUITA FORD
722|MARLYN LEVESGUE
723|ALVA LUE
724|ALLENA LOPARCO
725|LILLIANA FUJINO
726|LELIA PLEGGE
727|STEVIE BARJENBRUCH
728|NEVADA SANSOUCI
729|THEOLA FALLENSTEIN
730|GISELA CASSARD
731|HELGA GORENCE
732|MANDY MCCULLER
733|ESSIE HIRAYAMA
734|EDRA DOVER
735|MARLYN MCCLAFLIN
736|DALENE BODAK
737|AMERICA SCHILD
738|DAGNY TIPKA
739|IN MUNEY
740|GARY ALLEMAND
741|CARMELINA GUZON
742|BREANNA RUSIN
743|CASSONDRA ARVIZU
744|JAYMIE STREDNY
745|NUBIA FORTIER
746|REGAN DZIEDZIC
747|TANDRA ZANDERIGO
748|CHERLY JOSHUA
749|SHARIKA GUDIEL
750|CASSIE HERFORD
751|YASMINE DEWULF
752|LEENA RANSOME
753|CELESTE LOKHMATOR
754|SHILA FERGUSEN
755|OMEGA MUNAFO
756|GILMA RATHMANN
757|TORI REUTHER
758|DORINE SAMMONS
759|RONNIE BEIGHLEY
760|ALBERTINA ORTMANN
761|LOUIS DRURY
762|VELIA THURGOOD
763|ARLENA KENADY
764|ELAINA HARVAT
765|LUISA PIETSCHMAN
766|AYAKO MAENO
767|ROMANA HAZER
768|HARRIET TERRASI
769|CAMERON PETRALIA
770|TANISHA WALLICK
771|MARCELLE COLLAR
772|DOMENICA STOLBERG
773|GISELE GUERRERO
774|EARLEAN RUFFEL
775|VERNELL JIANG
776|LAURIE BASU
777|MALINDA CADAVID
778|KALYN FILLA
779|ADELINA REVARD
780|TRISH CHIMENTI
781|JOANE SANDHU
782|BERNITA MCPHAUL
783|TEMPIE HIRALDO
784|ROY BULLE
785|JULI ROCHELLE
786|AUGUSTINE FERGOSON
787|OCTAVIA KOSHI
788|YESENIA COURSE
789|WYNELL MAGWIRE
790|CANDIS KARLS
791|TENESHA ANDRADO
792|LANORA HANSHAW
793|CLARINDA KRUPKE
794|NANCEE KITTELSON
795|VI COTTIER
796|AARON SALTZBERG
797|VENICE BRIEHL
798|JEANETTE CIMO
799|ASHLIE LAURENO
800|GEORGIANN BUDDIE
801|AUDRIE OATIS
802|FLORIDA OHM
803|MARCY HABISCH
804|ORALEE LABARBERA
805|CARINA ROSERO
806|DARLEEN FUSILIER
807|MAN LANGTON
808|ALYSIA LARNEY
809|SHAVONDA LIGHTBOURNE
810|MIKAELA FERRUSI
811|JANEE ENZOR
812|SARI TALAMO
813|TRUDIE JINKENS
814|ASHANTI KVEK
815|ANJANETTE BALANOFF
816|DANNETTE RINNER
817|ISOBEL BOYNTON
818|DEEDRA HUMERICK
819|SHEMIKA SOULASINH
820|BERNICE ALLIANCE
821|RUSSELL FREYERMUTH
822|MOZELLE THOELE
823|CHRISTENE ASKAM
824|ALENA HORODYSKI
825|TAMMIE BOXELL
826|IVY BURKSTRAND
827|TIEN TRUDNOWSKI
828|JOCELYN PETTINATO
829|JENNETTE MOOTISPAW
830|LAUREEN GILHOOLEY
831|ANGELLA JUSTICE
832|NOELLA NOGUEIRA
833|CLAUDIA SANTELLA
834|AVA SHUB
835|SEEMA ROZZI
836|SHEILAH DOTTERY
837|KATHERN BOLINS
838|CHINA LAZO
839|MARIVEL BOLSTER
840|DEDRA BANDEMER
841|HENRIETTE KERTH
842|NORAH OZBUN
843|ANISSA DENJEN
844|MARVELLA GALLET
845|LACHELLE AIKIN
846|DYAN FERBER
847|DIANN HINDERLITER
848|WANITA HARLIN
849|SHENA WIEBOLDT
850|BETTYANN SESLEY
851|MARTH KRASE
852|MARRY TRIBOU
853|KRYSTA WINK
854|CAROLANN ZAPPULLA
855|JONNIE SURES
856|KRIS REFSAL
857|DANICA SHOBER
858|GEORGIE POLEYESTEWA
859|ERMINIA HUNGER
860|CHRISTENE MALAK
861|ROLANDA MONIER
862|CHERRYL HEIMARK
863|BLANCH BURRESS
864|WILLETTA BAILONY
865|BERNIE SUREN
866|GENOVEVA HEIGH
867|LIEN SOLIECE
868|TEMPIE MUTCHLER
869|LANG KUNERT
870|DANI BELNAP
871|ANASTASIA WHITTALL
872|WINNIE BATER
873|HENRY BAKSH
874|NELLA MARTIR
875|MANA KEYL
876|LIBRADA MIDDENDORF
877|ALYSSA OREGEL
878|JANUARY DINNEEN
879|ASHELY SEEK
880|PERLA LOESCH
881|KAYLENE LEARMAN
882|NATOSHA SPILLER
883|ASHTON TENBUSCH
884|TOMMIE THIEMANN
885|ROBERTO CHEESEBROUGH
886|FERNANDA ROWAN
887|NATHALIE VIANO
888|BRYNN TROHANOV
889|JENA HOEFER
890|TRINA ESCALET
891|GEORGIA DARMODY
892|HANNAH DAUPHIN
893|ROSALINDA ARDIZZONE
894|JEANENE SCHUCHART
895|ASHLI LAGONIA
896|TAISHA HENDRY
897|MADALINE OBEIRNE
898|ROSARIO GONZOLEZ
899|DANNIE NEUMEYER
900|PORTIA COMINSKY
901|CYRSTAL WIESS
902|CHERYLL POWELSON
903|MARQUETTA NASLUND
904|MANUELA VANDERSTAPPEN
905|DARLINE MUNGIN
906|TAMA WIEGERT
907|OLLIE MOGHADAM
908|IVANA CARP
909|LUETTA SALVETTI
910|CHARA CIESIELSKI
911|ALEXANDRIA LYNESS
912|ERA CEFALO
913|WYNELL SIANO
914|VERLIE HARVILLA
915|JACQUETTA GHIORSO
916|NIKITA HYMOWITZ
917|ROSY MAROTTI
918|MEGHAN NARAYANAN
919|CORINA ROUSSELLE
920|TANA MACKINAW
921|CONSUELA FAITH
922|NADINE WYLDE
923|JULIA EKEN
924|MARGY PAGLIALUNGA
925|GHISLAINE SKAER
926|GUADALUPE SAVALA
927|ALEXANDER SCHLOOP
928|TOBIE RUSSIN
929|CONCHA PLUCK
930|MAVIS MONKA
931|SPRING CHRONIS
932|BERNETTA GALLIAN
933|FELISHA MAUREY
934|TASIA BORELAND
935|ROSETTE BULL
936|MILLICENT SLAPPEY
937|CLEO SLATTON
938|DONA POTEETE
939|HOLLY MARPLE
940|ROSENA DREW
941|JULIA DYE
942|LADONNA JELLINEK
943|CHAROLETTE CHUN
944|GHISLAINE BELAK
945|COLLEN LAPRADE
946|JERRY MISNER
947|NATOSHA MASSARELLI
948|ELANA CRAAN
949|LANITA HENEGAR
950|EMA LAFARGE
951|ANGELITA MENCIA
952|OLEVIA GILDNER
953|KATE MIN
954|MAGALY LUONGO
955|BELLA DIBRITO
956|SIMONE BONI
957|THERSA FICKLING
958|MARCENE LALINDE
959|SHARA KREB
960|SUNNY DEUMAN
961|CLARINDA GOLDTHWAITE
962|HANNAH LUTSKY
963|IVORY HINKE
964|JAY GUZON
965|JANNET SZABO
966|TESSIE HUYNA
967|EUSEBIA ZACCARIA
968|LOREN ENZENAUER
969|DANIELLA FREUNDLICH
970|SHARI DARICEK
971|BELLA BURELL
972|DION TUPAJ
973|ANGELES ORIELLY
974|CORDIE CRUIZ
975|ARIANNA ROMANO
976|ROSSIE ROSENDO
977|ALBERTINA KELSEY
978|LAUREN STRADTNER
979|SHAWNDA FAIT
980|KIMBERY KENISTON
981|LAURINE GAZZILLO
982|ERNA KOTRBA
983|HILLARY PENDRAK
984|DARCIE SUGHROUE
985|KESHIA HRIVNAK
986|CHASITY PICCIUTO
987|STASIA CABANA
988|TRESA SCHERB
989|TERICA GOWER
990|JERRIE MESSANO
991|CORA BONSALL
992|MEGAN NIGHSWANDER
993|RONA FUDGE
994|NAKISHA MESSAN
995|STEPHEN WOLFRAM
996|EARLENE TOLAN
997|NELL CAVETT
998|KARLEEN NIENABER
999|LILLIAM MOLLER
1000|CARLEE BARTKOWSKI
1001|FREDERICKA HAIRE
1002|SHEBA STANGEL
1003|GERMAINE BRAYMAN
1004|MARCENE SONTAG
1005|HAYLEY SORGE
1006|ALISIA HORMANN
1007|CONSUELA DATTILIO
1008|PATRICIA OGILIVE
1009|LANIE DILLAVOU
1010|KATELIN ABITONG
1011|KEENA MCLEAN
1012|MOZELLA GOLDENMAN
1013|KRYSTYNA ETHINGTON
1014|KIMBERLEY LUTKE
1015|KENDALL HENDRICKSON
1016|JANITA FIEBICH
1017|BROOKE OREJUELA
1018|NOVELLA DENARDI
1019|GAYNELLE SCHALK
1020|IDELL FREITAS
1021|IRENA MAUDLIN
1022|CYNDI DELESSIO
1023|LOISE PREDDY
1024|CASSY DUELM
1025|BEE NOURY
1026|DEBORA BROWERS
1027|ECHO VANALSTIN
1028|ASHLIE RESTO
1029|PAULINE WHITSEY
1030|LAVADA BOLLIS
1031|CARLINE SLAYTON
1032|CARLOTTA CAPONI
1033|LUCRECIA GROETKEN
1034|SIXTA MOREA
1035|SHAWNTA MELLETT
1036|MICAELA HARELSON
1037|SHAVONNE FICKERT
1038|LOUIS YOSHIKAWA
1039|JANINE GUTHRIDGE
1040|MARIAM LABONTE
1041|TOBIE DEWHURST
1042|TONDA HEFFERMAN
1043|CAREY BEDELL
1044|ALISIA ARCHAMBEAULT
1045|FREDERICKA MCELWAIN
1046|CARMELINA PYRON
1047|LAWANDA CORNACCHIO
1048|FIDELA CHUTA
1049|FRANCIE KLEPAREK
1050|CALISTA SHIPMEN
1051|SANTA BOSTOCK
1052|DIA ELGAS
1053|CRYSTAL SIDLER
1054|STEVIE LUCHT
1055|LORELEI RUSHFORTH
1056|JULIET CURNOW
1057|TERESE UEBERSAX
1058|JOVAN PERQUE
1059|MARIELLE WISLEY
1060|TORRI KOCOUREK
1061|SHERIDAN TYCE
1062|ASSUNTA HARBOTTLE
1063|ASHLY RUBENDALL
1064|LYNSEY FRAMPTON
1065|RAVEN STOESZ
1066|SUSY VERDUSCO
1067|BLAKE WANOUS
1068|GRACIA SANDERS
1069|DARCEY LILE
1070|MEAGAN GOODSTEIN
1071|LORI CRUMBY
1072|LEZLIE VANMAANEN
1073|IOLA RINGHAM
1074|CIRA REHBERG
1075|MAI BEPPU
1076|SHENITA ECONOMUS
1077|AVIS TETLEY
1078|DONG CAVIGGIA
1079|MIKAELA DAVERN
1080|TEQUILA JEFFERYS
1081|LEORA ZELINSKY
1082|TORRIE MARTYN
1083|ALBERTA SINARD
1084|ELDA MIDDLETON
1085|KENYETTA CASTELLUCCI
1086|ORPHA CURI
1087|KATELYNN SO
1088|LAEL GRAFF
1089|CRISELDA CARROUSAL
1090|BERTA LAHNE
1091|ANDREE OSTASIEWICZ
1092|FRED TRAMM
1093|FILOMENA KRAJCER
1094|BILLY BRACKMAN
1095|MELONY MOUNT
1096|GISELE CASEWELL
1097|MYONG KUA
1098|ARLEAN HOGLEN
1099|TIANNA MOLLETT
1100|HANA COLDWELL
1101|SHANICE LEANZA
1102|GENNIE STDENIS
1103|PHYLLIS BACZEWSKI
1104|MAGNOLIA CAUTHRON
1105|LORRETTA HOEGH
1106|KARLEEN DALE
1107|CRISTIN TOLAYO
1108|DOMINICA REATH
1109|NICOLA GREENHAW
1110|JAQUELYN ANGELA
1111|ANGELIA WENKER
1112|DEAN TOLBENT
1113|DREAMA STILLE
1114|ROSETTA ARIZA
1115|THOMASINA TENLEY
1116|KRISTAN COTEAT
1117|MARKITA WOOSTER
1118|MAJORIE PANAGIOTOPOUL
1119|VEOLA SIRIANO
1120|ZORAIDA SPARLING
1121|CATRINA GOLDBERG
1122|LIZZIE BOISSELLE
1123|JIN MERILOS
1124|VANNESSA MALKOSKI
1125|EDNA MIGLIORI
1126|ERLINE BELLEW
1127|HELAINE CASHMAN
1128|MELIDA BUSARD
1129|ZORAIDA LYNCHJ
1130|LANELLE OCHAKOVSKY
1131|KENISHA WEI
1132|TORY BELIN
1133|ZOILA SEGER
1134|PALMIRA BRENTANO
1135|EMERITA DESHAZO
1136|STACIE ALEJANDREZ
1137|ALLIE GLOTFELTY
1138|WILLIEMAE ALQUIJAY
1139|ASHLEE PINTOR
1140|DOMONIQUE ARTIAGA
1141|LAKIESHA HAYLETT
1142|CARYL YOSHIHARA
1143|CHERLY FINNIE
1144|HOPE BIGGAR
1145|ROBYN VOJTA
1146|CANDIE RENFER
1147|JILL DEDERICK
1148|ANGELYN STOUTNER
1149|ELIZEBETH PHOMMASENG
1150|JACQUELIN WOOLERY
1151|ELZA LAPAGE
1152|LULA MARX
1153|GENNIE GALLEGOZ
1154|JEANICE SVETLAK
1155|VELMA SWEERS
1156|KAYLA LIKIO
1157|DOMITILA BOEHLER
1158|KANDICE MOULDER
1159|JACQUELYNN DELCARLO
1160|GLAYDS DERCK
1161|BRIGETTE TUNKS
1162|ASHLY PANDEY
1163|FLORETTA BROCKMANN
1164|ADRIENE MARTELL
1165|VERONIKA CHUNG
1166|RONDA CORDENAS
1167|EMOGENE RUYLE
1168|LIBBIE KERBER
1169|PAULA GAVIDIA
1170|MARGARET MCCARLEY
1171|LULA MCGLYNN
1172|MARYBELLE ARKINS
1173|JACQULYN SIMONELLI
1174|PATRICIA EICH
1175|DANNIE RITUMS
1176|DORLA PIRKLE
1177|MISTI MAMMEN
1178|RAYNA ATTILIO
1179|CHANTELL BAYLEY
1180|SHEILA BUZHARDT
1181|WINONA RUNNER
1182|LUPITA MARSKE
1183|ELENOR VARN
1184|MUOI OFFERMANN
1185|YURIKO DECH
1186|KENYATTA DAWKINS
1187|CLELIA WROBLESKI
1188|KATHARYN GETSON
1189|CARMELINA TONTI
1190|TUYET AWKWARD
1191|NEDA VARTY
1192|IGNACIA HARBISON
1193|DARCEL CHAFFEE
1194|HEIDI LANGFELDT
1195|ROSALBA VIOLETTE
1196|JODI FREEMYER
1197|TERRA ABREW
1198|CHRISTAL FEARNOW
1199|VIRGEN VANNATTA
1200|VINITA CLINEMAN
1201|RHEBA NEAD
1202|MARICA ZARITSKY
1203|ASHANTI PREHODA
1204|GEORGIANA LORTON
1205|KEIKO GOLDEMAN
1206|BERNA COBIAN
1207|DENNISE PANNEBAKER
1208|JOHNNA MERCIK
1209|LANI DEGIDIO
1210|SHAROLYN TSAKONAS
1211|JULIETA JAMINET
1212|KESHIA SCHOBORG
1213|JOHNETTA PALAIA
1214|JANEL SOBOTA
1215|JANISE ARGENTO
1216|JENEVA TANGREN
1217|LOMA FYDENKEVEZ
1218|IESHA WOLDEN
1219|IMA BURRS
1220|VALERI FALLOW
1221|JOANE RIGAUD
1222|BOBBIE WEISENBURGER
1223|LAMONICA OHARRA
1224|TOWANDA INCH
1225|ALESHIA KOEHNEN
1226|KATHARINE CAMPISI
1227|MARIELA GEHRON
1228|NATACHA NAWWAR
1229|DIXIE PRINS
1230|URSULA BIGAS
1231|ALETA PAWLAK
1232|GIA AREHANO
1233|AYAKO LAVENDER
1234|ETHELYN WEI
1235|PEG LOIACONO
1236|ANGILA TABACK
1237|MAGALI MCKEAN
1238|MERTIE LANSDOWNE
1239|CARMA KUTTNER
1240|YESENIA DEGROAT
1241|MAVIS NOWLAN
1242|BRIGETTE MOOCK
1243|MONNIE GREENIDGE
1244|RAYNA FISCHBEIN
1245|LISETTE SHUGARS
1246|KEREN LENERTZ
1247|VIRGEN SARAH
1248|HILDE KILGER
1249|GARNET COIL
1250|SCOTTIE PAWLOSKI
1251|DARLEEN HORSTEAD
1252|MIKE YAWN
1253|BRITTANEY SANDRY
1254|GEORGIANNE BEKKER
1255|VALLIE LANFORD
1256|KELSIE SORON
1257|SANG AVALA
1258|LOREN TURAY
1259|ERIKA CUSENZA
1260|MAJORIE MOTZER
1261|CLEMENTINA CUSACK
1262|CHRIS PHINISEE
1263|EUN FERRANTO
1264|ROSENA MALDOMADO
1265|HSIU VILVEN
1266|JUNE PAVLICK
1267|FREDERICA ELLIFRITT
1268|TOMMY ZOHN
1269|KITTIE WERKHEISER
1270|KATHRIN SVEHLA
1271|JAY INGERSON
1272|ALMA AARDEMA
1273|PAT BILLA
1274|MARCELINA RATHJEN
1275|SERENA BRODNICKI
1276|MAIDA PIEPENBRINK
1277|DOMITILA LAWMAN
1278|CASSEY KULIK
1279|LARISA JUNOD
1280|LOURIE KLEINDIENST
1281|JOLANDA POULIN
1282|ARMINDA KUMM
1283|JEANNETTA BENNING
1284|RAYLENE BOUGHN
1285|DANICA WHISONANT
1286|JOSEFA HELPHINSTINE
1287|KATIA PROCK
1288|MARCELENE SAICE
1289|COLLEN SEGUI
1290|DONETTE PASTORIN
1291|GEORGIANNE STENSETH
1292|PARIS HARTERY
1293|LEANNA BLOCKETT
1294|ELEONORA BENTHALL
1295|MELONIE POLINTAN
1296|ROSLYN AQUILAR
1297|JOAQUINA QUITUQUA
1298|WINNIFRED MARCOTRIGIANO
1299|COLLENE MACHADO
1300|MILDA SEBRON
1301|ELDORA DELLACA
1302|PENNIE CHARLESTON
1303|ANGELIQUE WAKER
1304|CHIEKO DOLINSKI
1305|RAEANN BONKER
1306|TAMEKIA KERO
1307|BERNITA MAREK
1308|MISSY NETTLE
1309|JACKI HELFER
1310|MARLYS HERTA
1311|KARI CASTEN
1312|MEGAN HAWLEY
1313|TOMEKA MAIAVA
1314|RIMA WAITHE
1315|VAN LUETMER
1316|MAGALI UVALLES
1317|KASIE BIRO
1318|BRENDA PRESLIPSKY
1319|BABETTE MAHALL
1320|YUK ERTEL
1321|LAJUANA YACKEL
1322|MARLINE DRISKILL
1323|MIRTA LOWELL
1324|KATIA GRINNER
1325|KATHI BOWGREN
1326|CLEOTILDE MUNTER
1327|SHERILYN KUPIHEA
1328|ILEANA SORO
1329|STACIA BERSON
1330|ATHENA KUDEJ
1331|BETTY HEINS
1332|TAWNY SYPHARD
1333|CECIL HUZZARD
1334|SONG VESELIC
1335|KIZZY RODELA
1336|VERONICA JOESPH
1337|RAEANN MORVILLO
1338|CORAL MAJORS
1339|SHAE POLING
1340|SEEMA GRAZIANO
1341|BERTHA SPIRK
1342|HETTIE MOSIMANN
1343|DARLENA SIMKOWITZ
1344|DEB BOS
1345|JENNY AGLE
1346|MARGENE HOLLIFIELD
1347|SAU BLASE
1348|CHING TOUSSAINT
1349|ROSETTE DALLEVA
1350|CAMELLIA FERNER
1351|TAMEKIA DELISO
1352|MELVIN MILHORN
1353|VALENTINE STOLLINGS
1354|VEDA FRESTA
1355|ALISA LENA
1356|MAGARET MONTAG
1357|KERRI MACLEOD
1358|MARILU KOSSEN
1359|KIYOKO CANNING
1360|ANNETTE SEAFORTH
1361|TIFFANEY WORN
1362|DIA RAUEN
1363|JASMIN MOUN
1364|MANDA MENDIVIL
1365|KATHLEEN NUBER
1366|DONYA RHODIE
1367|TAMATHA GERBERICH
1368|LEAN ALPERS
1369|LYLA PRISCO
1370|NADENE SIKET
1371|MARYLIN PLEITEZ
1372|LORALEE HORR
1373|RAMONITA LOSHBAUGH
1374|TALIA THIBAUDEAU
1375|MYRTIE DIEFENDORF
1376|BEVERLEY NEMES
1377|JOVITA PEDROSA
1378|JAMEE SCHEPERLE
1379|SOMER VINET
1380|KRISSY SABLONE
1381|AI KARA
1382|MUI PLISKA
1383|DEONNA RATTIGAN
1384|HANH NICLEY
1385|WYNONA NEWVILLE
1386|NGAN DEHETRE
1387|BRITTENY THOAMS
1388|NATHALIE HOKKANEN
1389|RENE BENNES
1390|TOBIE BOSTEL
1391|OPHELIA VADNAIS
1392|HARRIET PELISSIER
1393|ELOUISE LAVELLI
1394|ROSIE WEI
1395|HORTENSE CARIOSCIA
1396|NAOMI PICCIONE
1397|GUILLERMINA MERTA
1398|CARLI JIMINEZ
1399|RICARDA GRIEPENTROG
1400|MEAGHAN ZULUAGA
1401|BURMA NUNEMAKER
1402|ENID COSANO
1403|TYISHA DILLEN
1404|RIKKI ARRIOLA
1405|PHILLIS DEROSS
1406|DELSIE REHOR
1407|ALBERTINE TRILT
1408|CODI MELIKIAN
1409|DESPINA EWALD
1410|MERTIE WELDY
1411|JOSEFINE BUTTERFIELD
1412|BARBIE VEZINA
1413|TAMICA DOBBIN
1414|NELLY PENTTILA
1415|CHAU IVEL
1416|MARG SONTHEIMER
1417|ILEEN CIFUENTES
1418|LEONIE LUTTENEGGER
1419|ROZELLA MASTER
1420|TREASA KENOUO
1421|KATHALEEN VISCO
1422|DEDRA BULL
1423|CHERRIE CASTANER
1424|HIEDI PINKLEY
1425|BUFFY NEIMEYER
1426|TRESSA BURKLEO
1427|MARYLAND BORGELT
1428|ERLENE VIRTUE
1429|KELLI MERGANTHALER
1430|EMMALINE MUNDER
1431|SHARA CORRELA
1432|DENNA BOLLER
1433|CHU STICKLEY
1434|HISAKO SAVICKAS
1435|SHIELA MCALVAIN
1436|DAHLIA KARNISH
1437|DONA FAUROT
1438|DULCIE CARNALLA
1439|ANABEL CADARETTE
1440|MING BIGNALL
1441|OCIE FEELY
1442|INES SUMNERS
1443|ANGELA OSCHMANN
1444|TOWANDA HEPLER
1445|SACHIKO BEUTER
1446|VANNESA KAGIMOTO
1447|ROSAURA GOLLIHUE
1448|KERRY COLBECK
1449|LEDA COLOMBE
1450|CAROLL DWAILEEBE
1451|DAGMAR BANDLEY
1452|TARAH POPIK
1453|LOREE ANTONETTI
1454|KARISSA SZOCKI
1455|JULIA BEQUETTE
1456|RUTHA DOBIAS
1457|KIA HILDMAN
1458|SUSY IWANSKI
1459|ROSELLE EXCELL
1460|EBONI MATYAS
1461|BURMA GROB
1462|ISABELLA DOOR
1463|JIMMY LORENC
1464|LEON GODBEY
1465|KAROL NICOLOZAKES
1466|FRANCHESCA MCKANIC
1467|LATRICIA BOUTELLE
1468|DREMA CONSTANZO
1469|LAKIESHA LOZADA
1470|OMEGA WAGEMANN
1471|VONDA MICHNIAK
1472|CHRISTIAN PICQUET
1473|GARNET LATHRUM
1474|MIKAELA MIER
1475|MAJORIE PERLOW
1476|FELICITAS REEB
1477|SUEANN PHILAVANH
1478|KAM DEMAYO
1479|AGNUS ROTNER
1480|CIERRA ALIRE
1481|VIDA EMPEY
1482|CLARE CORLEE
1483|SYNTHIA SOBRIO
1484|SIGRID MCCLISH
1485|STEPHNIE WINBUSH
1486|LYNNE CALLE
1487|AYANNA FRANCESCHI
1488|JACQUIE MELODIA
1489|ANGELIQUE KARAPETYAN
1490|BETTY GECK
1491|GHISLAINE TRELA
1492|LAWRENCE PIANKA
1493|ANNA ZALAZAR
1494|TAREN DUITSCHER
1495|TAYNA CRULL
1496|CORTNEY KORNREICH
1497|NICKY MANDOZA
1498|KAYCE ASHBROOK
1499|SAMMIE SIGG
1500|KATTIE STOW
1501|MAXIE TRAVILLIAN
1502|VELVA KLITSCH
1503|LILLI ROCA
1504|MELIA BUSHONG
1505|LORRIANE ANGELORO
1506|DELICIA ZUCHELKOWSKI
1507|NAN OSTROSKY
1508|HORTENSE STANGLE
1509|OZELL SCHOW
1510|CHRISTIAN DRAVLAND
1511|KARMEN OTTERBEIN
1512|MARVA BURGOYNE
1513|JULIEANN MCVEY
1514|LUCIE CLORE
1515|ZENAIDA SIUREK
1516|VELVA SORRICK
1517|ROMANA GUERERA
1518|LING SZYDLOWSKI
1519|DAKOTA HANSER
1520|MADIE DESMEULES
1521|IVONNE WEISHAAR
1522|THERSA ASWEGAN
1523|DOMONIQUE CAROSELLI
1524|HUE DULDULAO
1525|FRANCINE HARVEY
1526|CATHEY COLALUCA
1527|LORELEI FRANKART
1528|ARNETTE TIREY
1529|TOSHIA KRIDER
1530|GRETTA COMERFORD
1531|CHRISTI RATTANASINH
1532|MARIN HAGELE
1533|LIBRADA TENNESSEE
1534|MARJORIE ARNTZ
1535|ALFREDIA VATES
1536|JERRIE SLINKARD
1537|DANYELL VIGUS
1538|SHANTELLE MEGIVERN
1539|HILDE CORBELLI
1540|YOLANDA GAMELLO
1541|JACKI BOBEK
1542|SKYE BEGNOCHE
1543|SHAREN BUGAY
1544|DANIEL MILSTEIN
1545|KLARA LUDOVICI
1546|LUANA PROSS
1547|KAM SCHAUMAN
1548|OLYMPIA MONTEGUT
1549|MITSUKO MYSINGER
1550|COURTNEY BUTEUX
1551|OLLIE PEROUTKA
1552|ADENA ARAQUE
1553|ALPHA TREBBE
1554|MICHAELA BLANKENSHIP
1555|DAPHNE BREAU
1556|SHILA RANOS
1557|JULIETTA LEMLER
1558|SANORA HINOTE
1559|YELENA BONSEE
1560|JEANELLE GRIMAUD
1561|ARMANDINA BAXENDALE
1562|DANNIELLE WESTLY
1563|MALISA HASTINGS
1564|MARVELLA WELNER
1565|SIGNE LOFGUIST
1566|MARCELL MURRIE
1567|LASHANDA BERRET
1568|NETA SPOTWOOD
1569|LEESA MEAZELL
1570|YI BOARDLEY
1571|CANDACE SUOZZI
1572|DORRIS QUEZADA
1573|MARYBELLE FONTANINI
1574|ELVERA DRILLOCK
1575|MEDA DANDY
1576|LAVERN ELDIB
1577|LYLA OKEL
1578|KATHRINE ALMANZA
1579|BEAULAH YAGER
1580|NOVA MOSMAN
1581|TAUNYA EWER
1582|SHELLY STRICK
1583|GENA SCHMECKPEPER
1584|ROSA BURAU
1585|MAZIE KADAKIA
1586|ADRIANNE MESECHER
1587|MADELEINE HAUF
1588|GABRIELE ARGUELLES
1589|WILLENE EBERL
1590|MAO CORNELIA
1591|EMILIA BLASKO
1592|JUSTINE DAR
1593|TA SUMMERSON
1594|BEV HELFRITZ
1595|LI ELWOOD
1596|VICKY TETLEY
1597|ANNABEL SWEETEN
1598|LATINA KOLSRUD
1599|TONA SHAWAIKI
1600|FELICITA CARLINO
1601|KATHYRN CUMBASS
1602|GENIA NICHOIS
1603|DAISY HANNING
1604|TAMMERA SETTLEMIRE
1605|LOURDES MADDRON
1606|LORILEE LUHR
1607|IZOLA GOZA
1608|THOMASENA RUSHIA
1609|TIFFINY CORDILL
1610|KANDI PANIAS
1611|LIZZETTE LLERA
1612|ELYSE PIGGOTT
1613|MICHAL HAVENS
1614|CONCEPTION WILHELMI
1615|AGRIPINA MALINOWSKI
1616|BIRGIT BARRETTA
1617|CELENA BOXER
1618|NAIDA STREIF
1619|TRISH SOOKOO
1620|FELECIA HITTNER
1621|MELONY MACKE
1622|ALYSA MATTER
1623|SHAYNA LEKWA
1624|BRIAN WEINZETL
1625|LEESA HERANDEZ
1626|LATARSHA CLORE
1627|JENE MERRELL
1628|ROMA DOMINION
1629|LULA WIMER
1630|MERRILL SIVAY
1631|DOLLY MAXCY
1632|ROSALIND SCHARES
1633|PAULETTA TELLER
1634|JOEY BAGRON
1635|BAO STROTH
1636|YUN LAMAGNA
1637|ARDATH DIGGES
1638|KATHLENE DIEHM
1639|DEANA HOLLOW
1640|PATRICE SOONG
1641|ARLETTE SIDI
1642|FELICIDAD SKOWRONSKI
1643|BREANA CEASAR
1644|HALINA DOHERTY
1645|ALEJANDRA YUNDT
1646|ANJA WERLE
1647|USHA IVES
1648|TABITHA PACETTI
1649|AILEEN SALEHI
1650|CRISTY DEMARCO
1651|CELINA HEERN
1652|MISTI RIGG
1653|MIA ELDERT
1654|CAROLEE SPOMER
1655|RUSSELL THONEN
1656|NANCEE ROTHWEILER
1657|JERRIE FREGEAU
1658|JAE NAGAMINE
1659|NAM RADNEY
1660|EASTER ABIGANTUS
1661|EMELDA KEOGH
1662|VICKEY BRENNECKE
1663|ELLIE CAMINERO
1664|MARGART SWEIS
1665|LILLIAN PISKEL
1666|DANNIELLE MORRISETTE
1667|FRANCOISE PAWELL
1668|CHERLY SCHUSTED
1669|MARIO RALLISON
1670|ENID KINVILLE
1671|ELISSA MCNEAR
1672|OLEVIA TIMMERBERG
1673|SAGE CHRABASZCZ
1674|ELLENA MUNTEANU
1675|TULA VARRONE
1676|WONDA HOWENSTINE
1677|GRACIA BRENT
1678|SHAKITA BATTIATA
1679|FLORENCIA KOLINSKI
1680|MELODIE HYZER
1681|DONITA SMIETANA
1682|MELANI LEVASSEUR
1683|CORETTA GUTOWSKI
1684|LEIDA CASKEY
1685|LECIA STRUM
1686|ALICA BRAZEE
1687|RENATA CONNOLE
1688|ROBBYN JANOUSEK
1689|MARISOL PUSKARICH
1690|TILDA PUGA
1691|FANNY BORZILLO
1692|SELENE MAGBITANG
1693|JACQUELYNN SPEASE
1694|TINY GAMES
1695|CECILLE LASAGE
1696|KARL STOTTLEMYER
1697|JALEESA HEADINGS
1698|ALPHA PILARSKI
1699|JOEANN ZELMAN
1700|VALENCIA KUNKA
1701|ALMEDA HAESE
1702|GEORGEANN BERCH
1703|GEORGIANA LASLO
1704|MARKETTA CONNEALY
1705|KYM BITSUI
1706|SHEA DOONER
1707|LIANA GADSDEN
1708|CARLIE RINGER
1709|ALETHIA BRUNETT
1710|QUEEN CALUYA
1711|DARCY SARCINELLI
1712|GWYN SPARTICHINO
1713|ELIZEBETH COULTER
1714|KELLIE DEKLERK
1715|ZELLA VINIARD
1716|VELVET POTOLSKY
1717|CLAUDINE BLACKETER
1718|ASHELY SANGES
1719|JESSIE RELLA
1720|CAMILA DEILY
1721|WILDA VELAZGUEZ
1722|CHUN COLLICA
1723|MATTHEW WILLE
1724|RAGUEL KROK
1725|IRA HOVANTZI
1726|MARGUERITA AAGAARD
1727|PRISCILA JANKOWIAK
1728|SIGRID HORNBERGER
1729|SYBLE GOEDICKE
1730|LOU WANDLESS
1731|PASTY RIGGOTT
1732|STARLA MASSENBURG
1733|MONICA OLVEY
1734|KIRBY BABINEAUX
1735|ANGELIA SEES
1736|KARY STUPAR
1737|LATASHA TROMBETTA
1738|LOIS UDANI
1739|MEI YOULA
1740|VICTORINA ZAJC
1741|KARINE MCCLAIR
1742|AUGUSTA POSTLETHWAIT
1743|CAROL KLEINKNECHT
1744|MARYALICE JARECKI
1745|BIANCA DIGEORGIO
1746|BOBBIE COLOMBO
1747|PATIENCE LORIMER
1748|MADELYN BIBO
1749|JAMES BENWELL
1750|SHEMIKA HOUFF
1751|EDA MOLLET
1752|MITZIE KAWAI
1753|BEVERLEE WITTRUP
1754|COLLETTE TRELLES
1755|NICOLASA JAGODZINSKI
1756|SHAVON AARONS
1757|CHARMAIN BAQUIRAN
1758|FAE MASOOD
1759|JOSEPHINA ALLPHIN
1760|TOSHA CACCIATORI
1761|AISHA BRODHEAD
1762|INELL DESATNIK
1763|BERNARDA CASSINO
1764|CHRISTIN VANG
1765|CORDIE QUEBRAL
1766|CORINNA ACKERMANN
1767|ELIDA DOBY
1768|XOCHITL HELLMICH
1769|REGINIA JACKS
1770|LAWANNA KINER
1771|VIVIANA LOCASCIO
1772|AMINA GARN
1773|ESTEFANA CORYELL
1774|LORIE GUILFOYLE
1775|RAYE RANN
1776|KINA ESPENLAUB
1777|RICKIE ELEAM
1778|MERRI VELLEKAMP
1779|FABIOLA FELIZARDO
1780|GAYLENE HERRON
1781|MARINDA STEADMAN
1782|JEANINE DINCO
1783|LACEY UHRHAMMER
1784|DELOISE BEESE
1785|JENNELL GRAVINA
1786|LATONIA ALMEDA
1787|SHERLYN ZAWADZKI
1788|FELISA PRICH
1789|IRIS GUINASSO
1790|MELODI RERKO
1791|MARLA HLADEK
1792|MADALYN CANNULI
1793|NIKITA DEANGELIS
1794|MELLIE JEANTET
1795|PORSCHE BURI
1796|MELLIE WOOFTER
1797|ARDIS KULLY
1798|DEVONA LATUNSKI
1799|VELLA BARBIAN
1800|MILA KUKER
1801|EUFEMIA BARGAR
