0|KATHLINE MEACHAM
1|LACY NOTHSTEIN
2|GRICELDA ODIASE
3|MYRIAM FELLON
4|QIANA AURICH
5|KACI NOTIK
6|SHAUNTE FASHAW
7|NIDA KABZINSKI
8|KANDY SAMRA
9|BREANA JANEIRO
10|SHARIE HEATON
11|HORTENSE WAITS
12|LAKESHIA ROBOTHAM
13|JANNIE PETITO
14|ANASTACIA GORRINDO
15|TAMIKA VANACKER
16|ROSELEE PIRRO
17|DALENE RUSCHAK
18|KRISTEN SWANBERG
19|KIMBER GAPEN
20|CHARLSIE WHITMER
21|LEONE LEAFE
22|NICOLASA HAYCRAFT
23|ALESHIA LAPUERTA
24|KENYETTA VILCHECK
25|MARQUITTA FLAVORS
26|KIMIKO BOULTER
27|DANELLE MCELHANEY
28|PIPER SPARHAWK
29|VIVAN LINK
30|KYLE HONSE
31|ENEDINA MCGARRAH
32|DIANNE HESSEL
33|MAISHA KINSLEY
34|ASHA MCCLIMON
35|CHANELLE YOUSE
36|CORAZON MAGNESS
37|MADELYN BUGAYONG
38|GAYLA HEROUT
39|FLORRIE STIPPICH
40|CLEMMIE RASELY
41|CATHY KALLMAN
42|CAROL PIOLI
43|ABBEY CHIMILIO
44|JAMIKA HALLSTEAD
45|MARGERET HAMAMOTO
46|LUISE DUPLAGA
47|SERINA EASTERBROOK
48|TESSA HELEN
49|EARLIE ALIG
50|MING COUPER
51|NATASHA HACKING
52|GLYNDA VISITACION
53|TAWANA MAD
54|FRANCESCA BILLIE
55|GAYLENE CAGAN
56|CRYSTLE GOJMERAC
57|MAYRA FLUGENCE
58|PAT OLEKSY
59|BOBBYE DAHL
60|KARAN DINGLE
61|IDELLA TARVIN
62|WANDA BAIERA
63|KENDAL KLOPFER
64|FLORINE REDISH
65|JOETTE BAUMAN
66|LARISSA ERNANDEZ
67|TIANA GANDARILLIA
68|ABBIE FEDORA
69|CASSI WESTPHALEN
70|JACELYN SORICELLI
71|HERLINDA GOSDIN
72|SHAYLA HILDRING
73|BARBERA CAISSE
74|DENNY OGAWA
75|DARCI SUMERALL
76|ALBA MEASON
77|JIN LAUNER
78|LASHUNDA SCHEMBER
79|DEBBRA ROMANE
80|MEREDITH BACHO
81|SADYE LARICK
82|JANNETTE MITTON
83|FABIOLA LYKKEN
84|JULIANE BEERMAN
85|BEATRICE DEGRAZIA
86|KRISSY ALMA
87|ODESSA PRIETO
88|GENNA YONGUE
89|RONNA POLLIO
90|SYLVIA PAVIOL
91|ENID MCPARTLAND
92|ARCELIA OCHAKOVSKY
93|FLORENCIA EDMONDSON
94|MELVA BULLERWELL
95|BOK DAFOE
96|FAWN BRODI
97|SHAVONNE STRYSKO
98|MEGGAN VALENTINE
99|ALLENE FAILLE
100|WILDA MELNYK
101|MARQUITTA CHUDZINSKI
102|VANDA FENNER
103|DIANE BAHAR
104|TILDA ZENZEN
105|NATALIA LAMUDIO
106|NITA DOROW
107|HILLARY VRANEK
108|LYNNETTE PASSWATER
109|ILUMINADA VERDERBER
110|EPIFANIA LOUNSBERRY
111|ANGELO CURRIE
112|MONIQUE THYGERSON
113|WALTRAUD NIKACH
114|DEAN IANNALO
115|TAYLOR SCHLEIG
116|ANGELIQUE BEVINS
117|DOT WIEDERWAX
118|LORA WILLINGER
119|GILLIAN AMARIAN
120|JOYCE WITTKOP
121|LEANORA ZEHNER
122|ZONIA ITO
123|JACKQUELINE YARD
124|RIVKA ROURA
125|GLENDORA SZYMKOWSKI
126|JEANETTE THORMAHLEN
127|LINH KNIGHTS
128|ISIS BRYDEN
129|KARLYN KOEHN
130|MARISSA POLITE
131|JADWIGA PLANTY
132|JAYNE BYUN
133|LILIANA SCHABER
134|RICKIE ARENSON
135|EDYTHE STRICKLIND
136|PAMELA ADEN
137|SANDY HILYAR
138|ZOE HEPPERT
139|JOHNNIE HAILE
140|MASAKO CUOCO
141|BABETTE WASHING
142|LUANNA SEELEY
143|KALEY FILMER
144|CONCETTA HITSMAN
145|LUDIE MANFREDONIA
146|DIEDRE BROSKY
147|LATASHIA FILO
148|DELISA MALANADO
149|SHELLY WARRIX
150|CANDANCE DIFRANCESCO
151|LOUIS DARI
152|CLARIBEL BAHNER
153|MELINA STRANGSTALIEN
154|NEDRA BENNICK
155|CARMINA CITRONI
156|JAIME BACCA
157|MAXIE MCCLINTOCK
158|ASHELY MCMICHAEL
159|STEVEN BUCHERT
160|TAM LAVIOLETTE
161|JOYCE SADER
162|KAYLEIGH GANGEL
163|BRITTNEY SWOFFORD
164|AMMIE BEARCE
165|GARY WEATHERSBY
166|LAILA ODHNER
167|KELI BEANDOIN
168|JUNG TREVETHAN
169|KERSTIN NGUYN
170|SHARYN DELBALSO
171|EDA MILONAS
172|DENNY BRUIN
173|WILLENE GRISWALD
174|CECILLE RICHERT
175|STELLA KERZMAN
176|GISELLE ELDREDGE
177|IRAIDA FERM
178|KIT EVERING
179|TABITHA FONCECA
180|MARTINA JESKO
181|MAEGAN WANEKA
182|TENNIE BUMBRAY
183|RANDEE NOCKAI
184|LAKENDRA APFEL
185|ELODIA MAUZY
186|BARI BOWCUTT
187|CHANTE CUTBURTH
188|TANDY KENWORTHY
189|MELINA GEMMEN
190|VONDA COLAW
191|ROSALIA STUBBOLO
192|EVELINA DEVILLE
193|ERIC CASSEUS
194|JUNE RYHAL
195|MARIKO MEALY
196|CRISTINE STARKWEATHER
197|LIZETH LIVINGSTON
198|MALLORY LEPKOWSKI
199|ANNIKA STACEY
200|AMAL SANKOFF
201|LELIA KNOUS
202|AGUSTINA ANTONA
203|LYNNA BLISH
204|LEONIDA DEBORDE
205|ETTIE TIRRELL
206|DIMPLE SCHOLES
207|DEADRA BOBBY
208|KARON POLES
209|DENNISE KAPLOWITZ
210|MARCIA PITTER
211|SHONA MUFFLEY
212|CECILY DIMARIA
213|LEDA RAFUSE
214|ELENE SCACCIA
215|DUNG VANDELAARE
216|NAM STEENWYK
217|VIRGEN LETSINGER
218|SHARRI LYNAUGH
219|STORMY OCHOTORENA
220|VERLINE BABILONIA
221|JANIECE PANKOWSKI
222|REDA MUCCIA
223|PAULITA BREGANTINI
224|BOBBIE FABULA
225|FLOY NALLY
226|TALISHA VARDA
227|SONG THAMES
228|DANIELA RADFORD
229|MERI STYER
230|KANDICE MAYALL
231|HILDA GIRTON
232|LUANN WIGGAINS
233|MYONG LOBELL
234|LAWANA HARSY
235|TENNIE CUSTANCE
236|CHANTELLE WRYALS
237|BRIGITTE MCELRATH
238|MADGE MAHAR
239|FLORA KAMPEN
240|ROMELIA CHARBONNET
241|TIERRA CESPEDES
242|LASHAWN FEINBLATT
243|JANNA DELLAVALLE
244|MARYLN SPOONEMORE
245|BELL CRABBE
246|LAWANDA LITEHISER
247|KENISHA MASTROGIOVANN
248|HILDRED GALBRAITH
249|NATHALIE WOOMER
250|JINNY KEPPNER
251|LATOYIA EISENBEIS
252|BEA CARRATURO
253|CARIE HAUMAN
254|MANDY FAVILLE
255|KARLYN ERIQUEZ
256|JOIE MARENGO
257|DEADRA CARLEN
258|DELILAH PINEDA
259|SHAKIA JINKINS
260|GALA GALLIHUGH
261|SANTINA BRADFIELD
262|ANISSA TIENDA
263|DESIRAE BRODHURST
264|MARISELA JILL
265|KAYE RUSEK
266|HANG HARNAR
267|LYNELL MARCANTEL
268|KANDRA COPPIN
269|FIDELA CHAFFIN
270|TASIA DEROMER
271|YI BOGDANOVICH
272|GLADYS ISLES
273|AUDRIA BURGO
274|RISA LICO
275|CANDIE PLAGMANN
276|PRECIOUS GLINES
277|SHAY BARROM
278|KYUNG DAVENSIZER
279|LOMA LITCHMORE
280|GENNY BURGEY
281|NU NEUN
282|MELANI BEHEL
283|DEVORAH HUUS
284|MIKA MEILE
285|ROYCE LASCOLA
286|GRISELDA CONSUEGRA
287|CARLENE RUMMELL
288|POK SANDIFORD
289|JENISE KUNDERT
290|MERISSA TOLMAN
291|LAKITA ANTAL
292|MILLICENT BRISBOIS
293|CARLITA DESTINE
294|CANDIDA PERKES
295|HALLIE LINDGREN
296|LISSA RINKER
297|VENA EMPEY
298|DAWNE BROECKEL
299|CHU SCHROEPFER
300|HUE LEOFSKY
301|GENESIS CLEMMONS
302|CONSUELO BALLENA
303|GERRY PEARSALL
304|TANIA TREBON
305|SHAREE LONDONO
306|RHEBA MENDE
307|YOKO HODGKINSON
308|TAMICA FOWBLE
309|JAYMIE TERRIAN
310|GENEVIEVE DEREU
311|RICARDA DYBA
312|CLAIRE HERBIN
313|CONCEPTION HARCEY
314|MARAGRET CALIJA
315|SONIA TRESLER
316|LIANA THEBO
317|PAULETTA LERTORA
318|REANNA NORSE
319|LE HASS
320|MANDIE BRANDES
321|AMALIA HARBICK
322|VAN NALEPKA
323|SPARKLE AKO
324|MILLIE LAACK
325|JUNIE STONG
326|GENIE MIMOZO
327|CAMIE TUSCHHOFF
328|ISABELL AHLBRECHT
329|CHERLY MOYE
330|MELLISSA LAWTER
331|DIGNA GRAMOLINI
332|VENESSA HEGLAND
333|BERNIECE SHERRON
334|DELLA MCAUSLAND
335|CONCETTA VONGAL
336|PHYLLIS TAFFE
337|CHIN LATER
338|CANDY HEYLIGER
339|IRENA HENDRIXSON
340|GAYLE CLAGGETT
341|ELIZBETH POPPEL
342|JODI MEDLEN
343|KASSANDRA LAWNICKI
344|LANNIE ALTKEN
345|KALA STABLER
346|MERLE BRENAMAN
347|MICHELINA PEASEL
348|BIANCA HYER
349|ARACELIS WICKWIRE
350|JOANNE KRESKY
351|ELISA DAGOSTINO
352|ALANNA PALMERIN
353|PAGE ZWIEFEL
354|GABRIELA PENGRA
355|HUE JAWAD
356|CARLENE KILLINGS
357|MARIANELA FUCCI
358|CLOTILDE BENNEFIELD
359|SAVANNA HECHMER
360|DAWN DUGAN
361|HA LAWVER
362|HELEN WOODLOCK
363|RICKI VIDALES
364|ROMANA TANI
365|ANITRA NOY
366|ALANNA DELLAVALLE
367|HALINA BENNES
368|CONCETTA DIBBLE
369|JESSE MARINERO
370|COLBY MCLEMORE
371|MARQUETTA HENNINGS
372|JONNIE GRODIN
373|CHANTELLE HUTYRA
374|PALMIRA CARL
375|ANABEL CATHELL
376|GLENDA OLINGHOUSE
377|COURTNEY CARRASQUILLO
378|CHRISTIN LOUSER
379|BRIGITTE TONI
380|GERMAINE CORDILL
381|ORALIA TWYMON
382|LOUISA ARABIA
383|SOON PRUIT
384|MOON DEBEER
385|DEEDRA WIINIKAINEN
386|SHEMIKA GIVHAN
387|MARGARET DELRE
388|BASILIA SLAGTER
389|DORLA ZEHRER
390|MYONG HUNEKE
391|BIRGIT THEVENIN
392|ASHLEE HATMAN
393|CECILA LAMENS
394|GAYNELL LEVENDOSKY
395|MARCI URBANIC
396|MALIA MERTHIE
397|MATILDE HEURING
398|ADELL PEDULLA
399|GLENDA FREIRE
400|MARIETTA ARABIA
401|BROOKE DADA
402|RETHA BLAKNEY
403|LAVETA HINDERLITER
404|LUCINA HUGHLETT
405|CATHERYN EUSER
406|LORILEE ROBLETO
407|LYLA PON
408|AUTUMN BANNISTER
409|VERDELL CROCKARELL
410|DULCIE DELAGOL
411|CINDI NEEDLES
412|CECIL FLORO
413|LISABETH FORSELL
414|CLAUDETTE CARNIE
415|SOMER ELLINGSEN
416|MERCEDEZ CUDDIHEE
417|ROXIE LAMOUREUX
418|VIOLET ATMA
419|MARILYNN ITANI
420|MEGGAN MUNDO
421|ELEASE MUSSENDEN
422|ADRIENE FOLEY
423|MIYOKO TOUPE
424|SUE KRACKE
425|EDA SHENEMAN
426|JOVITA HAINE
427|BIANCA LIENHARD
428|ADRIANNE ZANDER
429|SAMATHA FRYREAR
430|RAMONA ODDO
431|IVEY PISCITELLO
432|JOSIE FORMEY
433|VERONIKA LEMANSKI
434|DIA STOGSDILL
435|SERITA BIENENSTOCK
436|ADELIA LEIER
437|ADRIANNA HOLZ
438|BLAIR BRIERLY
439|EDNA COLFER
440|TALITHA MISFELDT
441|EDYTHE CONNELL
442|KASEY ABRAMEK
443|MAGARET NAFZIGER
444|QUEENIE LERRA
445|JULE MCKINNELL
446|JANIE RIGALI
447|ADINA ELSASS
448|LERA PERONI
449|GIOVANNA LAWWILL
450|DELPHA GARFINKEL
451|MALINDA MCCLEERY
452|HUONG DUNIVAN
453|MARCELA LEUSINK
454|ELINA POPOCA
455|LORIE GUAGLIANO
456|GEORGEANN DUCHESNEAU
457|AJA RICHARDSON
458|MARX MEECE
459|ANGLEA CAWTHORN
460|MELINDA FETTEROLF
461|REMA BORNE
462|AMEE TJELMELAND
463|CRISTAL KABER
464|BEAULAH BRINCKS
465|EVELYN KERBO
466|KARIMA BOEHMER
467|SAVANNA WOLLNER
468|GIANNA MADDISON
469|ALTHEA LEIBMAN
470|MINA CASSELBERRY
471|NATALYA SKIPPER
472|MISHA MORGENROTH
473|LORETTA PARREIRA
474|DAHLIA FULWIDER
475|WENDIE YUPE
476|ELINORE STEINWORTH
477|JOSPHINE KLUDT
478|LANA HARROD
479|CORINE OGBONNAYA
480|ILEEN PETTIES
481|JOLEEN KAEMMERER
482|SARITA LAY
483|NADINE KRINER
484|TORA VIDANA
485|TOMOKO KEIFER
486|LYNELLE NEWBAUER
487|ANNMARIE LEVELS
488|MARYLN NARDUCCI
489|SHIZUKO FLORINE
490|SHARIE GEMMITI
491|LATONYA VAVRICKA
492|SIGNE URLANZA
493|TERESITA PLAZZA
494|CHAE LAFAVOR
495|KENISHA CANDERS
496|JONA BONNLANDER
497|JOETTA TOOLEY
498|BETTY CHASIN
499|SUSANNA ICARDO
500|ELLAMAE DUMBAR
501|MYRNA MOREN
502|SUSANNAH LAMBIE
503|VANETTA JURASEK
504|KENNETH SIDDIQ
505|CLELIA DERTINGER
506|BIRGIT BOHN
507|CLARIS FYFFE
508|DELMY WEEDMAN
509|KITTIE BORRIELLO
510|ANTONIETTA SAFRIT
511|DEBROAH SILSBY
512|EUN PERSON
513|SHANTE CHUPKA
514|JAZMINE TRAUGH
515|TRESA FORS
516|LISE HANZEL
517|MICHELINA SALOTTI
518|MARIN CHORNEY
519|URSULA BOEHLE
520|GISELE TABB
521|AGRIPINA AALDERINK
522|KELLEY KILDOO
523|GALE CHUNG
524|ANGELYN FOREMAN
525|AIKO CESTONE
526|CLAIR BUTALA
527|ULA SEBRANEK
528|MYONG KERBER
529|PRINCESS VALENCIA
530|DANIKA POSIK
531|YOSHIKO HAZELTON
532|AVIS LONGMORE
533|NADENE MIDDLETON
534|CINDERELLA COCHERELL
535|OTILIA ATHENS
536|VALERIE WENDORF
537|KRISTAL HINKSON
538|LAURAN LARCADE
539|LEA FATHY
540|ELDORA BOLDEN
541|ROSALINA MASKI
542|RENEA FISCUS
543|MERRILEE PLESKAC
544|BEVERLEY TROUTT
545|GRAZYNA MELLIS
546|EWA CROWNER
547|ETSUKO BURDI
548|HERMINE KRZYWICKI
549|KRISTLE PEBWORTH
550|KELSI CLIPPER
551|RAYLENE HENDRICKSEN
552|LATESHA CIERSEZWSKI
553|ELSY REGALBUTO
554|HULDA GUYETTE
555|EDEN RETAMAR
556|PATRICE STAVISH
557|SHERISE OHOTNICKY
558|NATACHA SOFFEL
559|IN MULDOON
560|REYNALDA REAP
561|CHRISTINE HOWENSTINE
562|GEARLDINE BUDESA
563|ALEJANDRINA SHARER
564|SHALA BOIANI
565|INGER ROCKERS
566|BREANA SADBERRY
567|JOELLEN VIK
568|ELIDA MCGUYER
569|HESTER SIMONCINI
570|HULDA BETHEY
571|SONG WIENHOFF
572|PAUL HADIARIS
573|MARTA SCHARTZ
574|LASHAY KANEAKUA
575|ALESHA HAVERCROFT
576|KASI THURN
577|KAITLYN PECHA
578|ERA TRINDLE
579|NISHA ECTOR
580|JEANNA INGRUM
581|RUTHA PROVENCAL
582|DIEDRE RICKERT
583|FRANCENE LIVASY
584|ASHLIE SLAUGHTER
585|DEANDRA CACATIAN
586|LAURICE DWIGHT
587|YASMIN BERGLUND
588|SHANEKA CANDLAND
589|CARLEEN CHRISTIN
590|BLANCHE VILLANVERA
591|YONG SHEARER
592|LUPE COCKROFT
593|MICHAL SCYOC
594|TREVA KAREL
595|MARLANA TEEHAN
596|ELEONORE CLUSTER
597|KIMIKO KANEHOLANI
598|JOI HIMBER
599|FIONA SILVAGGIO
600|EVELINA WITCHER
601|LORIS KARDOS
602|CARISSA PRIVETT
603|HANNA RENNEMEYER
604|LORE KSIAZEK
605|STEPHANY SHOLL
606|LOVIE MICHIENZI
607|BETSEY LISZEWSKI
608|JENNY EVA
609|VERONICA STAGNARO
610|TOI LANDVATTER
611|SERAFINA CORRENTE
612|VICKY LEIBFRIED
613|NANNIE SCADDEN
614|JOAN LEMINGS
615|FELICA RANNELS
616|CORDIE STIGALL
617|PANDORA OLEWINE
618|WILLIAM HARVICK
619|MAIA TYDEMAN
620|SUDIE BEARDED
621|NETA ERETH
622|JAZMINE ZALDIVAR
623|GEORGETTA MERLI
624|GLENNIS MALISKA
625|MEDA BENTSEN
626|FANNY RUDH
627|ERIN ASHLAND
628|FLOR COPLAN
629|CHARLESETTA KILBRIDE
630|MARINE EHLER
631|TAMBRA IRMEGER
632|PARIS SINKS
633|ALYSIA COTHER
634|SHANELL BANKHEAD
635|AUGUSTINA ARANDA
636|LEIGH HARD
637|BRITTENY ARAUZ
638|CAITLYN MANGEN
639|MELODIE CRACOLICI
640|MELISSA AUGSBURGER
641|FELIPA HEFFELFINGER
642|LINDA MILLES
643|SHAWNEE MATTHIESEN
644|CHANTELL KARREN
645|DESIRE EISEMAN
646|SVETLANA CROSHAW
647|LORILEE CARDELLO
648|PETER MARKMAN
649|VERNIA JERSEY
650|KOURTNEY GOMBERT
651|ADRIA KAPKE
652|GEARLDINE BUMFORD
653|DAVID WOOLSEY
654|TULA FUST
655|MONICA LESKOVAR
656|NIESHA TANTON
657|MARITZA HAMACHER
658|MARISHA KAILIPONI
659|SONJA KRATZKE
660|JANETTE HANIS
661|ULRIKE TANNOUS
662|GABRIELA BALLETTA
663|LYNDA VANZANT
664|PORTIA DELAROSA
665|MICKIE KOTTSICK
666|JOYE LEIMBERGER
667|NELLA BAKEWELL
668|MARITA CANNIFF
669|MATILDE LOVVORN
670|JOVITA SHIEL
671|MADGE MANSKE
672|WEI HELMKAMP
673|NATALYA NIERATKO
674|MISTY MCCANTS
675|SULEMA WASINGER
676|ASHANTI BLANKUMSEE
677|SABRINA MEDOSCH
678|MEGHANN ETTINGER
679|SANDRA YO
680|DEE FRENTZEL
681|ANNICE KATHEDER
682|CYNDI DEEL
683|JUNKO PUFFENBARGER
684|SERAFINA BURPO
685|BESSIE LYTTON
686|DORIAN DURFEY
687|LYN BURPO
688|LAYLA FONDA
689|CORDIE SIRACUSE
690|ADELINA REDCAY
691|SOMER KAMINSKI
692|BRENNA GIEBER
693|EVITA SCHELLS
694|LEIGH GERATHY
695|LACHELLE MCGIBBON
696|OUIDA MCLURE
697|DENNY VALENTYN
698|KELSIE PEFFERKORN
699|TINY TURCOTT
700|LYNETTE ORENDAIN
701|MARYLEE STRIKE
702|NANCEE BUHMANN
703|STASIA TACDERAN
704|ELIZABET HARCHARIK
705|BRANDIE PUFF
706|BESSIE BANKHEAD
707|DEBBY SCHLERETH
708|NAOMI GAGNIER
709|SYDNEY RIEDER
710|BOBBI CIERLEY
711|JOLYNN TRONSTAD
712|NILA CLAFFEY
713|NELIDA VANHEVEL
714|NICKI CAMIRE
715|BENITA BELINSKY
716|LEENA GINGER
717|KATHY ALLBRITTEN
718|LISE EAGLEMAN
719|CARROLL CLAIRDAY
720|IDELLA JAGIELSKI
721|DAHLIA VANDERHOEF
722|WILLETTE KLINGERMAN
723|LEISHA LECLARE
724|KATHLEEN GALSTON
725|HERMA LIPSON
726|CELINDA BERGSTRESSER
727|NA SPACKMAN
728|LEXIE KOPCZYNSKI
729|BRIDGETTE BULLARD
730|DORINDA TITMUS
731|LINETTE DACUS
732|JEANNETTA STIGERS
733|YUONNE STAINS
734|PATTIE MAUDLIN
735|JULIANE GENEY
736|APOLONIA UYEHARA
737|FIDELIA DECAMBRA
738|ELLA VENTON
739|JENNY DEVOE
740|SHEMIKA KATZAMAN
741|MARQUITA SKOWYRA
742|ANTIONETTE ANCIC
743|SHAROLYN HASBELL
744|NAN SCARBOROUGH
745|SARAN CONNIN
746|JENNI BISCARDI
747|EBONIE SKOG
748|SHILA HEIMARK
749|LAVONNA NARDI
750|GERALD ZANIBONI
751|CRISTIE SIGAFUS
752|CARMON MILLINOR
753|TEISHA CLOUGHER
754|FILOMENA BREGON
755|LASHON MATHEN
756|SATURNINA WHALEY
757|ALETHEA LORENTZ
758|JANET SUDBURY
759|GRETCHEN LESANE
760|MARK IGLESIAS
761|ALESSANDRA BELTS
762|KATHLYN GOCKLEY
763|LILA KLETT
764|DIONNE AULBACH
765|LASHANDA CHIU
766|CARMEL CRADDOCK
767|KIANA DIMES
768|MIGUELINA HUBA
769|JACQUILINE FEAST
770|NICKIE KERWOOD
771|ANGELYN BUREL
772|EVELINA STRIDE
773|TAMMARA SIT
774|AZUCENA MUSSEN
775|MABELLE CRITTENDEN
776|MARYANNA ABRUZZINO
777|MORIAH HILLENBRAND
778|MILAGROS RAIKE
779|EUGENIE HASCALL
780|CLORINDA YESKEY
781|PAOLA LUTHER
782|WHITLEY BRANN
783|CODI ORIHUELA
784|CAROLYNE NIESMAN
785|PEARLE RABER
786|BENITA GUDAITIS
787|HOLLIS SARVEY
788|KEITHA SCHILLINGER
789|ROXIE BIDROWSKI
790|SERAFINA GETSCHMAN
791|MY DISKIND
792|KIERA SCHAAR
793|TOMMYE CATTRELL
794|MARGO REEB
795|CANDY PENDEREL
796|SHANNA CONNERLEY
797|HERMILA HARDWICK
798|BERNEICE LOBLEY
799|ELVIE DIGMAN
800|SHARYL STARRETT
801|KYONG LICALZI
802|IESHA PAPALE
803|MY DETTY
804|VALERIE TIN
805|ALIZA VERGA
806|RAEANN BERAN
807|MALIA JANSSON
808|PAOLA SPIGHT
809|DEJA SANDMANN
810|TWANA WHITED
811|CHUNG VILARDI
812|MATTHEW SHOFFSTALL
813|RENETTA ALZATE
814|EVIE SHEIN
815|DEEANN CAMPAGNINI
816|LUE OZ
817|GENNY FLEURISSAINT
818|DEONNA MONTESINOS
819|MONIKA BRYNGELSON
820|EUGENA GRIFFEL
821|APRYL STINEHELFER
822|SUSANNE ROSATO
823|IVELISSE AUGE
824|DEB GIANTONIO
825|YOUNG LAMPSAS
826|KIMBERY ECKOLS
827|BERNETTA MAYALL
828|BETTYE DISANDRO
829|ARLA HAMBRIC
830|DRUSILLA SWOPES
831|ZULEMA RASH
832|IRMA DOROUGH
833|DAGNY VADASY
834|JOYE SIVILS
835|SHERY SHAPPY
836|BENITA CONNICK
837|THELMA MCCLUNE
838|NIKIA STEPCHINSKI
839|SATURNINA GARVE
840|INGA VARA
841|ROSELIA FROEHLICH
842|DINORAH RAMIS
843|ROSALVA BOSTON
844|GENNY KEATING
845|KAYLENE COUNTERMAN
846|TAMEKA OSTER
847|TANIKA FAVERO
848|RONNIE STUCKEL
849|CASEY PIEK
850|DIEDRA HEERS
851|NILA DZINSKI
852|LACY GUSTER
853|ADELINE RAINWATERS
854|SYBIL WHITFORD
855|LAURYN OCKENFELS
856|MELVA SELVAGGI
857|DIONNA MALLARD
858|JACQUELYN STROMAN
859|EUNICE TREUSDELL
860|KRYSTAL LOHOFF
861|ADRIANNE BOEDEKER
862|ARDELL VARES
863|YOLANDE ASBURY
864|SHELLEY LAMPREY
865|LUBA DEVITIS
866|JOEY STRUVE
867|JODEE ATAMIAN
868|JENE LUBKE
869|VICENTA SEWADE
870|TONA WIX
871|MERYL DETILLIER
872|ISOBEL FRUGE
873|ANNIE TROTTO
874|ESTELA CARLO
875|DEMETRIUS FASCIANO
876|MINDA BRUTLAG
877|CONCHITA MERANDO
878|KRISTEL MCGLOTHLIN
879|TARSHA BURRELLI
880|TASHIA TURKINGTON
881|KENYATTA KOEPP
882|JOSPHINE COKER
883|ALBERT MACHT
884|RAYMOND DUNKERSON
885|NIKI LEQUIRE
886|DAVINA PEDDY
887|DELPHIA FLEENER
888|REMA ROUTE
889|ARLENE GROFF
890|HALINA NAGASAWA
891|RENATE ANGELLE
892|WINTER SWICORD
893|YURI MIYASAKI
894|MARICRUZ GINYARD
895|STACI DRANEY
896|MICHELINE PULIAFICO
897|BLONDELL SKALSKY
898|VANDA WARNKEN
899|NERY VROOM
900|PAMULA VANDEUSEN
901|GEORGEANNA SELLEY
902|ZADA HAMRIC
903|CARLOTA PENNIG
904|JACELYN FAUTEUX
905|FRANCHESCA LESKOVEC
906|MAYME OGARA
907|PENNEY THRASH
908|ELLEN BERNTSON
909|PINKIE COURCHINE
910|BELIA MOCHEL
911|ALISE GALANTE
912|KIMBERLEE RUBYOR
913|LINH STUCKE
914|ANDREA KEALA
915|BERYL URREY
916|SHALONDA MONTENEGRO
917|SHERRIE BEIN
918|DIAN RENGERS
919|CLAIRE SHEEHY
920|JACKIE OPET
921|RENEA SCHULKE
922|HILDA MAUNEY
923|VERGIE HOLMGREN
924|MYONG ALAMOS
925|BRANDY CONWAY
926|KASANDRA RARANG
927|CORNELIA GUZIEC
928|LEIGH BIRKY
929|DOT EGGEN
930|ALAYNA HERSTAD
931|MAURITA CREGO
932|LIBBIE WOOSTER
933|JULIENNE LEBARON
934|TESHA PIETROPAOLO
935|SUZANNA FOSSATI
936|NAKITA SONDELSKI
937|NELLIE CARBON
938|KIZZIE VIRGO
939|ARA BROBERG
940|BERNIECE HOOFARD
941|DANIEL SIDE
942|NIA SENFF
943|FELISA AMUNRUD
944|MAUDE MOSELY
945|JOANNIE MARCHANT
946|SHANEL KURCABA
947|BRITTANI YANDOW
948|ROBERTO LACY
949|AI RAYCRAFT
950|TOSHIKO ROCHIN
951|COLETTE MARTIS
952|SUZANNE ULERY
953|EULAH SCHINKER
954|DREMA MOGRO
955|ELINOR BUZZANCA
956|LIEN DUKELOW
957|YON HOWARD
958|KANESHA MCSORLEY
959|MACY WEISSMAN
960|ALINA SUERO
961|NOLA NOELL
962|CRYSTAL OTUKOLO
963|LELAH CLEASBY
964|SIGNE SHIFFERD
965|CANDI TORSIELLO
966|KATHARINE SPORT
967|SUK KOGAN
968|GREGORY IHA
969|BLANCHE HAILS
970|RHEA BERTONE
971|GLORY CUSHWA
972|TREASA STORMER
973|KIERSTEN DOMINGA
974|TANESHA CANTOS
975|NADENE KOSTYK
976|SORAYA ALROD
977|PEG TRESTON
978|ANJANETTE ISIORDIA
979|GIGI THIESSEN
980|JOHANA GILGAN
981|BRANDEE BLETTE
982|CORRIE RIVERA
983|APRIL ALBANO
984|ASHLI BITNER
985|AYANNA TUZZIO
986|DANIELLA BLAESER
987|SUSANN LEITNER
988|LETHA PULSIFER
989|HAN GLORY
990|CORETTA SCHOLNICK
991|KERRIE HASEGAWA
992|LYNSEY FINNIE
993|SEE NYGARD
994|VIRGIL WATERFORD
995|DARCI WACKENHUT
996|ALTHEA KINERSON
997|ELENORA SCHUHMANN
998|EDYTH BELLEVILLE
999|DRUSILLA SHIELS
1000|KRISTEL KIMBELL
1001|DELLA JEAN
1002|ELISE LOFTMAN
1003|LIZZIE CLOPPER
1004|MELITA ABAJIAN
1005|ARDATH DECOSTE
1006|ELANOR BADGLEY
1007|ELIZBETH HACKLEMAN
1008|JANINA GRELLA
1009|KYM TADDEI
1010|SHIRL CALICUT
1011|LINDA KOPIN
1012|MORIAH SINGSON
1013|DORTHEA CRISMON
1014|TANYA LAFFERTY
1015|LOISE KNEEDLER
1016|CARLY DELACRUZ
1017|MARIVEL BASLEY
1018|CAMMIE SPYRAKOS
1019|LISBETH WAGMAN
1020|BILLI SMERKAR
1021|VETA SHAFE
1022|MALLIE SANKS
1023|YOSHIE SOLLARS
1024|MAMMIE RAESIDE
1025|LUPITA KANOFF
1026|LOREEN HARDEMON
1027|ZELLA ALDRETE
1028|TERICA HANCIN
1029|GWYNETH BALZA
1030|ETHA MAJIED
1031|ELOIS DENCE
1032|EDYTH ESCHER
1033|JACQUE ADAMIK
1034|MEI CLEARK
1035|CHEREE MARTINEK
1036|SERINA MERGENTHALER
1037|ROSELINE BURGIO
1038|ERLINE CAVEZ
1039|GERDA REHDER
1040|BERNADINE MIKKO
1041|AUGUSTINA WIMBS
1042|WILDA TRAUTNER
1043|LAINE BRUNELL
1044|BIRGIT GNEGY
1045|JOLENE WOLSEY
1046|KYMBERLY BEATHE
1047|BLAIR SHUGRUE
1048|MATILDE KRAJNIK
1049|LAVETA HAKIMIAN
1050|ROSANN SLAWSKI
1051|LATARSHA EFIRD
1052|MICHELLE CARMLEY
1053|TANESHA WANOUS
1054|SHAUNA RIGGERS
1055|LUANNA MEYERING
1056|DENNIS OLEKSY
1057|LOVETTA PREATO
1058|FELICITAS KHAIRALLAH
1059|ELFREDA DESQUARE
1060|KENDA TOLSON
1061|IDELLA DONAVAN
1062|NUBIA KORINEK
1063|KELSI DEFOOR
1064|JANEL HISCOCK
1065|KYOKO STOFFEY
1066|JANETTE DISALVATORE
1067|KATHERINE TSENG
1068|SUZANNE KIENLE
1069|CHAN RONALD
1070|LILIAN DEGAUST
1071|CLEMENTINA SWEE
1072|JACQULINE CERMENO
1073|SUELLEN KOWALKOWSKI
1074|ALYSIA BREZEE
1075|ELVIE SALADINO
1076|RAINA MATHUS
1077|JACQULYN DIRLAM
1078|ALBERTINA MCCLUNE
1079|ANNICE GRENSKY
1080|SHAN CHUGG
1081|JAE CECIL
1082|LAMONICA LEAMER
1083|CATALINA GUERRERO
1084|BRITTNEY CAVEZON
1085|ROSLYN JEFFERDS
1086|MANA LATIF
1087|LULA GAVLES
1088|ROSEANN PIERMONT
1089|KELLEE JORRES
1090|KRISTY VIBBERT
1091|HAROLD NAHAS
1092|JANA ZABOROWSKI
1093|MAMIE CAMPOLI
1094|JOHANA BENNO
1095|LAURENE CORREIRO
1096|ESTELA THEBERGE
1097|SHAUN TABRON
1098|QUINN LEVISTER
1099|GRACIELA BEGUN
1100|KRYSTEN LOCHRIDGE
1101|JACQUE MCCANDLES
1102|IDA KONIGSBERG
1103|KIMBERELY WHITTLESEY
1104|IRENE SHIPP
1105|SAGE HASSLER
1106|NATALIA LOREG
1107|AMBERLY UZELAC
1108|TONI JUZA
1109|FERMINA TETZ
1110|JACQULYN SETA
1111|ASTRID GOODMANSON
1112|CORIE DECULUS
1113|VANIA BOTTON
1114|ALEEN VEGA
1115|PAOLA BECKMEYER
1116|SHAMEKA ROSENTRATER
1117|EDITH BILLAFUERTE
1118|NELDA BONNIWELL
1119|ANNAMAE THORNELL
1120|MICKIE SENICH
1121|FELICITA LOEURM
1122|CAREY BLAND
1123|LOUISE VANDERMEULEN
1124|KETURAH BEADY
1125|LORRAINE CABANAS
1126|NADA BRANDNER
1127|MELODY STEINBERG
1128|PHUONG IGNORIA
1129|KIMBERLI WHITESIDES
1130|MARKETTA GAGLIARDOTTO
1131|MERI KAMPA
1132|MITZIE MURELLI
1133|FRANCINA POGORELC
1134|JEANNINE WIRTANEN
1135|HANNAH DESTREE
1136|MADELAINE MIHALY
1137|JENIFFER KAHN
1138|CHERLY SCHWERTNER
1139|TRISTA MINICH
1140|OK TIETJE
1141|ENOLA LOYST
1142|CORALEE DHEIN
1143|MAGALI POSADA
1144|ENEIDA BERKHEIMER
1145|LYNNETTE GANIS
1146|MANDI SIDEMAN
1147|HASSIE DUNBAR
1148|HALINA GALIMBA
1149|DONG BURON
1150|ANNITA APONTA
1151|LOVIE SHIGO
1152|ROXANE BURKDOLL
1153|TINY TIBOLLA
1154|JANA GOOSEN
1155|SHILOH ATHAYDE
1156|LOUANN KIDNER
1157|GUILLERMINA DELOSSANTOS
1158|ERICKA PULEO
1159|EFFIE SHERIF
1160|CANDIS OKON
1161|LUANNE KILBERT
1162|HALLIE DINWIDDIE
1163|JACINDA MARTISCHNIG
1164|KATLYN LANGIN
1165|JOSELYN CHIRINO
1166|KARMA MOSSIEN
1167|TAMMY ALTSISI
1168|DENISHA BLESSMAN
1169|DANYEL WATES
1170|ROSANN HERRIAGE
1171|EVANGELINA MYRTLE
1172|MELLISA POLASKI
1173|NANCEE ROHRICH
1174|SONG REAMS
1175|TOMMIE BARCHACKY
1176|HETTIE OREJUELA
1177|DEVORAH PACKWOOD
1178|QIANA MCCAN
1179|DEDRA MANNINGS
1180|PEARL JAMER
1181|SHERLY SEVEDGE
1182|KRYSTIN KOESTLER
1183|SANORA FAUSTINI
1184|KRISTAL DARY
1185|KAITLYN PETTAY
1186|DAPHNE DULLEA
1187|TORRI BOKER
1188|TAINA VICENTENO
1189|LARITA TALHELM
1190|JOHNETTE BRITS
1191|DENNISE DRANE
1192|CRISTI WARFEL
1193|SUNDAY GEISLER
1194|THAO SORBER
1195|ALENE STICHT
1196|KATHRINE SANTAELLA
1197|PHYLIS KEE
1198|KENYETTA PARENT
1199|MICHIKO HERAUF
1200|ELDORA PASTORIN
1201|DIMPLE SUMMEROUR
1202|LATANYA NEILING
1203|GEMA COCA
1204|ALENE LUZURIAGA
1205|KARYL KINSELLA
1206|FELICIDAD MYRIE
1207|GEORGIANA LABER
1208|ENA PENDERGRAFT
1209|JOE TRENT
1210|JACINTA KIRT
1211|IRISH WAZ
1212|MARYLEE TREADWAY
1213|DIEDRA BURNET
1214|ALBERTA MILL
1215|DEEDRA CAREAGA
1216|SEPTEMBER ALTRECHE
1217|ADELINE BENNINGFIELD
1218|EMILY STECKER
1219|HONG RISTOW
1220|YURIKO CANNADY
1221|JEANE HESSEE
1222|ROBBIN MONDO
1223|CHRISTIA DIROSA
1224|KITTIE HOPEWELL
1225|DONYA HOYING
1226|JACQUETTA PILANT
1227|SHARILYN PILATO
1228|ALYCIA WINDSCHITL
1229|PHILLIS SANFT
1230|NORAH RASCON
1231|CHRISTINA EBERWEIN
1232|LERA HARVILL
1233|LAURENCE BAUSERMAN
1234|VELDA CHRISTOFF
1235|GRISEL MILLSPAUGH
1236|DAMARIS PARRENT
1237|COLBY STEINBRUCKNER
1238|KANESHA MUSKA
1239|LAKEISHA GAFANHA
1240|ELIZA TUKUAFA
1241|MONIQUE POWELL
1242|MADELEINE JAREMKA
1243|EVETTE QUATRARO
1244|JAUNITA LEGATE
1245|ALEXANDRA GERNER
1246|NYLA MANRIQUEZ
1247|ISOBEL MATULA
1248|SHAYLA MCCORRISON
1249|ROSY HETHERMAN
1250|DORIA MABANE
1251|IZETTA LADSON
1252|DAINE RENDLE
1253|MEGGAN HENCHECK
1254|AZUCENA MWAY
1255|IZOLA ALTHEIMER
1256|LAVONA BORCUK
1257|JOHANNE BADZINSKI
1258|BERRY EASTRIDGE
1259|KIANA TIPPETTS
1260|JOANNIE LELAH
1261|CHRISSY FAGLEY
1262|PALMIRA HEIDEN
1263|DELISA READING
1264|SHARIE BALKO
1265|BRANDA SCHOEFIELD
1266|LATOYA MCCALLY
1267|IVEY FALCONE
1268|THEODORA URBEN
1269|ANGELA INGHEM
1270|ADRIANE RUESGA
1271|JONE MOLER
1272|CLEMMIE GORRINGE
1273|SHANA REBOLLAR
1274|KIT SWEAZEY
1275|MOZELLA TIMPER
1276|LIANE DALENE
1277|JAIMEE PONTES
1278|ROCHELLE RECHT
1279|FELIPA VOGELPOHL
1280|LOGAN REDDING
1281|OLIVA MARRION
1282|DENITA WINDHOLZ
1283|VERNON SKURSKI
1284|LATASHIA BOLINS
1285|USHA RANCOURT
1286|TORY FORDEN
1287|MA SNOKE
1288|CONSUELO STGERMAINE
1289|JESSIKA LEWI
1290|JAYNE GIUSTO
1291|JOLYNN SILVAN
1292|BERNITA BUCKBEE
1293|ORALEE HOFFSES
1294|YESSENIA EVETT
1295|JOVITA JANDL
1296|TESSIE MCGIBNEY
1297|STORMY RIEFER
1298|THELMA SIENKO
1299|OLYMPIA BOULER
1300|CHRISTOPHER SHEFFLER
1301|TASHINA CIENFUEGOS
1302|GIANNA RADTKE
1303|LADY TRAICOFF
1304|SUNSHINE TOUHEY
1305|JANELLA TORRISI
1306|LYNETTA BATTEY
1307|MAURA GREELEY
1308|SOMMER NAPOLEON
1309|JOLIE BERRETT
1310|MICKEY ZAWADZKI
1311|MALKA SKINKLE
