0|PA CENTENO
1|DELOIS CAFFEE
2|MERIDITH HEATHCOTE
3|MICHAL PROSAK
4|VIVIEN RACCA
5|VIRGEN SIEBEN
6|MANDY PARRIS
7|CAMILLE LUQUIN
8|BARBRA HOFBAUER
9|AZALEE PASHO
10|LUCIENNE SAYWARD
11|JAMEE ZARIN
12|SHAYLA CAPPELLUTI
13|EVANGELINA ZAHAR
14|MARYBELLE REDWAY
15|LARAINE FUAPAU
16|ALMEDA EDLESTON
17|NATISHA HEARNE
18|MICAELA SHELLS
19|SARAI DIDWAY
20|RUTHA TANGO
21|THERESA DROUBAY
22|ROSSANA BEVER
23|CARLIE GOLOMBECKI
24|VIKI PRESHO
25|GIDGET HALLFORD
26|CATHERIN LAMBORNE
27|LEONIDA ESCARCEGA
28|FELIPA SEVERT
29|DARLENA BIALEK
30|VERSIE FREIDEL
31|JOYA DADDEA
32|LAI PIETROPAOLO
33|GERALDINE STAGNITTO
34|CAITLIN AFURONG
35|DOT BASTEN
36|TORY THOMEN
37|DORIE CANTE
38|TAI ROTHBERG
39|LINH WESTALL
40|SCOTTIE CHOUTEAU
41|MITZIE AUWAERTER
42|GINA MUNTEANU
43|JULIETTA BECKERLE
44|TEMPIE VANAMERONGEN
45|ILDA BAYLIFF
46|MICHAELA BONNOT
47|CHERISE LINDMAN
48|LOUELLA REMIASZ
49|CRISTI DAZA
50|JERALDINE MCCURRY
51|SASHA ECKEL
52|LYNELL SHAPPEN
53|JAYE MIYAHIRA
54|RAE MARKSBERRY
55|REITA BORDON
56|SUK LOGGHE
57|MIGNON MAISENBACHER
58|IVORY STIPEK
59|BERTHA SEVERE
60|ROSAURA PEERBOLT
61|CHRISTENA SUSICH
62|LESA BOYNTON
63|SHERITA CACHOLA
64|TAMATHA BRODIS
65|SHAUNTA KOENIGSBERG
66|COLENE CRUTCHER
67|MAUDE TAZEWELL
68|YAEL STREVA
69|JEFFIE SEAVER
70|ALEXIS ALEXAKI
71|ALBERTA REYNVAAN
72|JACKELINE KAPFER
73|HILDEGARD KIRCHGESSNER
74|ELEANORA TRIPI
75|CYNTHIA MUNL
76|SALLY GAMLIN
77|VENICE WHALLEY
78|KARYL FANTZ
79|ARIANNE SLYE
80|MELODEE RAMONE
81|KATE NEELON
82|ANNIS MELROSE
83|SUN SCHWARTZWALDE
84|TAMI DEGEN
85|HERMINA HOCUTT
86|JEANNE SANGH
87|LAEL KNUTZEN
88|ANTONINA TOMASELLO
89|PRECIOUS DERIZZIO
90|ENOLA OKAZAKI
91|VERONIQUE THRAMER
92|TONITA CZYZEWSKI
93|ALANE VIROLA
94|CANDANCE SCHERRMAN
95|RIVA BENZING
96|LIDIA GIANDELONE
97|VENETTA RUSEN
98|NANETTE LEGENDRE
99|CHARLA MINSHEW
100|MIREYA SALANDY
101|BRIGID CHASTEN
102|TAWNY BALCER
103|BOBETTE HALBERT
104|ILDA SENECA
105|GRACE KOWALESKI
106|GEORGINE OLDE
107|SHAE GRUSKA
108|MITTIE LANGUELL
109|BENNIE MEUSEL
110|TOSHA PENICK
111|JULIE GOREY
112|SUE KUCHEM
113|ELOISA ROHLOFF
114|BERNADETTE AUTHUR
115|DARNELL KOTRBA
116|CORENE WEATHERBY
117|SHIZUE BOWMAN
118|THRESA MANEAFAIGA
119|LENA BLEWETT
120|GLENDA SINGLEY
121|CARYL BRANTER
122|JINNY STORCK
123|LASHONDA IGLEHART
124|TONETTE LEUBNER
125|KERI HARLING
126|SOO BACHAND
127|PATRIA MIHARA
128|SHERI BIGUSIAK
129|NANCEY HERZBERG
130|JESUS VILLATA
131|MELANY DORNE
132|TAMATHA ELCOCK
133|LAMONICA STEWART
134|KERRIE RUNYON
135|BIANCA CUTWRIGHT
136|JAIME TIZNADO
137|BARBARA FLESHER
138|ETHA ACRE
139|KARAN SALABARRIA
140|ALEASE SCHARPF
141|TULA BOSCHEE
142|OLENE GANIRON
143|KANDRA WAISATH
144|YEE MCQUILLIAMS
145|ANA CROCE
146|GEORGETTE SONDERUP
147|INGRID PASHIA
148|HILARY SARABIA
149|GENNIE ESQUIVEZ
150|CORINNE WINKLEBLACK
151|EWA VARUGHESE
152|ELNA KESTLE
153|NICOLA KLEINMAN
154|STACY GADEWOLTZ
155|BONG SHEARIER
156|FERNE REIK
157|VELMA KOVAR
158|EVALYN BANDURA
159|BILLIE SAXON
160|SHONTA SCALA
161|COLEEN BRANCANTO
162|ROSSANA BRINLEE
163|CARISA FURLER
164|SIOBHAN ZOLLMAN
165|CINDA KERNELL
166|MARYELLEN RYER
167|GEORGANN KUCHENMEISTER
168|PEGGY HENTZ
169|CATHERN MALAVE
170|ELLENA ACOR
171|MAFALDA HEGLAR
172|NORINE POLEDORE
173|ARTHUR ZAHRA
174|GRISEL MONTESA
175|MIKAELA TEATS
176|ILEEN LEAF
177|SHAWANA DOSSIE
178|CRISTI TAHERI
179|EMMY MUSCH
180|FE FLUGENCE
181|SABINE LOMAGO
182|LENORE SHEIN
183|DALILA DESCHENES
184|KACIE FOTE
185|VEDA SLOCOMB
186|ROBIN DUGGINS
187|TEMPLE EMHOFF
188|DIVINA HEARIN
189|GERRY SCHNURE
190|FRANCESCA BELGARDE
191|MARNA HATTON
192|LIA IMMEL
193|ZOFIA LARDE
194|CONSUELA PURPURA
195|LEXIE POIRRIER
196|EBONY THIEDE
197|ILA VIANDS
198|ANTHONY EMBS
199|KELI CHEFALO
200|CANDICE SZENASI
201|SHANTELL GAUDREAU
202|DORIA SCHWERIN
203|EMA ARLEN
204|SHALON SHARY
205|DANYELL VANTASSEL
206|ANGEL BAKLEY
207|TAMIKA BETSCH
208|DORIAN WEIG
209|HERMINIA CRUMPTON
210|KASHA HOSHINO
211|MIMI SHIPMAN
212|CANDY SURYAN
213|MAGDA KROGSTAD
214|MERLE KAITZ
215|LAYLA APPELBAUM
216|MICAH KITE
217|LAURETTE PADEL
218|DEDRA FUKADA
219|DANIELA SINKO
220|BRIAN WOODS
221|CHRISTEL KALLHOFF
222|ALETHA ERMERT
223|LIDA LECHEL
224|JAYME VANAUKER
225|GALINA CHIESA
226|JACQULYN GERHARD
227|CORINA SCOLERI
228|JOEANN KNISPEL
229|HILDEGARD FAGERLUND
230|NIKI LIVING
231|RAQUEL POUK
232|PEI FRID
233|JACQUE MOALA
234|ODETTE FONTANELLA
235|JAE KLOCKE
236|STEFFANIE GLASSER
237|LIZ SPANE
238|SANTINA BONADIO
239|BERNIE MUELL
240|EVANGELINE JERNEJCIC
241|MEREDITH ALLEGRA
242|YI BURNWORTH
243|CHRISTIANA HIBERT
244|VICTOR BONTEMPS
245|LATONYA MARCONI
246|LOIDA VANKLEECK
247|LINDSAY FURCHES
248|JETTA BACCA
249|AUDREY SPIER
250|JULIO CRUDEN
251|ADINA SPICUZZA
252|HIEDI PENNEWELL
253|KANDY REBEL
254|TANA ROSEBORO
255|CHRISSY MILON
256|LOVELLA HIPPEN
257|LOLITA STANSBERY
258|TERISA CROWTHERS
259|FRANK SHEARES
260|LIZBETH SKILLEN
261|MORIAH MUNDY
262|SUSAN YARRELL
263|BEV CAUTHRON
264|RENAE CEPARANO
265|CHARMAIN CAVERLY
266|JANEY GROSSMANN
267|CREOLA SULSER
268|ERIKA RANALLO
269|ODELIA PAOLI
270|VELDA DIMAGGIO
271|DULCIE HYSQUIERDO
272|JESSI WEGNER
273|DANNA PETRICH
274|ADRIENE RYAL
275|TELMA FARTHING
276|LAVERA LENSING
277|ROSALIND CHANOINE
278|LAWANA BOHMANN
279|YASMIN LAGOA
280|FREDIA FOIL
281|ANN SOMERS
282|KEENA POESCHEL
283|GERTIE WIKLUND
284|CAYLA FREUND
285|CRISTINA ARAB
286|JANELLE JOSIC
287|ANNMARIE WONSIK
288|ALLYN OCAIN
289|ETTIE HIRAOKA
290|KARISSA ROCKAFELLOW
291|MARX MEIER
292|KENISHA DUITCH
293|DELENA LAPAN
294|ANAMARIA KOON
295|ELADIA DACY
296|LORENZA ELROY
297|LAVONDA WENTWORTH
298|LACHELLE BE
299|LIANNE HAMELINCK
300|LORETTE ROSCOW
301|CAROLL MCGIBONEY
302|SERAFINA AMO
303|MAIDA DORSAY
304|JENICE TENUTA
305|NGOC DRYDEN
306|JOEY MOKRY
307|PATTY OTIS
308|SABINA STANCOMBE
309|NOEMI COLLIS
310|ELWANDA HARD
311|LAILA KINZEL
312|LEIGH KRISKOVICH
313|JANNIE BOHMANN
314|LARONDA MCCULLOUGH
315|LAWANA GIDDINS
316|VENNIE SPRIGGLE
317|NILA DUEWALL
318|MERRILL GERLOCK
319|KIESHA UMANZOR
320|DORIAN HOULIHAN
321|JANESSA GRUNIN
322|NILSA MILAR
323|MERISSA SEIFFERT
324|FELICITAS LANSFORD
325|CORDIA WHITCHURCH
326|KAROL GLEEN
327|LAURETTE SALATA
328|SHARYN SPRINGLE
329|NILDA LYNCH
330|MOZELLA GLAVAN
331|CAROLANN RAETHER
332|CORAL CORF
333|MELLISA HENNINGS
334|LUDIVINA MANDELBERG
335|THOMASINE SQUILLACE
336|MILLY GUERRIER
337|MA VILLALOVOS
338|KELSI GOODNOUGH
339|MONA CATOE
340|STEPHAINE BEDAR
341|ENRIQUETA HANDWERK
342|TOMEKA TARNER
343|CHRISTA DRAXLER
344|MITTIE SORCE
345|MENDY BRENTANO
346|IMELDA REASOR
347|QUEENIE HARKRADER
348|PAULA BEHLMER
349|WEN HOVICK
350|KATI LEONI
351|CRISTINA PICCHI
352|AFTON CUMINGS
353|LATOYIA HOPTON
354|MARIEL ARRIZAGA
355|BAILEY COTEY
356|YOULANDA LEBERMAN
