0|LATIA MAEWEATHER
1|TAMMI PRAZAK
2|LEILA STOFF
3|MERTIE LANI
4|ISABEL MALFATTI
5|KATHI BAGGE
6|TAWANA WALLISER
7|JULENE SCUITO
8|LARHONDA SADBERRY
9|WINNIE OCONNER
10|ELENORE LABARR
11|LIN UREN
12|RANDEE LOWRANCE
13|TREASA HICKLING
14|ROMA VALLAS
15|KRYSTA KLINGBERG
16|LUCIA HAIFA
17|INOCENCIA ERICK
18|TAWANDA STRATER
19|FLORRIE STITZEL
20|GAYE LEZAMA
21|MELODI LAMMON
22|TILDA MACMILLEN
23|LEDA STELLUTI
24|BOBBIE PAVLOSKY
25|EUGENIE MINERT
26|MEDA KARDUX
27|MERISSA WASMUTH
28|BRITTANY AVON
29|BETTY HOUSHOLDER
30|AUTUMN NIEMIETZ
31|JUNG KERSCHNER
32|CAMERON PRICE
33|LASHUNDA KOBERNICK
34|TRULA KAMPMANN
35|ABBIE CEDARS
36|MARGORIE DALZELL
37|MERRI BAKR
38|TAYNA SELLERS
39|MELODI SEIDEL
40|JOEANN DOROW
41|CHARIS LOZOWSKI
42|SHERRILL FESTINI
43|CATALINA ASTORINO
44|MICAH STUTLER
45|ANISHA GITTING
46|TAMMERA BIAS
47|MERISSA LYNES
48|MABEL HAPKE
49|GAIL BRISLAN
50|MISTIE CAVA
51|TAMISHA DEBRULER
52|DENEEN LUTH
53|ANGELICA NOYER
54|LETTIE SORIANO
55|NIA PATZNER
56|VONNIE WACHOB
57|BERENICE DEJARDEN
58|GABRIELLE FLAMIO
59|KATHI GLICKEN
60|FERNANDE LEON
61|NELLA PEDROZO
62|MIRIAM LIBERATO
63|GIDGET GOWDY
64|DAKOTA RUDNICKY
65|RICKIE JAYSURA
66|RHODA JACOBITZ
67|JONELLE KATSUDA
68|SHERELL PODEWILS
69|OLIVIA HIEBERT
70|KATHE HOUY
71|IRENE CLAYBORN
72|ELEONORA HILLERS
73|KATERINE QUAN
74|MORGAN CEARLEY
75|THERESSA FURNE
76|ILENE SAUTTER
77|FREDIA BYUN
78|NYLA FREAR
79|NYDIA BIRRELL
80|BLAIR KAMERER
81|KATI LEUBNER
82|SHARAN VERMILLION
83|DELORIS VARCOE
84|MARGARETA SLINKARD
85|MARYLYNN BARILLAS
86|CHANG KLEPPINGER
87|KRISTYN PERSCHALL
88|FILOMENA PESCATORE
89|ELINA GERECKE
90|KAYLEIGH EQUIHUA
91|MAXIE QUILLENS
92|BARRIE FILZEN
93|DARLENE MULCAHEY
94|TEENA KNIERIM
95|KEIRA LEDERHOS
96|DENESE LUACES
97|ANNABELLE BUE
98|AKIKO LAUDERMILK
99|ADELA BARRANCO
100|VANNESSA GARVERICK
101|REBBECA VILLAFANA
102|SHANAE STACK
103|TANDRA POLAND
104|NADA BURNAUGH
105|SHAREN ESPINOSA
106|DARA VIRELLI
107|JONE MERCHANT
108|HAROLD DRELICK
109|THOMAS AGIN
110|CHONG WORLAND
111|DONG LEUHRING
112|AMAL LEFLER
113|MARYJO PACIOLLA
114|JACINTA BUBA
115|CHERILYN LYSON
116|ELAYNE RAUDA
117|NATALIA SHEAN
118|MINDI OURS
119|BLANCH BEYERL
120|EVIA COCHREN
121|VANIA PENNEBAKER
122|TAMEIKA DICORCIA
123|DIANN PREISEL
124|KANDACE GILCHER
125|AMBERLY DOUGHTERY
126|ALLISON KOEPSEL
127|MAGARET BLACHOWSKI
128|GAYNELLE BOGER
129|GIGI QUIRION
130|SHERLYN MADEIROS
131|GWENDOLYN PAFF
132|VERDIE PENSINGER
133|MICHEL DILLINGHAM
134|SHANITA STARS
135|CLARENCE METLER
136|GWYN RUBENFELD
137|CORLISS CUDWORTH
138|CHARISSA GIOE
139|MARIELLE QUALHEIM
140|CORRINA FOPPE
141|AUDIE SCARINGI
142|ZOE WRENCH
143|EVELINA MADDEN
144|MARIANN KEMP
145|ANGELINE GOSS
146|BETTINA RUSTAD
147|BRITNEY GROHOSKE
148|CORAZON ZULKOWSKI
149|TAMMY GALETTI
150|CARLIE KROTINE
151|CARMAN ARDUINI
152|DEVORAH HARARY
153|THORA YELVERTON
154|JACELYN BICKNESE
155|KELLY WELLE
156|TONJA ITRI
157|SVETLANA GOODLET
158|JENNELL ABLER
159|REFUGIO BEVIL
160|EDYTHE ANGELOTTI
161|MIGDALIA DOMINICI
162|AGUEDA HANF
163|ISELA REDPATH
164|DORETHA ARAND
165|GEMMA WINKELJOHN
166|ALYSIA VETO
167|EARNESTINE GILFORD
168|JANAY LESTOURGEON
169|LATRICE COVENTRY
170|BRITTNI COBBLEY
171|PANDORA SCHANGE
172|KIRSTIE LARIS
173|ADINA GUSTITUS
174|JUNITA PREECE
175|BECKY OGAMI
176|LARITA WHITEHALL
177|ARIELLE SUMRULD
178|DOTTY LAMMEL
179|DEIDRE SZYMANSKI
180|LUE VELLUCCI
181|ALLENA VANDERHOOT
182|PHUONG CRUCE
183|BRITTENY GEARHART
184|EDITH DOPLE
185|SHU SONDROL
186|HERMINE TEITELBAUM
187|NICHOL GONNELLA
188|ROSIA ESBENSEN
189|JASMIN LISKEY
190|WANDA MINSHEW
191|KATY FICHT
192|VANITA KROTZ
193|KAYLEIGH CZAJKA
194|GLENDORA NICKLOUS
195|KENYETTA BELIZ
196|MARVEL ANGOVE
197|ELEONORE ANGLADE
198|BRITANY ACHE
199|TOI NEVERMAN
200|ELOISE COZBY
201|SHARRON MILLIE
202|SUZANN TURRIGIANO
203|CHARLENE VANDERFORD
204|VANDA TESSMAN
205|EVELIA COLLAER
206|EMIKO PRIBNOW
207|MADISON PAPAGEORGE
208|ELIDA BARRINGER
209|ALISHIA HONMA
210|YOULANDA CARWELL
211|MING FURY
212|SHAUNNA CAPOSSELA
213|GERTRUDIS ARCAND
214|DENITA SAPPER
215|JON SOHNS
216|OLIVIA JOERGER
217|TORI APE
218|SOOK MCCAMEY
219|MELDA OPIE
220|SUK CROCE
221|CORRINNE ELZEY
222|SIMA WALKOWSKI
223|VELIA BURNEY
224|CANDANCE HANNUM
225|TERINA WEDELL
226|LATOSHA GONNEVILLE
227|KELSIE OLSON
228|TRINIDAD DANIELLO
229|COLETTE KOEGEL
230|KITTY EVELINE
231|CIARA DOLMAN
232|TORIE ERMATINGER
233|DELMY VALERI
234|CATHERYN DERCOLE
235|SHELLA STROTMAN
236|MARYLOUISE HAAB
237|KARINE BALDRIGE
238|ANNA SHEEHY
239|GUDRUN DIFLORIO
240|INES TROESCH
241|DELPHA LENOCH
242|LUCIA BUCHOLZ
243|KATHERN BARI
244|DIEDRA RINEHEART
245|SAVANNAH STEEB
246|DACIA MINKOFF
247|CARMELLA KOSTAL
248|OMA CLACK
249|OLA STREICHER
250|SHANTELLE SALISBERRY
251|ARIANE PRUESS
252|FLORENTINA JARECKI
253|BOBBI EGGINGTON
254|CHI MOCCASIN
255|MARGY BUCHAUER
256|BRIANNE BIERWIRTH
257|MAJORIE RIVADENEIRA
258|VICTOR SHIKUMA
259|CALANDRA LENSKE
260|HILDRED BARTHOLOMEU
261|CANDELARIA WILLES
262|SHARYL WANKEL
263|WANDA SAOUS
264|SORAYA MORNING
265|KARA NUZUM
266|EILEEN KUBECKA
267|AGNUS KALCHIK
268|NONA SATTERLEE
269|ELSA KILBERT
270|MELANIA MIDKIFF
271|JOEY ARDIS
272|ALESHIA WALN
273|DIAMOND JIMEREZ
274|ALEIDA CECCHINI
275|JENNIE MERRIHEW
276|AURA LEMMO
277|EPIFANIA LOMBARDINO
278|GERTRUDIS NORTHCOTE
279|STASIA PESH
280|GALINA PLACHECKI
281|KATHERINE PAVELSKI
282|HILDE DARYANL
283|CHUN PERSYN
284|SHELIA DELAVINA
285|STEPHEN BECKLIN
286|YUKO COTHRAN
287|ANGELIA HOCHHAUSER
288|LEENA PRONOVOST
289|BLAKE CAROSELLA
290|JENNIFER ALBERS
291|MARINDA PALONE
292|MARYLEE STARMER
293|VONDA CABRARA
294|MAMIE COLSON
295|MELINDA KAPPERMAN
296|TU MANZANO
297|CARMINA KAAWA
298|ERIN CERRETA
299|RACHELL DRINKARD
300|PHEBE QUARTERMAN
301|OLLIE MILLAM
302|ILENE CHE
303|LASHELL ARBERTHA
304|AGUEDA HEERY
305|ROSAURA FITSER
306|PAMILA PARVIN
307|JANEL PINKERT
308|KATHALEEN DUFORT
309|TOBIE PATNEAUDE
310|DIAMOND KOVACIK
311|VANESA UVA
312|CANDRA REGESTER
313|TRICIA TAVARES
314|MARCELINE GRABEL
315|MARITZA SPIOTTA
316|MELIDA MEHLING
317|CHANDRA CARPENITO
318|MICKI CAPEHART
319|CAYLA BEVELL
320|LETICIA EMMERSON
321|CORRINA CHAMBLEE
322|SHAWNEE DROESSLER
323|KENYETTA TOWERS
324|DIONNE KRIMPLE
325|MARTIN TROUSER
326|ANISSA WAWRZYNIAK
327|HOLLIE GAMAGE
328|DUNG AHRENDT
329|ILEANA CUERVO
330|ETSUKO NATHE
331|GERTRUDIS TANDETZKE
332|BOK QUAYLE
333|SHEMEKA LANGELIER
334|ZENAIDA HINISH
335|WENDOLYN CHERMAK
336|MARINA CLUGSTON
337|LISSA WAKITA
338|CINDY CHAMBLE
339|BARRIE ROBARE
340|MYRIAM DILLAMAN
341|SUSAN KONOPACKY
342|ALEASE LISA
343|APRIL HIVES
344|MARNA PURL
345|JEANMARIE HEDEEN
346|CHERELLE HOECKER
347|VENUS KLEBANOW
348|SHANTAY ZEIGLER
349|JEANNE LOAR
350|MELDA SAMOWITZ
351|CARLETTA WURTS
352|TAYLOR ANOLICK
353|ZITA MCMONAGLE
354|DEETTA GRIEST
355|MARYLEE ROVERO
356|RICKI CAVALLERO
357|JO DEMAGGIO
358|IRISH MILLNER
359|YOULANDA PINTOR
360|MATHILDA GORUM
361|FELICIDAD LITSTER
362|CARIDAD TOOLEY
363|GWEN HEINER
364|JOHNNIE HUSK
365|MOZELLE DEMART
366|REGINA BAGEANT
367|REDA HOLZWARTH
368|RYANN PINEGAR
369|STAR GARTER
370|ISELA OSSWALD
371|RUTHIE WAGENER
372|ANABEL CREMER
373|SAMIRA BALLEW
374|GERTIE LAUSIER
375|ROXANN KAZAKOS
376|TRICIA SANTO
377|LAKEISHA JEWKES
378|SHANA MCMURTREY
379|CODY SEBESTA
380|CHRISTOPHER VACHE
381|RAMONA BUTKOWSKI
382|ANGELO TRULLI
383|MITZIE SIBBALD
384|REGINE BEZANSON
385|JOSEPHINA MININGER
386|FAYE ARNSWORTH
387|EPIFANIA TSUTSUMI
388|LORRIANE JINDRA
389|NAKISHA NOCK
390|PORSCHE LACKIE
391|TONISHA BESER
392|RENAY ARCINIEGA
393|HERMELINDA CHAPA
394|STEPHANI HEUANGVILAY
395|LASHAWN TARUER
396|VALERI LOCKNER
397|ABBEY MIU
398|BETHANY SCHLEICHER
399|LYNDA JEROME
400|CHLOE LECHER
401|LUVENIA MATHIE
402|BRYANNA NEBLETT
403|JUDE ROSENTRATER
404|VINNIE STGELAIS
405|MARHTA PUCKHABER
406|ADA SHINDORF
407|CHERISE GARVE
408|LADAWN LOKHMATOR
409|NEELY HARDENBROOK
410|LAQUANDA SWARTOUT
411|SHANA WIEBER
412|NAKITA PALFREYMAN
413|SHELLY RASHER
414|THOMASINE WELK
415|GERTUDE SHRAWDER
416|SELENE SHARPLES
417|FREIDA BIRTON
418|NICOLETTE ARQUELLES
419|PHYLISS FINNI
420|DINAH RAVENSCROFT
421|TAWNYA KACHEL
422|CARLENA OCCHUIZZO
423|PEARLINE VANDY
424|SALENA CHARLOT
425|ALISA STEFFLER
426|CRISTA ELDERKIN
427|LAHOMA ZACKERY
428|BERNARDA KELAU
429|NIDA MANDOZA
430|MARYANN SPARHAWK
431|JACQUELIN SIRIANO
432|LAVETA MEYN
433|ALVINA ROTENBERRY
434|MILA HEMBRY
435|TAMEKA NODLAND
436|EUSTOLIA ROHRSCHEIB
437|REBA TORRANO
438|DIAN PASCASCIO
439|JETTA LOPZE
440|JANAY SWELGART
441|MINA PALEY
442|WILLA POMPEY
443|CHELSIE DIFIORA
444|ANA WELLIVER
445|CAROLEE FORDYCE
446|MITCHELL ORGOVAN
447|LUCILLA IALONGO
448|ROSELLA BROCKINGTON
449|CHEREE DAUTERMAN
450|ALIZA JOSIC
451|NOELLA FLATAU
452|CHRISTENE ILLIG
453|SABRA BRENNICK
454|MINNIE CALLICOAT
455|JESSIKA TSAU
456|JACKIE CRAIG
457|MARSHALL HELLICKSON
458|MINDY BOECKER
459|MALINDA CLAASSEN
460|ESTELL LASSAN
461|RENITA WINCHENBACH
462|AGATHA KROEGER
463|LORRIANE RISHE
464|TONIA JOLLA
465|BRIANA VANHAMLIN
466|LESLI GIOVANETTI
467|JULIETA EINFELDT
468|CHARISSE PICCUILLO
469|EUFEMIA VONBARGEN
470|LUZ MOWAT
471|BIANCA STETLER
472|THERESIA DEKKER
473|ALTAGRACIA SEBOLD
474|VINCENZA ELDERIDGE
475|JENNINE BLANCO
476|DELIA SONGER
477|ELOISA PRESTO
478|JORDAN RALPH
479|LAKENDRA PURCHASE
480|MICAH LEDET
481|MELVA WILES
482|MAN EROMAN
483|EVELYNN ROTHER
484|LASHUNDA LIEBHARDT
485|LESIA MARCELIN
486|BAMBI KOPALD
487|JALISA KLESS
488|TOSHIA SIKORSKI
489|CATHEY KELLAMS
490|LAVONIA PERROTT
491|NOVA STUMB
492|DALILA JIPSON
493|IVA BERKHIMER
494|FRANCINA CAPELLAS
495|BLANCHE BYLSMA
496|DANIELLE PHILEN
497|TESSIE ICARD
498|POK FLAMM
499|TORA BELLEFLEUR
500|GLENDA PROVINES
501|BROOKE NAVRATIL
502|AMIE WOELZLEIN
503|ZORAIDA HAILEY
504|ETTIE DONTEN
505|VITA MOLESWORTH
506|DEDRA RAMENTO
507|NANNETTE DODERER
508|LU RIVENBERG
509|MEGGAN LAMP
510|NUMBERS PADIONG
511|MARCELLE HOFACKER
512|MARCIA DRIVAS
513|IMA CODEY
514|MONNIE MECHE
515|CARLOTA PALISBO
516|ERYN FORKIN
517|COREY JUKICH
518|MELONY STOLTS
519|TAYNA CRADDUCK
520|NYLA DOXTATOR
521|MARSHALL HIXSON
522|MARGRET SLIWINSKI
523|BONNIE MEZICK
524|ORALEE DIVALERIO
525|LEONIE HERMANNS
526|SHARITA DEBELLO
527|HYO PILES
528|NIKIA STEIDL
529|BRITANY FRINGER
530|HARMONY CARPENTE
531|JOHNNA OUM
532|JONELL MACIVOR
533|AMALIA ORITI
534|JOE WETHERBY
535|TESSIE HELFERT
536|KAREY BERNETT
537|ARDELIA CONRATH
538|TYLER OTTO
539|LORINE VEYS
540|YESSENIA GRINES
541|MARYBELLE WALWORTH
542|PASTY MAENPAA
543|LANORA PUPPO
544|BERNICE MATKIN
545|SHALON RAJALA
546|VALORIE CRIPPS
547|DALENE ARUJO
548|MARTH NOWLIN
549|GRICELDA FALCONER
550|LIBBY GILLIS
551|PENNY HACKEN
552|MAYA BELLINGER
553|MICKI RACKO
554|YVETTE BLEATTLER
555|VAN DOMINIAK
556|DEEDRA KINGSLAND
557|YVETTE HEUBERGER
558|MARYANN PLACERES
559|JULIANNE MUMMERT
560|ROSALEE UNRUH
561|CARMON DARNOLD
562|DANNA PANDIT
563|LESLEE BILLINGTON
564|LENNA LASHBROOK
565|MARICELA KELLIN
566|MADELYN ROCCA
567|LANE NAUMOFF
568|RAVEN SCHROETER
569|DEVIN KRENZER
570|CYNTHIA PRAML
571|KAITLIN LANOSGA
572|PENNY ORMONDE
573|PIA MANER
574|GENA LAVISTA
575|IVETTE FILLHART
576|KRYSTEN HANACEK
577|ROSEMARY HACKNEY
578|ROSALINE LONGOBARDI
579|LORENA DELOACH
580|CARISA CAMMON
581|ELANE SCHUIT
582|SAM KOSCH
583|TRESSA STOEL
584|REMEDIOS BEECKEN
585|SUZAN MURZYCKI
586|KEESHA CAMORS
587|IDALIA GUIDERA
588|BERNARDA KEUPER
589|WANETA MCCANN
590|CARLEY BESER
591|DANIELE SPAMAN
