0|MADISON WIGREN
1|KATHERINA KARLEY
2|SHELBA SOSAYA
3|OSSIE PAWLUSIAK
4|ERA CAREN
5|BRANDIE FAURE
6|DELIA HONOR
7|ELISA FIXARI
8|CAITLIN MAYNE
9|ANNE SOWA
10|CHARIS HALBURNT
11|JANUARY MAGGIT
12|SHARICE MOUDRY
13|JESTINE SHOTTS
14|NOMA FRIHART
15|DEANN JUERGENS
16|MARISA EURICH
17|AGRIPINA KREFFT
18|DIMPLE PATMON
19|JULI CORE
20|MICA SHATSWELL
21|ANDREE CHALUPA
22|JULIE OZOG
23|BULAH WOJTOWICZ
24|BIBI GUTENBERG
25|ALVA KYZAR
26|TWANA PEEBLES
27|MIN ZARCONE
28|ZULA BUSBIN
29|FRANK DYESS
30|RACHELLE WALMAN
31|DORRIS SEGUI
32|LENA KROEGER
33|ALLYN ROTKOVECZ
34|DEAN HOLSCLAW
35|EUSEBIA OROPEZA
36|ROSELIA DELLEY
37|SANA RAMAGANO
38|CELESTE TJEPKEMA
39|JILL MATUSEK
40|THERESIA GUGLIUZZA
41|COREEN BOSCO
42|SHANTE BUCCI
43|GABRIELE OSAZUWA
44|LAURINE PASCO
45|ROBBYN ARANO
46|ANGILA FEDLER
47|VERONICA STUTZMAN
48|NILDA BEATTIE
49|LOGAN BRAZEN
50|OK REXWINKLE
51|STEPHANIA EFFLER
52|ORA ALTSHULER
53|TRUDY BARTLE
54|KIMBERLI GLEATON
55|GABRIELLE VANDUSEN
56|JOANA LINGAFELT
57|BERNADINE COLSCHEN
58|LANIE SEURER
59|SHERLY HASCALL
60|JENEE PETRULIS
61|DAPHNE GERMY
62|FE MASTRO
63|ALANE FOCKS
64|MARIANA KEANU
65|ANGELIC HEFFELBOWER
66|TOMEKA MEEGAN
67|CYNDY TARAN
68|LUPE FAULSTICK
69|YESSENIA GUZZIO
70|CONSUELO PESCHONG
71|ERMINIA PAASCH
72|ROMAINE SIMOR
73|CHRISTIANE ECHENIQUE
74|JANETT LEFEVRE
75|CHANELL IVESON
76|JOSLYN GREENLEES
77|MERLE KWIECIEN
78|IVA CRONK
79|JESSE ULLOM
80|SIMA WERNING
81|HERMILA ZENON
82|ELIA WAFFENSCHMIDT
83|TAMESHA NAZARIAN
84|DIMPLE DENES
85|GAIL BEKER
86|PRECIOUS ZAPEL
87|KARAN KNAPE
88|MINNA MACCLELLAN
89|GERRI LABERGE
90|KRISHNA DARE
91|SHA HROMEK
92|ALEXANDRA STRAWBERRY
93|NATACHA WEEKLY
94|GERALD DEGROOT
95|MALISA RENELL
96|LOVE BOYANTON
97|HUE GUILLIAMS
98|ARLEEN RUNDLETT
99|MYUNG ERICE
100|KASHA CHOLEWINSKI
101|ANAMARIA BLURTON
102|INGEBORG REGAL
103|BERNADINE KEARNS
104|NANETTE VINDIOLA
105|CHRISTIAN SHERRON
106|MICHEAL RASCHKO
107|LAJUANA BALIGA
108|AYANA MCRORIE
109|MINTA UMPHRESS
110|DANYELL DAYMUDE
111|RAYMONDE MANVELYAN
112|LORRAINE RACINA
113|NUBIA CLICKNER
114|VIRGINA DAVEN
115|RETHA HOLDERMAN
116|JULIANNE SCHLOSSER
117|HAILEY CHUKES
118|NIKI OSTING
119|SHARYL KONSTANTINIDI
120|GUADALUPE DOONER
121|ERINN GANOTISI
122|CORIE SUMAYA
123|MARYLEE CIPRIANO
124|ESTELLE GRUMBINE
125|MUI DECOCK
126|MYESHA KEMERLING
127|TARAH HOLT
128|LONA LISCANO
129|FILOMENA ROAF
130|LASHAY BALENT
131|EPIFANIA SASSE
132|MARGARETTA DUCK
133|SHALANDA KANAKARES
134|YANIRA ZORNES
135|ELMIRA LENOCI
136|AMPARO MURROW
137|ANITRA GRANNEMAN
138|CLARINE SCHNITZ
139|DODIE AREA
140|LOUIS HOCKENBURY
141|KIMBER LANT
142|MELODI HESSON
143|VALENCIA BOZEK
144|BELIA LEGATE
145|HERTA BARAL
146|KRISTIE RAGAIN
147|SHARRI FRYLING
148|TESS DOMANGUE
149|VERENA PAULIN
150|REMA BREW
151|VIRGEN GIVEN
152|ZENAIDA SABADO
153|CLARENCE JAHALY
154|ROCHELLE VALSECA
155|COLETTA SIVRET
156|MARCELLE RELLER
157|HILARIA STOUDEMIRE
158|BONNY DELINOIS
159|NELIDA MCMINA
160|HOLLIS HUFFAKER
161|JETTIE BERHE
162|AKIKO SNEDEKER
163|ADRIANE GUNTHER
164|KATIA PETERMAN
165|TRUDY PROMISE
166|LUELLA KISIELEWSKI
167|RANDEE MATZEK
168|ROBBIE LOWTHERT
169|JERRIE PARM
170|HORTENSIA WIEGAND
171|KASIE TROMBURG
172|VIKKI DWECK
173|IRENE RATLEFF
174|HELLEN KNEIFL
175|EMIKO STURGUL
176|SANORA PASCHAL
177|RAMONITA CHIOU
178|JESSE MOJARDIN
179|VELDA LIDSTONE
180|JULIETTA SAUVAGE
181|JOANA BUSSARD
182|TAWNYA HOFSTETTER
183|DARYL HOVDA
184|SIU HOBSTETTER
185|MELIDA CANIZALES
186|CHERYL HEMM
187|LYNNA JOLIVETTE
188|KIYOKO LOGGENS
189|ROSA OLIVERAS
190|CIERRA MARINEAU
191|PHYLLIS FASSETT
192|MELISSIA SUITOR
193|JANEEN KOSSEN
194|VERNIE CLISE
195|DORTHEY TRINE
196|MABLE ISABELLA
197|LAVERNA TANSIL
198|ROMANA NEACE
199|BARBARA GUYNN
200|MILDRED MURI
201|MARTY SEAMAN
202|MA SINNER
203|JOANIE LAING
204|NEVA PINNEO
205|ARLINE DREESSEN
206|RUBY WOLLMAN
207|DORIE KIESSLING
208|SAMMY SHERWOOD
209|AMMIE MEES
210|DYAN FELDHAUS
211|JONA SCARIANO
212|FRANCHESCA HOPES
213|KATHI SPIVERY
214|AUBREY MELUGIN
215|VIVIENNE TOBY
216|VICTORIA TIMONERE
217|ROXANA DARRIGO
218|EFFIE BETTER
219|LATRICIA COOPERSMITH
220|ARLENE DEMERSON
221|LURLENE MACARTHUR
