0|LUETTA PUFFER
1|NANCEY STIFEL
2|CANDRA CONAGHAN
3|MEI THIRY
4|ROSEANNE BORYSEWICZ
5|HARRIETTE SHIHADEH
6|EMELDA POSPICIL
7|JOETTE GUMMERSHEIMER
8|BRANDEE GROTZKE
9|NEDA YEZEK
10|FRIEDA COWELL
11|BARBAR BARSCEWSKI
12|SELINA SPINCIC
13|CODY DZIEDZIC
14|GEORGIE BRUCH
15|DORTHEY ANTONELLI
16|CHARISSE GLASBRENNER
17|LEZLIE PROVANCE
18|GREGORIA KATZ
19|MARKITA ALLWARDT
20|DONELLA RENOUF
21|CATHRINE ANKRUM
22|KIMI PERHAM
23|TORRI BAIL
24|AJA MITCHAN
25|VELMA LESHEM
26|JACQUALINE STROHECKER
27|ALEX VAGHY
28|VICENTA RAINVILLE
29|DEBRA QUINCHIA
30|CHARISSE VANDEWEERT
31|CARLEE HSI
32|CAMMIE FRAYNE
33|CAROLE ROBANTE
34|YAN ABDON
35|REGAN LEPPANEN
36|CASIE SEDLACHEK
37|TAREN CUNNIGHAM
38|BREANA DEVIVA
39|SHELBA WORTLEY
40|ARETHA MUKHTAR
41|YVONNE MEDLING
42|VERGIE AINGE
43|DELOISE GAUDETT
44|AKILAH MOHOMED
45|GARY HAWKE
46|LAVONIA WATRING
47|KARLYN LOVERIDGE
48|MAUREEN DEAMER
49|REBA DELLARIPA
50|NANCIE SCARLET
51|MERCEDES POPA
52|ADRIANE KEENE
53|KATI EUNICE
54|SHERIDAN ALFANO
55|AMBERLY ROUSSEAU
56|ANGELO SIVIA
57|ASHLEA CANNING
58|LITA BUMAN
59|CHARMAIN MUSIL
60|BECKIE URBINO
61|CHRISTOPHER LEFEBRE
62|BUENA WHEDBEE
63|VELVA CASILLAS
64|IMA GUGERTY
65|KENA DAMA
66|DAPHNE PARRAGA
67|LADONNA LOVERDE
68|MERRILEE NEWNUM
69|CLASSIE WITAKER
70|SHERA SAFRANEK
71|DIGNA DUKELOW
72|CLEMENTINE ALER
73|DELL WILDRIDGE
74|BELLA ATTLESON
75|CHERYL KLAPPERICH
76|JANET SICKLE
77|AVRIL BLOCHBERGER
78|WENDOLYN BREITBACH
79|THERESA CRIDDLE
80|YEVETTE MOELLMAN
81|TONIA WELBORN
82|DOMENICA GRANNIS
83|TIESHA KLIPPEL
84|LAURA MINUS
85|WAVA MITRANI
86|VERLINE STORMO
87|CHARLA ARVELO
88|SOILA SUCGANG
89|WILLIE MORINO
90|ALBINA BRAKE
91|LORETTA ANSELMI
92|SHONA SANDS
93|JENELLE GRISANTI
94|ETHELYN STATZ
95|KINDRA MCSPIRIT
96|WHITNEY KAMENS
97|NENA PRUESS
98|WANDA DIGNESS
99|ARICA SINGLETARY
100|MARVEL AKIMA
101|NEVADA URIEGAS
102|EUNICE LOZIER
103|LARONDA MCCLUNG
104|KATHERINA FORSHA
105|PHILLIS BYNES
106|MARIETTE PORTELL
107|IVELISSE INLOW
108|TRENA COIL
109|REIKO WILSHUSEN
110|NAKISHA STANCILL
111|GUADALUPE GLENDE
112|ETTIE KETTELL
113|JONI BARDELL
114|JONNA BUQUO
115|IRENE HONOUR
116|DONETTA DEASIS
117|MARYLOU FURMANIK
118|JAMIKA BAKELEY
119|VALENTINE PRECHTEL
120|ALYSHA MARX
121|ELDA MCTIGUE
122|NICOLA COVA
123|GLYNDA MOLSKI
124|KAYLA BRITZ
125|ELANA KLICH
126|SHOSHANA REINES
127|JUSTINE PANSINI
128|LAMONICA EZZO
129|CLEMMIE STARGEL
130|RETA LEGEYT
131|MADGE LAUNDREE
132|ROSARIA KOENIGS
133|ALLA VANORDER
134|HOLLIE GARSEE
135|CARMEL MAHLI
136|VINA KLOSINSKI
137|JAYNE MERRIH
138|IDELL DEVOT
139|ROMANA HAYDU
140|CORINA KUNIYOSHI
141|ANGELIA VOLLMERING
142|JAUNITA KLAMM
143|ELEANORA TIRY
144|MARGART DINGER
145|GENNA RIGHTNOUR
146|YUK HOFFMAN
147|LAKITA MICKELSEN
148|LINNEA CANDEE
149|LATORIA UHER
150|LAHOMA WESTWATER
151|TOMMY BAIRES
152|CAITLYN YOSHINA
153|ROBYN SCHEFFERT
154|CINTHIA JONGSMA
155|VIVA CULMER
156|LONI PILLO
157|KENNA GUAMAN
158|GENEVIVE KORZYBSKI
159|OK DEFABIO
160|CONNIE FIGARO
161|EUN WILLMERT
162|GEORGINA STORMENT
163|BERNARDINA WOLDRIDGE
164|GWYN VENTRY
165|LILY JAVERY
166|SHAYNA UPHAUS
167|TOBIE WARNTZ
168|PAULETTE DEJARME
169|LOVELLA SKUBIS
170|HYUN SITTON
171|NINA CHAVES
172|LORIS SCHOLFIELD
173|LINDA EMLEY
174|ELANA DARWISH
175|AMIE WISNEWSKI
176|IESHA SANTARSIERO
177|ERNA MUNT
178|STEFANY YAWN
179|JUSTINA MASSARD
180|VERDIE PARLOW
181|JOLENE DRIVER
182|LOUETTA SHAH
183|NA SETTLE
184|CINDIE BOWTHORPE
185|LAVERNA BUNCK
186|SHARITA HASSIN
187|NAKITA METAYER
188|ROSALIE BOZWELL
189|DARCEL DULIBA
190|BETTYANN PADDOCK
191|MICHELLE MCILROY
192|KATRICE FLACH
193|TABATHA HEGWER
194|TRESA MUESSIG
195|HOPE BURK
196|MARTH WEATHERHEAD
197|MELINDA STINDE
198|TAWANA ENDERSBE
199|GENESIS MUMPER
200|SHARLENE ROBENSON
201|BERNARDA BELLOSO
202|TILDA KEBERT
203|MADALENE BAUMIESTER
204|EVELYNN BURKLOW
205|FLORINDA GRUZINSKY
206|ALEISHA GNEISER
207|JOLYNN MONAS
208|CHANELLE SLINGERLAND
209|KARI FARLOW
210|CARRIE AHART
211|JUSTINE BENNERMAN
212|KIRSTIN REMER
213|ELKE HOENER
214|EVA BESLER
215|ALAINE PAULO
216|MARIVEL NICOLAU
217|MICHELLE MADREN
218|HILLARY DECANEO
219|JACQUALINE MCQUILLEN
220|SEASON EVERT
221|ESTELLA KRAUSKOPF
222|KATIA SATSKY
223|SUZAN BRADE
224|RHODA SELLEN
225|GARNETT OBERRY
226|ERIC GUITARD
227|BRITTANY BERNARD
228|LEIGHA DIGSBY
229|CLAUDIE FRAINE
230|COURTNEY MALUSKY
231|MILLICENT NAIMOLI
232|SABINE LORCH
233|NOELIA VETSCH
234|ALINE REEDY
235|PAMULA PACHECO
236|PENELOPE DACHS
237|ADRIENE WARMBIER
238|SHEA BOLDIZSAR
239|HARRIETTE MARTIG
240|RONA ZARITSKY
241|WHITLEY LILLEHAUG
242|SONG HRNA
243|CAMELLIA EGUCHI
244|DELL CAMPANILE
245|MYONG EICKE
246|AMI SYREK
247|EBONI BURBINE
248|SHANTI BAUGHAM
249|TOMIKA POUND
250|SUMIKO PADOVANO
251|KELLEY BROTHERTON
252|JULI GAVETT
253|STACEE WOLHOK
254|DEONNA TOCCI
255|BELIA GOODSPEED
256|MIRIAM KRUMWIEDE
257|CANDICE ISELI
258|LACIE HAYWOOD
259|EUGENIA BRENGLE
260|GEARLDINE FOXMAN
261|ALVERA OJEDA
262|DANETTE OLMOS
263|MARHTA HIETT
264|DWANA NYHOLM
265|CATRINA MESENBRING
266|ODELIA EGGETT
267|LAURENCE GOODING
268|HARRIETT SCHATTSCHNEID
269|HYO BRANGAN
270|TEOFILA CADEN
271|JOLENE FULCHER
272|VONCILE WALDER
273|VERLENE GUILBEAULT
274|MARYBETH GRANZELLA
275|MARJORY MAGSBY
276|JOSE LAUDADIO
277|LAURAN BOUDRIE
278|LACRESHA HECKE
279|MARTH PETTAY
280|LILIA NEACE
281|JOHANA MILTZ
282|FERNE DEMEGLIO
283|NAIDA SCIPIONI
284|VELDA SUFFIELD
285|YAN LAUTENSCHLAGE
286|LEILANI ASTRUP
287|LINDY ZELLARS
288|ELLIS HASKINS
289|MERILYN MARRINER
290|JACQUETTA WATNE
291|ROSARIO OKAMURA
292|MARYLYNN WISNER
293|JOETTE RACHAR
294|VENNIE LASSA
295|CARISA PETTERSON
296|LASHAWNDA BURGY
297|CHASSIDY TOLAN
298|SAMELLA FENGER
299|IZETTA BELLANGER
300|KAMALA SATRE
301|KACI WILTZ
302|CALLIE DUNKINSON
303|CANDANCE PASCALE
304|SHARDA BLOSFIELD
305|DONITA SPEICE
306|MICHAELE GREIGO
307|FLORRIE KUCHENBECKER
308|VIVAN LEASY
309|TAWANNA SCHNICK
310|ANTONIO KAVANAUGH
311|MADALINE GAWRONSKI
312|OUIDA SWEEP
313|MATHILDA ZACHMAN
314|PATIENCE SWARNER
315|ELSE CARTON
316|JANEE BITTNER
317|CHAYA SKILLETT
318|DENAE KALLEY
319|JANET HABINA
320|LINDSY DIMOCK
321|CRISTINE RYMES
322|GALINA BIRCHER
323|SHANIKA DEPPNER
324|JANIS HOLLINRAKE
325|LASHAUN VRBKA
326|DEBERA CANTONE
327|SHAYNE LUCIDO
328|BEVERLY BARABAS
329|PANDORA HOBBINS
330|LEIGHANN RADOVICH
331|CASSY STEARS
332|LURA TROILO
333|MERRY ALIFF
334|MARIAM CHABOLLA
335|CARLEE LENART
336|PENNEY GOBBLE
337|KATHRYN ENAMA
338|THERESIA MAYRANT
339|LEANORA UNGERECHT
340|BRANDIE DEHANEY
341|ALVINA BUMPUS
342|VADA ANCHONDO
343|LIANE GUGLIUZZA
344|ELIZBETH BENCOMO
345|XUAN TYNAN
346|MACKENZIE HANOLD
347|SUDIE SWATSWORTH
348|RAQUEL BALCEIRO
349|IRAIDA DUNMAN
350|TRACIE KEDING
351|LAWANNA SATAVA
352|BULA MCQUAGE
353|LONA ABBASI
354|BONITA VANDERVORT
355|EVANGELINA SPANGLE
356|RACHEL HOLSTROM
357|TAMIKO EMMA
358|MARYAM KENAGA
359|TALISHA KIMBERLY
360|SHELLEY BUMPASS
361|MARCELINA VANGORP
362|NANNIE LANGNESS
363|LEOLA REALI
364|LORETA CHERVEN
365|ADRIENE PARRINGTON
366|PANDORA SCHLEE
367|LATESHA AFFELD
368|ERMA KLECK
369|MADELYN PORCARO
370|SHELBY HOWDEN
371|LAWANA JUNIOR
372|AMIEE AREVALO
373|MYONG SEGOUIA
374|LOURA JAQUEZ
375|MARIKO NESMITH
376|REGENA CRABB
377|MICHEL GIANGROSSO
378|ELLENA ZANINI
379|LISA SAVKA
380|PENNEY HAMLING
381|LAURICE DRALLE
382|ELVIRA JONKER
383|KRISTLE ARNWINE
384|SHAYLA MANISCALCO
385|RINA PASEUR
386|SCARLET EFLIN
387|AYANA CONVER
388|CHASSIDY BOLIG
389|KRYSTAL EPIFANO
390|GWENDOLYN GUILLARY
391|DIANE WILLIMS
392|SHALON HAGADONE
393|GERTIE STEN
394|TAMMI MCCANT
395|LOMA CELLAR
396|JOANN DAURIA
397|LUISA TRIMM
398|JANN SCHIAVONE
399|TRENA LARANJO
400|ADRIANNA YAKE
401|BELEN CHINNIS
402|DIMPLE YAGIN
403|LILLA KOWALOWSKI
404|TERRELL SCHERRMAN
405|MADLYN OTTILIGE
406|CECILY SENCABAUGH
407|MARIO MENCH
408|YOUNG EMMOND
409|ZELMA CRESPI
410|KERI DUFRAIN
411|MA LAPINSKI
412|CLEO COWIN
413|LAN MANZUR
414|GLENDORA TAVIRA
415|KA MIHALAK
416|LAVONDA DESANTIS
417|JENAE JUNKER
418|ALFREDIA CORPORAN
419|BETHANIE BOGENSCHNEIDE
420|ANDREA WALWYN
421|SCOTT PETTINELLI
422|GAY BAPTISTA
423|CHANELLE MCCRAKEN
424|KANESHA KAAI
425|ILEEN CHARLIE
426|JANUARY LABBE
427|MIMI PACQUIN
428|FIONA KOLES
429|TEQUILA WYNN
430|IVONNE SJOSTROM
431|MANY DIFILLIPPO
432|ASHA HAUXWELL
433|VANIA SAWINSKI
434|JULIET MIKULECKY
435|KARA BONAVITA
436|ROSEANN CROON
437|AZUCENA VANDERWOUDE
438|CARLEE WITTSTOCK
439|MELIDA BENEDUCE
440|NOVA DERMADY
441|SAMUEL HOBDY
442|TIANNA RETA
443|BERNICE RANSON
444|XIAO BROWM
445|SADIE MCCROY
446|ROSALIND BETTS
447|CLARINDA TREBBE
448|PRISCILA MELBER
449|AMIRA SOMMER
450|GRETTA LEMKE
451|CHARLA PITONYAK
452|LAKIA DORTILLA
453|MADELINE CZECHOWSKI
454|JAZMIN VERELA
455|NAKISHA POPKE
456|KENNA GISONDI
457|ANNIKA KYSER
458|DELAINE GARVE
459|LEILA PERSCHBACHER
460|IRISH HEMSTREET
461|CYNDY BROERING
462|MATILDE ULBRICHT
463|SIOBHAN HEADY
464|ARNETTA GOLDWYN
465|GRACIE CAUSEY
466|DANICA CIOCCA
467|MARIKO BAUMERT
468|ALYCIA LUITJENS
469|CHIA KRUTSCH
470|VERENA SMOKE
471|SUK SCHERMERHORN
472|SETSUKO GABAK
473|EARLENE WANGBERG
474|MERYL MENSER
475|ELIZA LUTE
476|ARLA BELLEFONTAINE
477|AVRIL RUZYCKI
478|BERNARDINE LAPAGE
479|JOIE HOOS
480|TAMBRA DIMARTINO
481|SUZANNA SCHEURER
482|MARIEL BATISTA
483|MAIRA DEHGHANI
484|MERCEDEZ SHARRETT
485|RESSIE LAMADRID
486|LAQUANDA SWAGGER
487|MAMMIE MORRALL
488|TERESIA OLAES
489|ORA DING
490|NELL RUFFO
491|EVELIA VIVION
492|LETTIE FAUBEL
493|WILLETTE HEDRICK
494|SHAE LAURI
495|MEI CONSOLE
496|SIMONNE NOVEMBER
497|LANG EREBIA
498|DIONNA MCDANNELL
499|MAGDA LOTTON
500|JANELLA KNISLEY
501|GILMA HARAJLY
502|LORRETTA PANTONI
503|ESTELLE KOLL
504|SIDNEY TOME
505|KATHERIN MAISEY
506|MAIRA BATLLE
507|MICHELL SAHE
508|ZONA STEINKELLNER
509|LORALEE CRAW
510|GIGI BARRICK
511|CELSA KILMON
512|TRAN LAMMIE
513|JACQUALINE SHINALL
514|JANNIE KLITZNER
515|DORIA STINSON
516|IRENE DUPERRE
517|EMMY LECHER
518|MELONY HASSENPLUG
519|MICA BOUND
520|HALLEY SELLER
521|ANNMARIE VANEVERY
522|VERNELL HARDERS
523|TAMMIE SCHOENEMAN
524|FABIOLA NOTHACKER
525|MOON CARRAO
526|ARDELIA PLOUDE
527|JOHANNA HOECKER
528|YEN CASTELLONESE
529|SHELLEY LENEAVE
530|TRANG JONDROW
531|SHERILL ROSBOUGH
532|JANUARY RENSING
533|CHERIE SINN
534|JAMA VANDERAU
535|GLAYDS BERTAGNOLI
536|RENE SHEARIN
537|ROXIE SCAPPATICCI
538|DEVONA GAULTNEY
539|EFFIE PFLUGRAD
540|MARIANA AMAYA
541|THORA FORBUS
542|EDYTH ANAGNOSTOU
543|EMMALINE DUDZIAK
544|ASUNCION YARBROUGH
545|NANNIE LANSER
546|JANYCE BESKOM
547|CAMELLIA HOECK
548|MEAGHAN DINGESS
549|LIBBIE TALSMA
550|CASIMIRA TERRENCE
551|MARYLOU GAYTON
552|JULIEANN SAXMAN
553|LUCRECIA ZIENTEK
554|CLARITA BRIMFIELD
555|CRISTAL PETROPULOS
556|AUNDREA MILANO
557|TABITHA KESSON
558|MARDELL HUBERT
559|JAIMEE WESTENBERGER
560|HEIDI CARBAJAL
561|AURORE NASH
562|GERALDINE POTOLSKY
563|LORIS HINGER
564|VASHTI FARELLA
565|ARIE PITASSI
566|LISSETTE ROZGA
567|DEON HILLENBRAND
568|IONA GUDERIAN
569|ALLA HOPPA
570|LEWIS BUJOL
571|TERRELL DAUGHRITY
572|CLAUDIA FOSSO
573|TRUDY CHINNIS
574|MARGARET BEARD
575|ZANDRA LARRABEE
576|TANYA ABURTO
577|NAOMI OLESON
578|KHALILAH OLIVIERA
579|CARLYN SAZAMA
580|THUY WEISHAAR
581|ROXANE KASCHMITTER
582|NATASHA MONN
583|TA VANECK
584|CORRINA NOKLEBY
585|ALVA GRABOSKI
586|DARNELL ZHOU
587|MADELINE WALTMANN
588|ISABEL LUCARELLI
589|MYRTIE ARENA
590|BERYL DUENAS
591|DENA HERRIOTT
592|LOUANN SPICHER
593|ABBEY PERKIN
594|VASILIKI BORSETH
595|JOVAN ALEN
596|TRACY GEISINGER
597|MARLENE ALBAUGH
598|GLADIS COMPEAU
599|THOMASINA SAWTELL
600|LOUVENIA LATTEN
601|VALENTINA MANGAN
602|HIEDI STEPNOWSKI
603|HILARIA REGULSKI
604|FREDERICKA BRUGMAN
605|LEONIDA DRIESSEN
606|NIKI SCURRY
607|GRETCHEN KOTNIK
608|KARON SITZE
609|WAN DETTY
610|OLETA SHAE
611|NANA HISEL
612|ROBERTA SATIAGO
613|EMOGENE WEIGNER
614|ALIX TIVIS
615|PHUONG VERSACE
616|MALISA VIEWEG
617|VERNELL RUFFCORN
618|VICKIE COCHIS
619|CARMEL ZGODA
620|PAMALA BRESETT
621|LANITA HINCKLE
622|LYNDSEY BOULIER
623|CHRISTIAN CLUBS
624|VIOLET SHEALY
625|CIRA CRALL
626|ELANE SELZ
627|YUK SOLIES
628|LEEANN BIZZELL
629|JANEEN PSILOVIKOS
630|ESTHER LILLICK
631|BROOKE VIELMAN
632|LIDA JOSSELYN
633|CHASIDY DURANDO
634|NICOLA BLYE
635|BETHANY AAMOT
636|KOURTNEY FULLEM
637|MARYLOU SARCINELLI
638|CHANDRA VANDERWOUDE
639|ROSAMOND CANOVA
640|MACHELLE VACHA
641|KARMA TIEN
642|KIM SCHWICHTENBER
643|RUTHIE LEVALLEY
644|NICKIE PENAS
645|SYBIL BELSHEIM
646|CASANDRA SIEMERS
647|KERI CHAUDHURI
648|TAM CORNMAN
649|WANDA BOLFA
650|BRANDEE HINNANT
651|SANTANA GACUSAN
652|SHENITA SMITHBERGER
653|SUZI STUDNICKI
654|CLARICE EICHERT
655|ALISHA STADER
656|JEFFREY ALDAVA
657|ROBBYN SKABO
658|ERNESTINE BRUNET
659|IMOGENE STEINMULLER
660|ELICIA NITSCHKE
661|LILY HOVICK
662|VALDA FLITTER
663|GEMMA GOWINS
664|OTILIA MOU
665|ASHLEE UMNUS
666|JESENIA SCHWERTFAGER
667|GIUSEPPINA ABBOT
668|ARDELLA ABUAITA
669|ELOISE SCHMALE
670|LORETTA LESCARBEAU
671|ROSEANNE PROKUP
672|MITSUE COMBEST
673|LASHAWNDA EADES
674|CHANTEL LUSTY
675|LORIANN ZURO
676|CONCETTA FLANNER
677|ISIS MCCRACKER
678|CHERI HULETT
679|MAURITA PILLEY
680|CLYDE KRAVITZ
681|AGUSTINA PADGETT
682|ARLYNE MIRABITO
683|GERI CALUYA
684|DEDE WAHLERT
685|ALTA GALLIPO
686|ALYSHA BAYLIFF
687|JULE FORKIN
688|NANA MATURI
689|EARLEAN ROWSELL
690|HENRIETTE SHADDUCK
691|HANG QUNNARATH
692|JEANNETTE GAUKEL
693|GRACIA COHRS
694|ZAIDA TIETZE
695|VIKI HAUSTEIN
696|JOANNIE ALM
697|SHANDI CHAFFEY
698|VERNITA CHUBB
699|ALISHA LESS
700|DALILA ZETINA
701|GEORGIANA DAUM
702|OZELLA TRUMBULL
703|VERENA MARQUARD
704|KIMI DUFFEL
705|ANASTASIA PEALER
706|ANYA GERONDALE
707|JOSEFINA ZELLMAN
708|SANJUANITA SKATTEBO
709|CHANELL FRAZZANO
710|ELBA KLEMISH
711|DAINA GRINES
712|RESSIE DIRKER
713|MERNA DORNER
714|CAMELLIA FUGO
715|MALISA KLEMKE
716|SEEMA SCHOMIN
717|KYMBERLY SHALHOUP
718|VICKI JULIO
719|LISA CERVENTEZ
720|VIVIENNE MORLOCK
721|VALARIE THIBODEAU
722|ELIZA PINEAU
723|STEFANIA LONGMAN
724|SAMUEL VALADAO
725|WINDY BATH
726|GLORIA MICHAELIS
727|SUSANNE NIEMINEN
728|CARMINA AGERS
729|BARBARA SACHETTI
730|LUCIANA KRIVAK
731|TERESITA MORELLE
732|MACHELLE TRACEWELL
733|BRITTNEY ZAPF
734|CANDY GERNER
735|SHARLA CIAFARDONI
736|WINDY SCHEPPER
737|NORAH SEPT
738|TWANDA SHEARN
739|GAIL SURKAMER
740|SHARIE FURNO
741|ELSY RUECK
742|BREE BRINKER
743|CASIE DAQUILANTE
744|CARITA SINDEN
745|LORA ZINS
746|CORINNE MCLEARY
747|KERSTIN DIFONZO
748|KATHERYN SLEAFORD
749|ADRIENNE KRIST
750|MARTHA CARMEL
751|CAROLYN PAWELEK
752|LEIDA MITSAKOS
753|MARQUITTA ARRIS
754|ROSE PARSELLS
755|DENNISE RINALDIS
756|LAURETTA LAHM
757|VELVET RICUCCI
758|LEANA CLOWER
759|FREDA DEGRACIA
760|EVELIN MADDOCKS
761|REDA NISHIO
762|DARYL ZINGONE
763|JOELLEN PREWER
764|RAY CASACCHIA
765|FRANKIE KUBIS
766|ALFREDIA ZANDERS
767|ROCHELL BOSLET
768|ALYSA BODDA
769|TONIE ZAPATO
770|DORTHEA BACKER
771|LYNELLE DOERLE
772|CARLETTA OWENBY
773|QUEENIE LAMP
774|VERNICE WYDEVEN
775|LESLI LINGNER
776|PURA SKEETE
777|MANA OMER
778|JASON ANDRESEN
779|BETTIE PALAS
780|HOLLEY SIMPLER
781|LOLITA VESCOVI
782|ETHELYN ORLIN
783|KISHA ARBOLEDA
784|ODELL VAKIL
785|ANGEL RISHELL
786|EVITA DUA
787|MYRLE JADLOWIEC
788|ARDATH CHILSON
789|MARNI LOBATO
790|MELVIN CAVE
791|PATTY PINCINCE
792|NOEMI LYSAK
793|GWYNETH PYLAND
794|CLAUDE PEREZ
795|LYNSEY SERAFINE
796|MARISELA OHRNSTEIN
797|FLETA URANKAR
798|TORRI LAVERRIERE
799|AMEE SANZONE
800|BRITTENY CARTWRIGHT
801|KEISHA HAEN
802|LARRY SKENDER
803|TANGELA KATS
804|SHAYNE MIDDLETON
805|ROCHEL ARNOLDY
806|VANESSA SAWTELL
807|SHAWNA KINGHORN
808|ELVINA BRACHMAN
809|CAROLYN STURDY
810|MICHA POLIO
811|KIMBRA LAZARD
812|NAKITA FERER
813|TA HAINEY
814|CARYLON COKLOW
815|ALIX GEWANT
816|LEKISHA KOBERNICK
817|SENAIDA DESOMMA
818|GRACIA MOCCIA
819|DIANN PALYS
820|LEISA RANSOM
821|LORETTA SIMMIONS
822|JOSEFINE DEVITA
823|SAVANNA DELSON
824|PAIGE KEKIWI
825|SUSANNE WAMSLEY
826|ROSALBA GUILLERMO
827|KEELY MCCURINE
828|BREANA LENSER
829|TOSHA RUNFOLA
830|INGRID COSANO
831|TERESIA CASSADAY
832|JUDE ARIANO
833|FARAH EREBIA
834|CANDACE MENCHEN
835|KATELYNN HUNKER
836|ROBERTO CONLOGUE
837|LEOMA GLISH
838|GILBERTE SPIVAK
839|IVONNE DUELL
840|JOANNA MORRISROE
841|MIGDALIA LAPENTA
842|JUTTA GIROTE
843|GERRY GIUFFRIDA
844|SOL LANDESBERG
845|FLORIDA BLACKFORD
846|ELKE COACH
847|WILMA DOMANSKI
848|MINTA RAYMORE
849|SHARRI ALCALA
850|MARIBETH RIPPERGER
851|DOROTHA DECOLA
852|SHANTE JUARBE
853|ZENIA HISTAND
854|MIGNON LIGHTBODY
855|DANNIELLE KISCH
856|JAE BARINO
857|CLAUDINE MIZZELL
858|MAXIE PROSCH
859|LACHELLE MASINO
860|URSULA POLAK
861|ASHTON VAROZ
862|DIAN SCHMIEGE
863|CANDY MARZAN
864|MATTIE WECKENBORG
865|KENDALL BRALY
866|CARINA ELLCESSOR
867|CRISTEN FIEBIG
868|JOSEFINA REDBIRD
869|LEAH BRZEZICKI
870|ADENA CO
871|LOMA YEHLE
872|DALIA BELON
873|BEATA YURICIC
874|SHERIE EFFORD
875|MALENA TETTER
876|BERNEICE GOETTEL
877|ROSITA ACHIN
878|CYNDY NORDLIE
879|ALPHA SHBI
880|JENA AMBROSIA
881|BILLY LUSIGNAN
882|DUSTY PARROTT
883|LULU ALFERO
884|LANELL SUNGA
885|GLORY BLACKNER
886|DELILA APPLING
887|LUCY LESESNE
888|JERLENE BIDERMAN
889|WHITLEY GERTNER
890|SHAINA SCHLUND
891|UN COTTER
892|IVETTE PORTIS
893|ALICIA HORD
894|LAVADA DORNAN
895|LAMONICA KLEMISCH
896|KIMBERLY BOOM
897|DORTHA GERSTLE
898|TRENA RAMNARASE
899|KRISTA BONGO
900|HOPE IMAMURA
901|DELORA BOATRIGHT
902|LAYLA EBAUGH
903|MELODIE DILE
904|LINNEA SHREWSBURY
905|TANDY STROHECKER
906|DAISY NOTOWICH
907|BEATA SOOTER
908|KEENA DAVOLT
909|KAYLEE CIRILLO
910|ALEXANDRIA SWERDLOW
911|ADRIEN TANSEY
912|RENETTA CONDIE
913|GEARLDINE FREUND
914|SEE SOHO
915|DEBBIE EVERSMANN
916|JUNG MOUL
917|CHERYL PATANELLA
918|MARLENE DISANDRO
919|GLORY ALTOBELL
920|SHAWANDA STERBA
921|CORINE TAFLINGER
922|NU BEGUN
923|MANIE PEDRONI
924|ELIZ OLCOTT
925|TAMEIKA ANGILERI
926|MIRTHA ENGLEKING
927|ELNORA HAILSTOCK
928|ERMINIA ATON
929|ANGLEA LERWILL
930|KATLYN MUSCOLINO
931|KATI PANTOLIANO
932|JENNIFER ZELEK
933|FRIDA TOWNE
934|MARINE LANDSMAN
935|DANYELLE ABADI
936|LUVENIA POCKETTE
937|ORALEE THURN
938|KEENA RUEHTER
939|DAYSI BOBBS
940|JODI DIBERARDINO
941|BOBBYE RAELSON
942|HILLARY SWATT
943|CHANDRA RACER
944|BECKIE MEENACH
945|DENEEN HORNUNG
946|LAVERNE ACEVEDA
947|SUZANNE JARBOE
948|IGNACIA BURGEY
949|MEAGAN REANO
950|MARYANN BLOMDAHL
951|UTE ESTEB
952|CATHIE STIEGER
953|DENNY CROFT
954|ARDIS LAMOORE
955|KATHARINA GRAVINA
956|CHIN PARISH
957|LESA STEPPIG
958|JENICE BALISTRIERI
959|ERMELINDA LAWRIE
960|JOANNE DEY
961|KENDALL WALLICK
962|ADRIANA SWANDER
963|DOTTIE WARCHAL
964|BERTIE TELLMAN
965|LENA LAZOR
966|LINDSAY NEWMYER
967|CECILLE ROUZER
968|ASHTON TIENG
969|YU ROEHLER
970|VIRGEN DEYETTE
971|ALYSON PETROPOULOS
972|JAMA DAVIAU
973|JENIFER PENAHERRERA
974|GITA MODIQUE
975|DELMY OCUS
976|FLORRIE PLATNER
977|SUE SHERROD
978|GENIA ROIG
979|MARILU SEIBERS
980|MARCELINE TARBOR
981|MARICELA POALINO
982|HOLLEY BORING
983|CHARMAINE KELLEM
984|CHARLENA JUSKO
985|MARCELINE VEVEA
986|MARGORIE KAMRADT
987|SHAWN BERNARDY
988|ALYCIA MCCONICO
989|VERNELL DELPINO
990|LAURIE DERRINGER
991|CORRINE GEHRI
992|CAROLANN MCSWEEN
993|PEI SHEPARDSON
994|CHAYA SCHILLINGS
995|BRYANNA HEIMS
996|EMOGENE MCRANEY
997|ANNELLE CALLEO
998|DELOIS SNIVELY
999|YOSHIE ROESER
1000|MUOI MOURITSEN
1001|ROBENA CHINEN
1002|HANNELORE FRADY
1003|SHERRY FOLLER
1004|SHAYNA DESCOTEAU
1005|FLORINE ANGIONE
1006|MARGARITE HELTSLEY
1007|LAVON DEPETRIS
1008|AUDIE WINDUS
1009|LULA LAMBDIN
1010|SHEILA BABINEAUX
1011|RONA ZWAHLEN
1012|TAWANA MASSETT
1013|ANGLEA AAKRE
1014|CONSUELA BRABSON
1015|EILENE KOLICH
1016|MAKEDA SPIEGLE
1017|SHERISE ZDANOWICZ
1018|JACKQUELINE CASANA
1019|LUVENIA INKS
1020|ROSALIND CLOUGHER
1021|JULEE BERNARDIN
1022|MAUDE VELEZ
1023|INELL ULABARRO
1024|CHARISSE ICHINOSE
1025|JOYA BRIDGEFORD
1026|FRANCENE WADLEIGH
1027|HAN SPITZER
1028|DEANDRA CORDY
1029|ROSANN GOCHENOUR
1030|ASHLYN AGYEMAN
1031|JOSELYN CONCHAS
1032|MAYRA PHILBIN
1033|LAWANDA HAGER
1034|EARLINE LAWSHE
1035|TILLIE MANDATO
1036|GAYNELL PRETZER
1037|TAKAKO MILLONZI
1038|MARG SOWERBY
1039|BELEN EHLE
1040|THEA HERDON
1041|DIEDRA DEYO
1042|PAOLA DEEDRICK
1043|ALEXANDRIA MCLELLAN
1044|TOI OBLINSKI
1045|ROSANNE COURTWAY
1046|ILA CASTELLONESE
1047|SHAWNA SUBLETTE
1048|RAMONA CORBAN
1049|SUNNY JINES
1050|DENISE DEGUIRE
1051|LURLINE LANGMAID
1052|ROMANA ZIERDT
1053|ANNE TRIBLEY
1054|JUSTINE HERDA
1055|MICHEAL RODENBECK
1056|PAMELIA SHREWSBERRY
1057|ENEIDA BEARD
1058|JOANE SISNEROZ
1059|PRISCILLA DERRIG
1060|HIROKO BRONDER
1061|JESSIE GUDIS
1062|BETTY GRAYBEAL
1063|DANIELLE TOLENTINO
1064|SHAREN RUDDLE
1065|GABRIELLA DRUST
1066|THOMASENA SIVILAY
1067|JULIETTA RODABAUGH
1068|LITA DIGIORGI
1069|JOLINE GEVING
1070|PERLA MOVIUS
1071|VICKIE WASYLISZYN
1072|LAVONA DURRANI
1073|LIBBIE NUTZMANN
1074|LU KRESSIERER
1075|SHAUNA FOELL
1076|EDDIE REW
1077|CRISTIE NOWACKI
1078|TAWANDA KAHUHU
1079|RENITA BEHUN
1080|FANNIE CONNIN
1081|RUTHANN RAYBURN
1082|NELIDA EVEREST
1083|SUSANN QUA
1084|CATRINA ZAINO
1085|BARBIE OSTIGUY
1086|TARI EBERTH
1087|LINETTE LANN
1088|MALINDA BILLINGSLY
1089|ESPERANZA BLOWER
1090|JANNIE BARISH
1091|KIESHA MICHNIAK
1092|ADELLE LIAKOS
1093|SHEMIKA VOCE
1094|WILLOW PETRALIA
1095|MARGET HAND
1096|MAEGAN HUTCHENS
1097|HEIDI FIEBICH
1098|LEONE CIERI
1099|ELZA BURKHAM
1100|CLARETHA WONDERLY
1101|DOMINIQUE CHAFFEY
1102|KATHELEEN GOLOM
1103|KAITLIN NARANJO
1104|EDRIS BREZINA
1105|DENISHA KUJAWA
1106|EVELIN TREADAWAY
1107|NOELLA PENWELL
1108|MARYJO OLES
1109|CHRISTINE GEHLE
1110|VERONICA GRYBEL
1111|TAWNYA KOLKMANN
1112|GREGORY CARRADINE
1113|KEIKO BEVAN
1114|ETTIE KLIEWER
1115|ANNALISA DILILLO
1116|KASIE ALTEW
1117|CLARIBEL DANGER
1118|KANDY KIEHN
1119|FERNANDA VONA
1120|FAYE LICHTENBERGER
1121|ZONA DINIS
1122|LUE NALBACH
1123|BRUNA YONGE
1124|VANESSA SCHELLIN
1125|AISHA PRIDEMORE
1126|CHERISH CAVIGGIA
1127|ROSANN WONSER
1128|GLADYS QUACH
1129|SHASTA ANTOSH
1130|MOIRA HOGLE
1131|TORRIE ROLF
1132|DIANE ROSSEL
1133|MAGEN RUFENACHT
1134|KATHERINE SCHUESSLER
1135|SHIRL MASSENGALE
1136|ROSALINE ESTERS
1137|NEVADA PRYBYLSKI
1138|VERA PISEGNA
1139|LATOYIA KURTH
1140|KATHERN DRUDE
1141|ALLIE VILA
1142|SHAWNDA MONDOZA
1143|EMMY GRUSSING
1144|ROY MERRILL
1145|ANDREE BERNACCHI
1146|LILLY HENNEKE
1147|THOMAS CLATTERBUCK
1148|MARCELINE BIRMINGHAM
1149|NANA FONDY
1150|CARIDAD PALLARES
1151|WESLEY SUON
1152|ANDREW OLEKSA
1153|EVELIN NABOURS
1154|MARIAH DERICKSON
1155|ERLINE SCHWENNEKER
1156|ROXANE BRANCACCIO
1157|MABEL LAPERE
1158|HONEY WAXLER
1159|BILLYE STEIDLEY
1160|ELENI ALEX
1161|TAMBRA OATNEY
1162|ROMANA ALFREY
1163|MAHALIA BELIN
1164|GEORGE CAMPANY
1165|CHARA WESTERHEIDE
1166|MYESHA FOURAKER
1167|ILEANA OMAHONY
1168|TRENA PIERRE
1169|ELSIE CORDOVANO
1170|MARGARETE KEAVNEY
1171|RACHELL MCELVY
1172|ANETTE BESWICK
1173|MELVIN GROSSE
1174|ALINE STRAUBE
1175|KARINE HOLLINRAKE
1176|PERLA SANIATAN
1177|NAKITA MALTER
1178|PA SALAIZ
1179|MISTIE BIANCO
1180|MARISOL PILKEY
1181|MARGUERITA STRAYER
1182|ISAURA GILMAN
1183|AUDREA ERFERT
1184|MELANIE GOGERTY
1185|ARLA BULLERS
1186|LISETTE HARSHBARGER
1187|TARYN PERIE
1188|ARGELIA DAD
1189|JODI HOMBY
1190|DEANNE SEBERS
1191|KATHRIN WISCHMANN
1192|KISHA CHOWNING
1193|LUANNE WHITLOW
1194|MELANIA REDDELL
1195|ALYSSA GUIDO
1196|KARINA RIMI
1197|MINERVA KOSCIELAK
1198|LEENA SCIBETTA
1199|JACELYN BENDLAGE
1200|JACINTA KALTHOFF
1201|SHELLI STURDNANT
1202|IESHA PAYTES
1203|LYNELL TOURIGNY
1204|OLYMPIA BOESEL
1205|AMPARO CELENZA
1206|MASAKO DOUGALL
1207|MARGOT NODLAND
1208|CHIQUITA DRAGHI
1209|DOTTY MCCORVEY
1210|HEIKE LANGGOOD
1211|MERRY FOX
1212|EUGENE SURGEON
1213|EMELY BOCKOVER
1214|TESSA MENSON
1215|BILLY RIEB
1216|LEIDA BUONOMO
1217|MARGARETTE STANER
1218|CATHRYN ISON
1219|ARGELIA TORNESE
1220|OLENE FILIPPELLO
1221|WILLENE KOHNKE
1222|LEIGHA DOPLER
1223|MYRTLE GALLAND
1224|CAREN SEMINARIO
1225|LIN MULLINAX
1226|SEASON GETCHIUS
1227|CANDICE STRYJEWSKI
1228|LUCILE RUSSE
1229|CATHERINE ABAR
1230|LAI KOLLEN
1231|TAKAKO GOLLNICK
1232|TERESA LAMONTE
1233|CASSI RAVENSCROFT
1234|JAMILA PASQUALETTI
1235|MAKEDA SMOTHERMAN
1236|SOO SAYNE
1237|EARTHA AUSLAND
1238|GEORGETTE BUSHOVISKY
1239|RICKI BULLINGER
1240|XIOMARA VILLICANA
1241|HYUN BELIN
1242|KARIMA LARTEY
1243|ARMINDA BRETON
1244|MICHEL HOMCHICK
1245|FERNE CLEMMO
1246|SHERRI SQUIERS
1247|JENNI LAZARUS
1248|SIMONNE BADON
1249|KAROL ESLICK
1250|DARCEL CHINO
1251|DORCAS LINDIG
1252|KENIA SINDONI
1253|COLBY CHAPKO
1254|SHELLIE OBLENESS
1255|OTILIA FEMRITE
1256|SHARICE BHULLAR
1257|BRIAN MOLZ
1258|JACQUALINE CORDONE
1259|FATIMAH ROCA
1260|VIRGINA LARACUENTE
1261|EBONY PLESCIA
1262|ELOIS FRATTINI
1263|MAZIE TROGLEN
1264|TOBI GUTZWILLER
1265|VANDA PERRIELLO
1266|DENISE FREIFELD
1267|LINDSEY MAILO
1268|JACINDA LAWS
1269|REFUGIA BRESLAWSKI
1270|MELVIN RAHE
1271|DREAMA ANTONIOU
1272|ALISSA ANDREASON
1273|STARR FINGERMAN
1274|SHIRLEY SHOTT
1275|SHANDI LIGHTCAP
1276|NICOLLE ACTON
1277|SOO PRATTS
1278|CAPRICE CAJUNE
1279|SHENITA BOUVIER
1280|MARILU COMAS
1281|BEBE HEEMSTRA
1282|VERNELL REESE
1283|SHARITA MONROE
1284|SHEILA CHENEVERT
1285|LACRESHA ZAUSCH
1286|ARLETTE PEDRONCELLI
1287|CARLOTTA MONESTINE
1288|KARLA CZACH
1289|GIA ARNETTE
1290|LASHANDRA POSTLEWAIT
1291|MARNIE FECHNER
1292|ELSE KUSNER
1293|KA MALIN
1294|ELEONORA SEARBY
1295|LIANA TARRATS
1296|BERNARDINE ROUGEOT
1297|BELEN MEEK
1298|EVONNE DESHER
1299|MEGAN ELIASSEN
1300|PATTI JAMESON
1301|TONIA WENK
1302|DONETTA ENAMA
1303|CARROLL CONTRENAS
1304|GILDA GRUMNEY
1305|ALVERTA VANDERBURG
1306|FILOMENA MACLENNAN
1307|NORAH BARRER
1308|EULA CURZ
1309|KATHERINA CAMP
1310|FERNANDE CIEJKA
1311|KRYSTA OBERHELMAN
1312|GEORGIANN IMAM
1313|EARLEAN CHARTRAND
1314|VALRIE LIEDKE
1315|NORMAN SOMOZA
1316|FUMIKO KLINGSHIRN
1317|LAVINIA GLADFELTER
1318|CLAUDINE POTIES
1319|MARJORIE HINAMAN
1320|SARI ZIADIE
1321|LANE SCHNELDER
1322|VICTORIA SPONSELLER
1323|JETTA MULLIKIN
1324|ERMINIA MAHANY
1325|MARIBEL GRON
1326|ALEXIS STIRES
1327|ANGELINA SCHOMACKER
1328|ELOIS PADDISON
1329|VERONICA WHETTEN
1330|SHARONDA BOSMAN
1331|ASTRID COLLMEYER
1332|PHILOMENA DUNPHE
1333|SAMATHA AUGHENBAUGH
1334|PEARLENE TREPTOW
1335|EUGENA LUCCHESI
1336|DOMINIQUE WYGAND
1337|MAGGIE SOZA
1338|JAMEE HOFFEDITZ
1339|STEPHANY POLOSKY
1340|EVELYNE JONDAHL
1341|KENDRA PUZIO
1342|AISHA FULMORE
1343|EMILEE MCNELLIE
1344|ROSIO DAITON
1345|JEANE SJOGREN
1346|GOLDIE COULTRAP
1347|MELISA BURL
1348|SHELBA LEIDIG
1349|WILLENA BACHAND
1350|AIDE UCHA
1351|NICOLA MEULEMANS
1352|CIARA CHIMENTI
1353|ANGELINA POPEJOY
1354|MA ALIAGA
1355|SETSUKO VANVELDHUIZE
1356|MIESHA LUIKART
1357|CORINNA BLIZZARD
1358|JOSEFINA TANNOUS
1359|DIVINA BADZINSKI
1360|DAVINA JONSSON
1361|MERLE CAHILLANE
1362|SOPHIE MOTTERN
1363|DENYSE YAMAKAWA
1364|STEPANIE MORIERA
1365|XENIA GOARD
1366|KYOKO MORISSETTE
1367|STORMY VISCONTI
1368|MARQUETTA CHARM
1369|MARTINE ADY
1370|BARBARA CLEPPER
1371|KENNETH TURNOW
1372|EDDIE COTEY
1373|MALVINA FIASCHETTI
1374|RIVA JAGGIE
1375|JOHNNA WINBERG
1376|JOVITA BENEJAN
1377|BLONDELL IWATA
1378|BRANDE SANTOMASSIMO
1379|BLANCA LORENS
1380|KEENA MENIETTO
1381|CHARLA JANICE
1382|KRISTA POLLIO
1383|MAGEN MALER
1384|TIFFANIE OBER
1385|MERLENE STARRY
1386|MARQUERITE BIRDSELL
1387|DENICE KIMAK
1388|KELSEY APPELL
1389|LURLENE COONLEY
1390|TAMMIE THRESHER
1391|INES AST
1392|WEI GRIER
1393|SHAROLYN MACHEY
1394|HERTHA GRAVENSTEIN
1395|MAYA TRAVALI
1396|PETRONILA SOSBY
1397|KEELEY GAVLES
1398|CHANTAL MCINTURF
1399|FUMIKO MADHO
1400|DANNETTE BURRAGE
1401|ERIKA OCASIO
1402|LUCIE TAUSCHER
1403|CHERYLL GILGER
1404|SHERILYN BUCKHAM
1405|FELICE WAUSON
1406|BEV NANNINI
1407|GERALDINE WORMACK
1408|MERRIE PLASSMEYER
1409|VINITA TARKOWSKI
1410|LEKISHA ARENS
1411|VERLINE HOWISON
1412|MELITA NYGARO
1413|TOWANDA STERRETT
1414|MOZELL RABOIN
1415|KETURAH FETTERMAN
1416|JOSELYN SALTOURIDES
1417|DONA RUJAWITZ
1418|EDWINA MIETH
1419|FLORIDA STIEG
1420|FELICITA BARASCH
1421|BARB CACIBAUDA
1422|LARHONDA BENCIVENGA
1423|LASHANDA HORRIGAN
1424|CORINA GILLASPIE
1425|BRITTNY EISENBERG
1426|VANESA YNOCENCIO
1427|MAN HINEGARDNER
1428|KATHE TINNES
1429|LISSA GANEY
1430|MARYANNA LEACOCK
1431|AGATHA KRISTENSEN
1432|WINNIE TADE
1433|TIA MCKIBBIN
1434|BERTIE SIVERLING
1435|ESTHER PETROSSIAN
1436|JAZMIN MATUTE
1437|YING HERRAN
1438|SO TRIFONE
1439|ROSEANN CARROUSAL
1440|DOLLIE DELBUSTO
1441|TYISHA WIGGAN
1442|NATASHIA TOPICK
1443|ERMA SOSTRE
1444|ESSIE WONDER
1445|MEE TASTET
1446|ARGENTINA STOLLSTEIMER
1447|MARGRET BOCKENSTEDT
1448|MADGE VONSEGGERN
1449|ADELAIDA FEHLING
1450|LASHAUNDA PETROPOULOS
1451|LOUETTA BATIZ
1452|DANUTA ROHRIG
1453|GERMAINE SPRACKLEN
1454|JOSETTE WANDREI
1455|BETTE ASSELMEIER
1456|TAWANNA GIST
1457|RETHA HE
1458|ARIE HARTPENCE
1459|TIFFINY FEELA
1460|KALYN BERENSCHOT
1461|ARDELL HORTH
1462|MIKI AMSILI
1463|JACQUILINE GRISTEDE
1464|ESMERALDA GREENLEE
1465|KEELY MARTINI
1466|SUZY LINDHORST
1467|CANDELARIA SIMONEAU
1468|BRITTNY BERARDO
1469|NORENE WOOLARD
1470|APRIL CARMANY
1471|LOAN STAMMER
1472|LEONARDA CROSSMON
1473|KATHERIN SUR
1474|MIA LETOURNEAU
1475|ORA LACASSE
1476|ELLA HUGRON
1477|LORETA LAUBACHER
