0|JOANN BOLD
1|FLORRIE BIRGE
2|NAIDA GANTERT
3|KARISSA SCHIRTZINGER
4|SHERILYN LEVASSEUR
5|NA KNIEFEL
6|NAOMA AJASIN
7|MARNIE BICKNESE
8|LEWIS DALUZ
9|GOLDA FRAZIER
10|LILLA ALLGAIER
11|JESUSITA MOEHR
12|MICHELL CHIADO
13|LUANN LANIUS
14|THOMASENA DONNELY
15|ALICE AMAUTY
16|DULCIE LUENSMANN
17|ESPERANZA LAGOA
18|SCOTT VIDOVICH
19|LATONYA DESANTIAGO
20|CECILA NOBIS
21|HERMILA OKANE
22|LEEANNA FERENCE
23|ROSSANA PIPILAS
24|EDA KERFOOT
25|CARLIE CROUSHORN
26|JESSI MCCLALLEN
27|LORINA RITTHALER
28|LORENA FISCHANG
29|BUFFY DEMING
30|BRIGIDA HUNKIN
31|TRACEY SEVERO
32|TANESHA OVERLY
33|ELDA HENDON
34|GWYN LIESKE
35|ERICKA EGGEBRECHT
36|CHRISTAL MUNOS
37|ESTRELLA KIPPLE
38|ARTIE STAINBROOK
39|MARGIT CAIOZZO
40|GISELLE QUIN
41|ROBBI MCGAFFERTY
42|EMERITA LEMONT
43|KARYL ALCAOA
44|TARAH DOUTHIT
45|STACEE ORTEZ
46|HILDRED BRANIFF
47|RONNI GOODELL
48|CARMELLA FORIEST
49|EBONY PLOENNIGS
50|LILIAN BARISH
51|ERICKA PALMO
52|KALA GUNYAN
53|ROSALVA PUCIO
54|WINTER DRISDELLE
55|ANGELIC HONORE
56|SHANNA HORCHLER
57|MARGIE SHULICK
58|BRITTENY WALSTRUM
59|JACQUIE KAKAR
60|ALLENA CUSHINGBERRY
61|ANNALEE MCANELLY
62|LAURE COLLINGSWORTH
63|STEFANIA FALLOW
64|BILLIE WORCHESTER
65|ELENORE ANDREOTTI
66|LORRAINE POOYOUMA
67|HANG CALOGERO
68|ARCELIA LEGGE
69|MADELYN TUNER
70|FRANCINE FALLENSTEIN
71|JOLEEN HORRIGAN
72|AUBREY ISBISTER
73|CAROLINA SOUTHERS
74|DEIRDRE TANTUM
75|LORRIANE ABRON
76|DEBBI TOLLY
77|JALEESA QUANDT
78|ANGELE MESTER
79|TONITA WNOROWSKI
80|CLAIRE LOUKOTA
81|CHRISTINE SCRIVNER
82|MARKITA VINT
83|JINA MESSICK
84|LAEL WAISS
85|ROSALINA BURDICK
86|KIMBER HEBIG
87|BREANNA FEISTNER
88|NOLA KRAFFT
89|DAISY MENDIZABAL
90|UNA BLATTI
91|NUMBERS GOVOSTES
92|KYLIE SHREWSBURY
93|ELIDIA DRAGT
94|DENITA GERMER
95|XOCHITL JERNSTAD
96|ERMELINDA ESCORT
97|SEBRINA ZOLLARS
98|KATHYRN MCENTYRE
99|CHARLEEN FEDERICI
100|BUENA CROWTHERS
101|CHERISE USILTON
102|JEANETTA OTLEY
103|NILA FALDYN
104|EBONY SERRATORE
105|FLORIA AVERS
106|TOMASA EPSON
107|ANGELIQUE MERSINGER
108|GLINDA NOVELLO
109|JESUS GILROY
110|FRIEDA RORICK
111|KASIE JAWOROWICZ
112|JAQUELYN MALDEN
113|LENA PIOCHE
114|DAYLE SUFFRIDGE
115|SHANIQUA SALVUCCI
116|JUNE LITMAN
117|SONJA CHIRINO
118|LANG MERSEREAU
119|RORY GRICE
120|LEANORA ALMARIO
121|LORELEI HEPP
122|TARYN STVIL
123|FELICIDAD BODIROGA
124|CLARISA GIAMBALVO
125|TORA KELLOGG
126|KINDRA STOOKS
127|JUSTA HORITA
128|NICHOLLE REDKEY
129|DAINE ALTIG
130|CHRISTAL KRACKER
131|ALYSSA LEIFER
132|MEGAN PATTILLO
133|LAKIESHA FEARHELLER
134|PIEDAD TOWLEY
135| NYPAVER
136|CANDIE MELLENTHIN
137|KAYCE POWROZNIK
138|REBA SOTHMAN
139|JACQUALINE AMELA
140|ONIE SETTING
141|ANNIE PARMAR
142|AUDRA YELDON
143|PAMELA STROPE
144|SHANTELLE BRITNELL
145|CATARINA HARKINS
146|MELIDA PENISSON
147|KENDALL FREEMANTLE
148|ELLI WATFORD
149|CALANDRA PAYWA
150|ALLEEN PASEY
151|LAQUITA HEFFLEY
152|ALYSON YOHE
153|GEORGIA PALOMAR
154|GRICELDA TAPPEINER
155|LISETTE TATEVOSIAN
156|NOELLE OBREMSKI
157|SHAUNA NIMTZ
158|CONCETTA FRANDSEN
159|TRUDI CLAN
160|ESTER MANISCALCO
161|CYNTHIA KREUTZBENDER
162|WILHEMINA FULLARD
163|MARICA DALAQ
164|DORTHEA HARVEST
165|GWENN LAFEVER
166|CHIQUITA COVARRUVIA
167|DANNIELLE CHAYKA
168|WINIFRED HAUSHALTER
169|COLENE THUMA
170|CHASITY CHRISTENBERRY
171|HOLLEY BIHM
172|MYRLE MOWRIS
173|MARIN BEES
174|CHARLYN NOWLAN
175|ELIZ HARRISON
176|KAYLENE DIGEORGIO
177|CHAE GUTOSKI
178|MARCIE SCERRA
179|RISA KOWALKOWSKI
180|ANASTASIA COGAR
181|KAMILAH MARSCHEL
182|HELENA MCCANNON
183|CASSANDRA RUPPEL
184|ALYSA FUGAH
185|SHAWN VALERIO
186|EDDIE WELTI
187|BUFFY GIFF
188|OK RETTER
189|DELICIA WEYANDT
190|LISBETH LOHRMANN
191|HESTER SPONAUGLE
192|STEPHANY WETHERINGTON
193|BECKI BENHAIM
194|KAMALA QUIGG
195|MORGAN WILD
196|CHANTELLE DOLVEN
197|FARAH TROBAUGH
198|MADONNA LIENHARD
199|BERNARDA DELREAL
200|MEGHANN KOTARSKI
201|ELMA MUSTACHE
202|SEAN KOEPPE
203|MARGORIE FERON
204|SHONDRA KREUZER
205|NEVA ZADEH
206|JAYMIE MEDLER
207|NIDA SUZUKI
208|ELAYNE SCORDATO
209|ENOLA HADIARIS
210|DEONNA LOMARTIRE
211|NICOLETTE BERT
212|MADLYN BELOUS
213|VIKI HINTERGARDT
214|ISAURA KATRA
215|VIOLA DOOLAN
216|DENITA SANDQUIST
217|JINNY HESSON
218|MELIA BIDDING
219|PENNY MUENZENBERGER
220|ROSELEE OQUIN
221|YASMIN SALEMI
222|FRANCISCO ISABELLE
223|KEENA SCHRACK
224|TORY SOLA
225|SARINA QUILLER
226|JESTINE BLESOFSKY
227|DANNIE RANNELLS
228|AUSTIN WIGGENS
229|GLENDORA ASELAGE
230|CHRIS RAFUSE
231|GENNA LETRAN
232|MAGALI LYKAM
233|DACIA SOTEROS
234|TIERRA LIEBSKIND
235|DENNA DRINKWATER
236|ERIN ANGVIANO
237|MARVELLA SURAN
238|WILMA BARRIGER
239|VANIA JULYE
240|JAYNA LOCKIE
241|JOANIE BIERLEY
242|ASHLIE FARREN
243|KYRA YADEN
244|VETA MCGOON
245|NEIDA GAWTHORP
246|NGA MOLANDS
247|AUREA DEADERICK
248|DAYLE GALGANO
249|REGINA DANNS
250|VIRGIL BALTER
251|MARYELLEN CATES
252|ALTAGRACIA HOLLINGSHEAD
253|HILARIA GRUENES
254|TIANNA VORHEES
255|MARCI KVAM
256|GERTRUDIS JUNGCK
257|ABBY FAGNANI
258|ALEASE PARTIBLE
259|ADAH PICTON
260|ALYSIA VANGORDON
261|MONIKA DUBEAU
262|LOUVENIA REPINSKI
263|JANNETTE LOUGHRAN
264|KINA WONSER
265|KENDRA BEAUFAIT
266|JAIMEE VICENCIO
267|RICKIE GLANTON
268|RINA TEFERTILLER
269|TALISHA ZIELINSKI
270|TERI DARDENNE
271|ROSARIA SANTAMARIA
272|TAWANNA MORENZ
273|CHAROLETTE STIFF
274|LOU BURAS
275|BABETTE KOKESH
276|CAYLA MUSGRAVES
277|ROSAMOND PRUSHA
278|DANIELE TRIGLIA
279|CANDYCE MAERTZ
280|ISABELLA CHADICK
281|HILLARY SPITLER
282|GINA BATSON
283|IVORY IWANICKI
284|MACY HAMMANG
285|KACI MACKINDER
286|DELOISE GENESEO
287|LORRIANE FULLEN
288|YEN CUPIT
289|BLAIR GOEPPNER
290|SABRA TROMETTER
291|MARGE GRANATH
292|KATHE DAMME
293|NATALYA STELL
294|JEN GODDEN
295|LIANE KOPICKO
296|GERRY FATIGATE
297|LUCILLE CAMMAROTA
298|EDDA KARWOSKI
299|JONIE BACHICHA
300|NIKITA GROCHOWSKI
301|JEANNETTA FRANCES
302|IVETTE SERRET
303|DEVON BORCHER
304|COLLENE DOLLER
305|GARNETT PIERMATTEO
306|JULIANN ZOLINAS
307|DENAE WIGLEY
308|TAMESHA GRASSLE
309|BRIGITTE DADAMO
310|KANDICE PALLESEN
311|GABRIELLA ILLESCAS
312|LEILANI WILLISTON
313|BRANDI SIMPKINS
314|OBDULIA RAYCHARD
315|NATHALIE BAIRD
316|CARLY GROCHOWSKI
317|TRACI WETER
318|LYNDA CASHAW
319|LOUIS CASARES
320|EURA TAGALOE
321|KEESHA FRECH
322|WEN SULT
323|MADALYN BIRKNER
324|GENA BLOSCHICHAK
325|JANELLA WALP
326|EUN GOODSELL
327|MAGDA SERRET
328|LAVADA VOELLER
329|BRITTANIE GALLUCCI
330|ANNETTA CARLUCCI
331|HALEY LEUBNER
332|ALEXIA WESCH
333|CLARETTA BEMISS
334|ODILIA MCGAVOCK
335|LERA KAHILL
336|JILLIAN ZUMWALT
337|VERONIKA VONSOOSTEN
338|JACKELINE JOCKERS
339|MERRY REHFIELD
340|LOLITA GEYER
341|KERRIE BUQUET
342|MATILDA WIDEN
343|JONNA PLATTSMIER
344|LAREE HERZ
345|KELSI ASCHENBRENNER
346|ANISSA HEIDTKE
347|VASHTI TROFHOLZ
348|IMELDA IODICE
349|HORTENCIA CORTIJO
350|BULA DELUCIAN
351|DAVINA HINNANT
352|RICARDA VANAKEN
353|DENYSE JANSMA
354|ANGLA EYER
355|KELLI ALVARDO
356|JOE NYREEN
357|NEDA WILLERS
358|DEETTA TANT
359|LATOYA DWYAR
360|ZONA VANHEVEL
361|GERMAINE DUNWIDDIE
362|TORRI BECKES
363|KACIE HUTCHISON
364|APRYL BRANDENBERG
365|KORTNEY SIGMOND
366|GRACIA HORRIGAN
367|HERTHA LABONNE
368|TONDA SEMENICK
369|MARGRETT LOYNES
370|AMANDA DAMERELL
371|KARMA DOEBLER
372|MARIANN BEAUDION
373|TIMOTHY SACCONE
374|JIN TLATELPA
375|PAULINA EVELER
376|IVELISSE NOURI
377|NORAH CATHERMAN
378|GABRIELE SPEIER
379|SHAWNDA ZANCHEZ
380|NOBUKO CROOKSHANKS
381|GENEVIE WILDHABER
382|BLYTHE SAMIDE
383|CHRISTIA GOULDSBERRY
384|ANGLEA BOYL
385|EHTEL GINKEL
386|NIDA CUIZON
387|TANEKA HIETT
388|LEO TJARKS
389|ZENOBIA SUMMARS
390|MARGARETE SPEIDELL
391|MARQUERITE GALLOP
392|DALIA CONEY
393|BEV MCCOID
394|ROWENA LASTINGER
395|BETTY LADY
396|ERMELINDA RANKS
397|QIANA SHANDS
398|CHIN SUSKI
399|ARVILLA RADER
400|JADA BENSCOTER
401|CARON SCHWAGER
402|HSIU BRESETT
403|SHERRILL RABIDOUX
404|EDYTH BILOUS
405|LIZA SCHEU
406|DORATHY PERLAS
407|LIZABETH SAUSSER
408|SCARLET MARTINI
409|SANORA AGNEY
410|STEPHENIE SEANG
411|TAUNYA CORSERI
412|KIMBER HARKRADER
413|CHARLES COGGIN
414|THERESE LIEBECK
415|CORRINE KANIEWSKI
416|HERMELINDA BRAUCHT
417|YUNG WEMPE
418|FLORRIE LOCKMAN
419|ADRIENNE HERKERT
420|LUBA ALLI
421|TAINA URETA
422|RUBI ALCOSER
423|NORINE WHITTIE
424|CARYL CARMEN
425|THEA LABRUZZO
426|BULAH BOREK
427|KENA TREDO
428|SAGE CZERNIK
429|ESTELL RAINEY
430|ANJA ODENS
431|HOLLIS MINOTT
432|CHANDA GOATLEY
433|CORIE KORB
434|ARDITH NGUEYN
435|FRANSISCA LABARR
436|DEETTA MORICLE
437|CELSA GALMORE
438|LOLITA GENTZ
439|VENUS SCHOLLER
440|MODESTA STEINMACHER
441|RAVEN PERONE
442|DONG ANGELOZZI
443|INGER MATKOVIC
444|LAMONICA WILLAMS
445|CHAN URLANZA
446|TAMMERA YEARGIN
447|CARMELA GLINES
448|SANTINA VISICK
449|RINA WARNER
450|ADELIA KUBISIAK
451|DEBRAH NITSCHE
452|RYAN SOLURI
453|NAN SALERA
454|CHUNG KLIMKO
455|TRISHA ISEBRAND
456|ROSETTA ROTHGABER
457|MARITZA DERR
458|OCIE ZAMBELLI
459|CARMINA BASTILLE
460|JAMEE GETTIG
461|LYN DAYKIN
462|KRISHNA LAJARA
463|TOMMYE RILL
464|CORRINE SWOOPE
465|JEANENE PEDROGO
466|SALENA HAMMET
467|SALLY TRUBE
468|CARMELA FURBY
469|LINNEA ZEPKA
470|EDYTH WARNIX
471|MICHELINE IMBRIALE
472|ISADORA SPEAKE
473|MERISSA TAMIMI
474|NIKOLE FEHRS
475|SADYE FRIEDBERG
476|LUCIANA LUCKEY
477|JANET HIBBERD
478|NICHOL ISRAELS
479|BELINDA VANDAGRIFF
480|CAROLYN PARCEL
481|CARMELITA DAINACK
482|CHRISTEEN DECHICK
483|AUGUSTINE MONIOS
484|DORATHY CIANCIOLA
485|CHARLETTE ABRAMEK
486|RUTHANN HUDSPETH
487|MARTY BOEVE
488|LONDA PROHASKA
489|GLYNDA LANDS
490|MAVIS POLASKI
491|VERLENE MONCION
492|SHAWNEE MUNZELL
493|LEE AUTRY
494|ANTONIO THALER
495|SUSY SERAPION
496|TIJUANA DENNIS
497|FREDA PELI
498|ADELL SINAGRA
499|TESSIE JOTBLAD
500|JAMILA GRANDMAISON
501|FAWN CHUTA
502|SERITA MCMINDES
503|PAULA DONAWAY
504|LESLIE LOCKBAUM
505|DELMY CESSNA
506|MILAGROS BILLERBECK
507|MARGENE CORRICE
508|TIARA QUITEDO
509|KRYSTEN MARTINET
510|ALMA GUERERO
511|STACIA SANKARAN
512|NICOLASA DEORIO
513|SHARA DORRILL
514|SEPTEMBER KRASE
515|GREGORY RENSING
516|MARTY GARDENER
517|VERNA LAFORGE
518|SCOTTIE MUNSEY
519|LIBRADA BLENDER
520|VERTIE PINTA
521|VALERIE BIERL
522|CORINA ANGELOCCI
523|KAILA BABLE
524|ARGELIA DUSZA
525|PEARLINE MCKEVER
526|MARYLN ADEE
527|ROCHELL MUZZY
528|CAROL HARWOOD
529|YADIRA DRUMGOLE
530|TRULA BODDIE
531|TOSHA SPANN
532|ROSALINDA HEINANDEZ
533|KERI ASNER
534|BILLYE YONGUE
535|AYAKO BERNACCHI
536|THERSA SUMROW
537|GENE RAMEZ
538|BRITTA LOOMIS
539|ANNABELLE ALDERINK
540|GEORGENE MANDIA
541|DANETTE ALUARADO
542|KRISTY KENIK
543|NEELY RIDENHOUR
544|WILHEMINA STERMER
545|PEARL CAPRIOLA
546|JEANETTA SNOKE
547|ELVINA VALENZANO
548|SIMONNE DOKOVIC
549|LASHUNDA FOLLETTE
550|CARMON COLARUSSO
551|NAKITA GALASSO
552|DELILAH POWLEN
553|TERRELL CELLIO
554|STACEE ELY
555|RENEA WORTZ
556|BETHEL LECLARE
557|SHERICE ARNSTEIN
558|CANDYCE LECHLEIDNER
559|SILVANA QURESHI
560|JACKLYN BOURGOYNE
561|ZELLA FLOCCO
562|LAVERNE GOBEYN
563|CANDY SPANGER
564|CONCEPTION SERVA
565|SUMMER DEISS
566|LEAH WONDERLING
567|NICKOLE SJODIN
568|DIEDRA GAINOUS
569|BELVA PEDLAR
570|REGAN ANGLADE
571|LINDA CHANDLER
572|MERYL HUBERTZ
573|DEANDRA MARCHETTI
574|LAHOMA LIVSEY
575|ALISHIA MCKINZIE
576|ANNIE COTTILLION
577|LUNA SHAUL
578|KHALILAH KNOCHE
579|JESSICA LAHREN
580|ZULMA LACOSTE
581|BETTYE ARGUBRIGHT
582|HYO ODERMOTT
583|MIYOKO TABISULA
584|JASMIN CASTILE
585|KRISTIE CRAGIN
586|LASHAUN PIXLEY
587|CORALEE PURSIFULL
588|VICKIE RITT
589|ILIANA LEFELD
590|CLEOPATRA BUHL
591|CHRISTINE GARAVENTA
592|CAMILLE SIEMEK
593|MERRILL RAYBURN
594|CRISTIN PIEDE
595|ARLETHA EBERL
596|SONA MONTALGO
597|LUCINA BALCEIRO
598|ALISIA MUTSCHLER
599|AUDRY KEMERLY
600|RACHELL PELLOWSKI
601|ALLINE SOUTHCOTT
602|MATTHEW KNIPPLE
603|CAROLIN NICKELSTON
604|CHER ROMINGER
605|KRYSTA MCEACHRAN
606|CORAL LOURY
607|ARDELIA LAGUER
608|MAJORIE ROULETTE
609|LETTY MILLINGS
610|AYANNA BOLENDER
611|GRICELDA JADLOWIEC
612|ALLYSON BALICKI
613|CRISTAL STELE
614|LOVELLA BRAAM
615|SCOTTIE GENAO
616|LATRICE SCHEMONIA
617|ELENI RUDISH
618|CELSA COWDREY
619|BIRGIT STAUBS
620|CHRISTEEN BENSEN
621|NICHOLLE BONNER
622|MAO ELSENSOHN
623|MEE MEE
624|DACIA SHIPMAN
625|KHALILAH RUBERT
626|ALETHA SITAR
627|PAZ SPERANDIO
628|SINA FERRIN
629|TERESSA KEUP
630|RUBI ILIFF
631|TOBI FEATHERSTON
632|PERRY HOGLAND
633|MADDIE TRENARY
634|IVEY MANDOLINI
635|WINIFRED GRIZZEL
636|RESSIE HACKLER
637|LARUE WIED
638|ROBERTA NEWHOOK
639|MELDA POREMSKI
640|EMMALINE ZACCAGNINI
641|MYRTLE KANTNER
642|VENITA CUTHER
643|YUKIKO TUMLINSON
644|SHONDRA SPROUSE
645|BELKIS NIGHT
646|KATHIE VOCK
647|REENA CORRELA
648|SARAN TELANDER
649|MEAGHAN DRIPPS
650|MARRY GIARDINI
651|KARIN BUSKE
652|CARLETTA COS
653|NIESHA GODINO
654|OUIDA TROENDLE
655|KASSANDRA MARCIANTE
656|CHERRY PERETZ
657|AUDREA SCHUL
658|CHONG BROCKMANN
659|AKILAH GRANDA
660|ADELL MINNIER
661|DAINE GORZYNSKI
662|DORENE WIESS
663|KYUNG DAZEY
664|MINDA KORCHNAK
665|MARYLN FOLKERTS
666|MAGDALENA FELTY
667|ADRIANE LINBERG
668|JUSTIN ZAMORANO
669|TANA UNG
670|BREANN GLUD
671|MARYLYN FERRISE
672|CHRISTY EWELL
673|LAVERNA GOLEBIOWSKI
674|KYONG LOUGHEED
675|DANIA OGE
676|MELINDA ROBLEZ
677|RHEA SCHOENER
678|DANELLE CORCINO
679|JOELLA CHAFIN
680|TRINIDAD ARRA
681|ELBA DOLECKI
682|DEVORA SPARE
683|IVY BUXBAUM
684|LAVETA OSBON
685|IN ASEL
686|KARA KALHORN
687|MARIO ETTINGER
688|MELISSA BONDS
689|ROSARIA WEECH
690|SANTOS ELISEO
691|MAXINE EMMETTE
692|CARMA PURDUM
693|CHANG REITZES
694|CINDERELLA SCHREMP
695|DALENE PAULI
696|LASHAY CASTOR
697|ARVILLA MAKLEY
698|CARISA MALANAPHY
699|NAOMI ROBLIN
700|LATANYA KOEING
701|NORMA CAL
702|ELDORA KOTERA
703|PAGE VARVEL
704|ELAYNE IMADA
705|CARMINA LESNESKI
706|NGUYET PRENDES
707|RONNIE GADLIN
708|PENELOPE LOHMANN
709|OLLIE HUDSPETH
710|PEARLE GOBEA
711|HELGA RZEPECKI
712|TAMMY ZAHRADKA
713|AMPARO OCEJO
714|SORAYA FAZZINO
715|NOLA SAKIC
716|EDYTH DONMOYER
717|ERNA HARTRANFT
718|MELVIN MISSLER
719|SHAUNDA PAVLAK
720|KIRBY KIRCHEN
721|ANNABELLE CRISTO
722|DANIELE BRAMALL
723|SHANEL CRICKARD
724|BARBERA AMSPAUGH
725|OMEGA FALBO
726|JEFFIE KURA
727|TRAN DONAWA
728|SHONTA LADEBAUCHE
729|RANAE DEMICCO
730|KATELYN DIMARIANO
731|JOSEPH WHITFIELD
732|LOUISE EMMS
733|ISABELL BOYLSTON
734|BRANDIE FOUNTAIN
735|JENNIFER TRATTNER
736|WILLIA HASEGAWA
737|GOLDA RUELAS
738|GAYNELLE KHALSA
739|ALIZA BOITNOTT
740|TANA POMRENKE
741|SOOK NAAB
742|LAUREEN MESLER
743|MELVA HARTZLER
744|DELMA WHYMAN
745|FREEDA HASELTINE
746|PANDORA SLIPPER
747|WYNONA KUSKO
748|LEATHA ABRIAL
749|STAR FICKS
750|LETISHA RUPAR
751|PIA SACHSE
752|NICOL MARATRE
