0|CAROLE CELLI
1|MINA ESCHMANN
2|ALENE CREWS
3|GENEVIVE PRESBY
4|KIMBERLIE FLICKNER
5|GOLDEN MAURIZIO
6|MONA HEMPERLEY
7|ROSELEE VANDAGRIFF
8|SHARICE DEMMING
9|MILA CONCILIO
10|CHANELL YEELOY
11|SHILOH MONTIER
12|ALVINA LEVE
13|SHANTA GWALTNEY
14|CINDIE MERRYWEATHER
15|STACIE PEELE
16|LAURAN ERNSBERGER
17|MARGARETE BRIDGMAN
18|SHERITA VANWEY
19|VANNESSA PRESLEY
20|FRANCIE TAFFE
21|TORA MEITNER
22|FARRAH LANZER
23|JETTIE NAZZARO
24|NICOLE COLACONE
25|GAYLA FOERSTERLING
26|MAFALDA HAUBERT
27|LILLA ALVIS
28|NOBUKO WARDON
29|KATINA POCKLINGTON
30|AISHA GIERE
31|AI INNOCENT
32|TOSHIKO KNOERZER
33|JENNI SEDILLO
34|RAGUEL ROMENESKO
35|GINGER RISEDEN
36|ANISSA GUEST
37|WENDI HEFFLINGER
38|CHERE WILBY
39|VERNON ABBINANTI
40|RONALD RADOSEVICH
41|DIEDRE TEICHMANN
42|TANIKA LENK
43|HALINA MOWDY
44|GINA LITZA
45|CATHRYN PIZZUTO
46|PATRICA SIGMUND
47|MODESTA BRAGADO
48|EMMIE KISSER
49|ONIE CLARO
50|ANNALISA HERNDON
51|SHENITA HUSTON
52|DORA OZAETA
53|SHEMEKA RADDLE
54|CAPRICE GRONEWALD
55|SYLVIE KANODE
56|WILLENA NASIR
57|CORDIE MASSETT
58|LING OLENICK
59|ROCHELL BAVIER
60|ARLENE POTHOVEN
61|LILLIAM GALDAMEZ
62|MARGUERITE SURA
63|RHONDA MAROHL
64|MILLIE GILDROY
65|KIRSTIE BARTROP
66|EDRA WALKLEY
67|HISAKO MCLENDON
68|KEVIN SYMANSKI
69|JUNKO SCHEFFLER
70|FLOY TERRASAS
71|PAULINA CUN
72|BROOKE DRIERE
73|SHERLEY LINBERG
74|PHOEBE SKIVER
75|MARK OBERHOLTZER
76|NITA LEHNEN
77|ROSALINE SHADDUCK
78|LAURE DEALMEIDA
79|GRISEL MILIN
80|LIN LINSAY
81|MATTHEW LAKER
82|MERCY YURKOVICH
83|CARRI OLIVARRA
84|JEANNIE FERA
85|WANETTA ABOOD
86|JOY VITERI
87|PIEDAD NOVICK
88|JANELL DUNGEY
89|LAKENDRA MCELHINEY
90|DIONE FILLION
91|WEN LOATS
92|KIZZY OPPENHEIMER
93|IRMA BORDER
94|PANDORA GRHAM
95|PASTY EMERT
96|TASIA SJOSTRAND
97|JAZMINE ARMAS
98|LENA HAINES
99|KRISTIN SUDA
100|JADA SCHULER
101|REATHA MONTEE
102|PRICILLA SETHI
103|DAPHINE NUUANU
104|LISHA RUBERTO
105|LASHANDRA WAGEMAN
106|GENIA OCEJO
107|JACQUELINE STINER
108|ROY STADLER
109|CHARLA MEXICANO
110|ELLEN MATTERA
111|TASHIA QUERIDO
112|MILDA VITERI
113|NUBIA FREKER
114|SHANDA DEBRAGA
115|GEMA TRODDEN
116|ANGILA WHITVER
117|PATRICE BRASCH
118|KARLYN HENINGTON
119|STASIA LEDSOME
120|SOCORRO PODBIELSKI
121|PROVIDENCIA HELVERSON
122|LACI SANYARO
123|SALLEY ROUGEAU
124|LEAN WOHLFORD
125|SHIN SOLVERUD
126|MALIA MOVA
127|JANN NATALI
128|MARYBELLE KNOLLMAN
129|SHEILA COREA
130|LASHUNDA SKAGGS
131|JOLINE BARBANO
132|THAO GOBRECHT
133|EMELINE HENNICK
134|VELLA GANGWISH
135|JACKIE FEATHEROFF
136|KATHLENE KINNINGHAM
137|MINH RIESKE
138|MALISA BARAS
139|CAMILLA MCNEER
140|TERESIA ALBARADO
141|KARON ALZATE
142|MELANI GLOE
143|KIMBERLI TREVILLION
144|KATHARINA HUSSON
145|JENNINE MACH
146|SHAWNEE WINTERSTEIN
147|SHERLEY MCEACHIN
148|MYRLE MAHDI
149|TASHIA SCHULENBERG
150|KENDRA SWEAZEY
151|JENNA RAMROOP
152|VALDA BELLETTIERE
153|ENEDINA OLLIE
154|LEILANI DELAURA
155|VANESA DOMENECH
156|PALMIRA YORTON
157|LYLA ARNZEN
158|BERNARDA DELLACA
159|VERNICE TAMBURELLO
160|VINCENZA LOEHR
161|ADELLA OVERBY
162|BUNNY DIGGS
163|DIANN CALLEROS
164|DOROTHA LATHER
165|NARCISA OCLAIR
166|SILVANA RINAURO
167|FANNIE RORICK
168|PATIENCE KNABB
169|ZOLA ARCEA
170|FAY JERDING
171|SYLVIA GUIEL
172|DELSIE CREEDON
173|IGNACIA ZOTTOLA
174|SHERON GRUBY
175|CASIMIRA DORVILLIER
176|YEVETTE NIEDERHAUSER
177|ROSE RUSHIA
178|MARILEE ALBERICO
179|BOBBIE DINORA
180|LUISA CALDERARA
181|ASHTON ASTOLFI
182|CHI SMITZ
183|ERNESTINE DUVALL
184|SHARMAINE RACK
185|JOHNSIE SALEH
186|CHEYENNE PRAKOTH
187|ALMA PERRODIN
188|LACIE CANTINE
189|WESLEY VINIEGRA
190|CHERISE BEINE
191|SANDEE MALECKI
192|LYNDA BOHAM
193|SHIRLEY BONADONNA
194|CANDACE AGOSTO
195|GUILLERMINA CONRY
196|ANAMARIA CAGLIOSTRO
197|ALEXANDRA CANEDO
198|LOURDES TAUNTON
199|KIA NIGHTINGALE
200|TRANG SPRANKLE
201|GAY SAIN
202|ANGEL SCHEIDLER
203|MISSY FLATER
