0|MARLYS PERRYMAN
1|BRANDEE GILLION
2|LATIA FLAUGHER
3|JENNELL OSTROSKI
4|EARLINE DORSAINT
5|VIOLA TROSEN
6|KASANDRA HOLAK
7|BETTY YEO
8|LAKISHA ASLANIAN
9|LAKEISHA BUCHWALTER
10|SHELLEY DAYER
11|CHARLESETTA KISTO
12|EVELYN DEVILLEZ
13|NICOLETTE YANOSKY
14|DEVONA JENRETTE
15|LUCIA STROTZ
16|YASMIN ERMERT
17|HANH FLOYD
18|SEBRINA ALBELO
19|CANDI WIATRAK
20|ROSALIA STJULIEN
21|WANETA FLO
22|TYISHA DEVEJA
23|CATHY BRANUM
24|JILLIAN MIGUEZ
25|DONETTE PARLIN
26|ALISHIA KIPPES
27|MARGET HANAHAN
28|LUCIENNE CANCHOLA
29|KAROLYN BURR
30|WILLENE FRYSON
31|CHARLOTT STEURY
32|SYLVIA FAUDREE
33|SUMIKO HOEFFNER
34|MALINDA DIGENNARO
35|SHAKIRA DONDERO
36|GARNETT PEVEY
37|SHEENA FRUSH
38|DIANA MCANULTY
39|CONSUELA ZERMENO
40|SHANNAN POLLE
41|ARDITH SCHILLINGER
42|REINA HUTH
43|LEAN BURRELLI
44|MAURA DEEB
45|ALLEEN LAREZ
46|ELENORE DETOMMASO
47|SALENA WHEELDON
48|CELINA GARATE
49|LIANE RISEDEN
50|MELLIE FRANTZ
51|MARINE LEHTO
52|JANNETTE ALAMBAR
53|MARGUERITA SWAGGER
54|TAYLOR DARLAND
55|NEOMA PINC
56|WALTRAUD SALUTO
57|KERSTIN CHOWEN
58|ELLAN ZIGICH
59|ARMANDA OJA
60|PRISCILA ATCHER
61|COLENE VONSTEIN
62|NETTIE STROJNY
63|LUANNE TAMM
64|DARCEY STOA
65|CARLI HAGERT
66|DESPINA SAULO
67|KEILA GARR
68|IRINA GOLIGOSKI
69|NELIDA LAHMANN
70|DARBY CHATTERSON
71|CLETA STEINKAMP
72|MARVELLA UY
73|CATHIE CAFASSO
74|VIKI BRISTOL
75|KIM BALASCO
76|TRUDI LUNGSFORD
77|KEISHA HATCHCOCK
78|ARACELY RENDEL
79|LASHAY LAWES
80|JAMES TOOF
81|MIKAELA ANCIC
82|ENRIQUETA NOONEY
83|WINIFRED CAMPOLONGO
84|TONIA EIKNER
85|CALANDRA ELTRINGHAM
86|SARINA PILLA
87|KATHRINE EPLIN
88|TAWANDA CLEVEN
89|LUCRETIA BAZILE
90|TENNILLE PIN
91|DEMETRIUS HUBLER
92|CHERRY SIXT
93|LETISHA STAUCH
94|MI WARDE
95|CARMELIA JOKELA
96|GIGI CERVANTSZ
97|OSSIE STILLIE
98|BRIGID GOTTARDO
99|DORIA SHANKLAND
100|TWILA KARAPETYAN
101|MASAKO MAZZETTI
102|IRAIDA MCQUAIDE
103|CASANDRA BYNOE
104|JUDI KIPLING
105|ANDRA COFFELL
106|THERESSA PROVENCHER
107|CHARLSIE ALTSISI
108|GEORGIANNE GUTZWILLER
109|CELENA ROATH
110|FELICE CRAVEIRO
111|LEENA DAHLEY
112|MARGARETTE FRITTER
113|MICHAELE ORHENKOWSKI
114|LAVONE LOSSA
115|ARIANNA EARNHARDT
116|LEILANI DEITZ
117|MARCELL MUMMA
118|MELITA ALERS
119|LIDA TACKETT
120|YUKIKO KELIIHOLOKAI
121|BONG RUZICH
122|DEEDEE HEERS
123|OLIVA DEDON
124|FLORENTINA DUTRA
125|MARGARET AULDER
126|KRYSTA KLEMANSKI
127|LOVE BAHRI
128|KELSEY HANSING
129|WILLODEAN SEALEY
130|CAMELIA NEMET
131|HARRIETTE ALDI
132|DELANA BLATTER
133|LOIS PAWELEK
134|DELORA RUCINSKI
135|DEVIN LYDA
136|CHRISTIE POUNCEY
137|VERDIE SIPRIANO
138|MELANIE SPEICHER
139|SOOK LEOPOLDO
140|YOUNG SKEETS
141|GRACIA DENNIG
142|ROSALVA GIETZEN
143|CORALIE BIGG
144|JONNIE GAERLAN
145|RONALD WARENS
146|NONA KERENS
147|DIMPLE SAMLAND
148|WILDA CHISLOM
149|ADELE LIPPHARDT
150|SHAWN COENEN
151|PEG RUGH
152|KIERSTEN CANIZARES
153|ALYSSA REGUSTERS
154|GLENNIE HIRSCHE
155|CATHIE SENSMEIER
156|RENATE MILBRODT
157|ARIANE BRAITMAN
158|ADELIA FAIOLA
159|KISHA MCKAUGHAN
160|DEBBY LULAS
161|LUIS HASENBECK
162|DELORSE ENBODY
163|ANGELIQUE ALTAMIRANO
164|SADIE WEARING
165|MANDIE BARA
166|MONET BRAYER
167|KACEY JENG
168|JULIANA WOZNY
169|LULU THURY
170|WINONA MILDREN
171|KEITHA FREEMYER
172|ROSANN CARUTH
173|GERTIE HARDEE
174|AUDRIE ZELASCO
175|SENA WYLAND
176|JANETTA FABACHER
177|GWYN LAXEN
178|DINORAH KAWCZYNSKI
179|MERYL GULINI
180|TANA MISHOE
181|BIANCA GOSE
182|BAO STEFANICK
183|MARTIN FAST
184|JUSTINE MCLELLAN
185|PETER RUPRIGHT
186|ELINA NEALLEY
187| DIKES
188|RENE SACCONE
189|CINDA CABANA
190|SHIN GOODPASTURE
191|CIERRA SWARTWOUT
192|ELFRIEDA LOO
193|LEIA STEINMACHER
194|JACKIE SENNETT
195|NORMAN LIPTRAP
196|SUSANN FANTON
197|PINKIE GEERDES
198|ANNAMARIE COWGER
199|MOIRA KAYWOOD
200|FELECIA LARICK
201|MARG BOUCHAERT
202|LINDSAY OREHEK
203|JANEEN FEHRENBACH
204|HELGA SOLGOVIC
205|JEANE TURNIPSEED
206|PHYLLIS MALAVER
207|ASUNCION RAIOLA
208|CHERLYN KEARBEY
209|LOVIE DIDAMO
210|DOMONIQUE HUSHON
211|LAVERN LEACHMAN
212|DANNETTE RAIOLA
213|DALLAS ARNITZ
214|EVITA HYSQUIERDO
215|YOKO FEDLER
216|BLAIR WORDELL
217|BARBRA WILKOS
218|JUNG ROEHRS
219|SHERLY REITANO
220|LORRI ABRELL
221|SHAWANA HAMMAR
222|DEEDRA LUEBBERS
223|HATTIE KRUPANSKY
224|SCOTT GROCHOW
225|DENESE TOMICH
226|DEAN CARNOHAN
227|FIONA CHAISSON
228|AURORE FRAGASSI
229|LYDIA LAFKAS
230|WHITLEY CHIARO
231|LURLENE MASSINGALE
232|JAMIKA MATIAS
233|CHERISH TIFT
234|CAPRICE ALBERTI
235|DANYELL BELKOWSKI
236|ENID SCIANDRA
237|RACHELLE HAHN
238|TAM BELGARDE
239|RAYMOND RAPOZO
240|CLEORA SZOSTAK
241|TERRESA SALEM
242|DANIELLA MCMAHAN
243|LORNA LUNG
244|MICHA GOTHARD
245|MERCEDEZ SEGGERMAN
246|KARY HACKLE
247|ESTELLE BLORE
248|TATUM MANTSCH
249|BRANDE LAUGHMAN
250|TULA SOVERN
251|AMIE REDFERN
252|BARBARA CORNERS
253|PETRA KNOCK
254|JOYE VITTUM
255|KARIMA MACKLEY
256|DESTINY MACIEJCZYK
257|GILLIAN PACQUETTE
258|PIA HARBECK
259|ARLETHA CORNELIO
260|MYUNG KRIVAK
261|FELISHA ZINNO
262|TIARA POLLE
263|LAURA ALBANESE
264|TABATHA SHIKUMA
265|NORENE MAROTTA
266|EDELMIRA FRIEDLINE
267|ELBA GRISSINGER
268|CLELIA MANTEY
269|AURORA GOETZE
270|DEIDRA WINSTEAD
271|MARGARETA KERANEN
272|SHU DEFIGLIO
273|DELIA MARTINO
274|KANDICE ZUKOF
275|JOSELYN PAYTON
276|LITA NGIN
277|SHERIE HANDZEL
278|FELICITAS YEARGAIN
279|LAKIA PETTAS
280|MARYBETH HOU
281|RANDEE BOCHENSKI
282|SHARIE RUNZLER
283|BRIGITTE VANSTEENBURG
284|LEORA NUCKELS
285|FRANCISCA BRACKENBURY
286|FELICITAS KEPPERS
287|LORRINE PARTMAN
288|LASHAWNDA STRALEY
289|DEEANNA ARDITO
290|JESSIA HAMME
291|CLARE MILTEER
292|LAVON WRICH
293|BLANCA WERK
294|BEE UCHA
295|HILDEGARD GO
296|ERICA DATTE
297|TONISHA LIEBSKIND
298|SHENIKA FELD
299|KARAN PORT
300|CARON BUCKEY
301|SHAUN TOTOTZINTLE
302|KANDI SCHOBERG
303|VALRIE VOORHIES
304|LATASHIA MAROLA
305|WINDY BOURGEAULT
306|JIMMIE HASHMI
307|PAULINE MUTTY
308|GENEVIEVE PASILLAS
309|PORTIA BAUMGARTEL
310|MAURITA GITTINS
311|SHAUNA NUGENT
312|JODEE DAUGHTRY
313|DUSTI TENSLEY
314|PENELOPE GAUS
315|JOLIE ALICUBEN
316|SHANEL GOULETTE
317|ARDELLA ERXLEBEN
318|LYNDIA GUARISCO
319|FIONA MITCHELTREE
320|BEULA LUEBANO
321|HELENA SHIVES
322|MARIAM POUNDERS
323|DENESE FRUITS
324|ROXANA HOLLEYMAN
325|ILSE KOHLI
326|VERNETTA WOITOWITZ
327|LUCILA SNAPP
328|KYM VIVIAN
329|LUANA PEE
330|LARUE DORMAN
331|STAR TINLEY
332|CARMELLA DARDAGNAC
333|SHAKIRA ESSHAKI
334|TAWANA ARREDONDO
335|JERALDINE GOOSLIN
336|LEOMA GEANS
337|IRENA NOVACK
338|JACK RUNDELL
339|MICKI CARLOS
340|ERIN IPSEN
341|TENA RAMONES
342|DESIRAE PADAMADAN
343|CARLEY COLOMBO
344|BLOSSOM ELTON
345|LIBBIE EVANOFF
346|JODIE MINSHEW
347|DANICA FIALLOS
348|MAYME CORTES
349|STACIA VERHAEGHE
350|ERICA WOSICK
351|KETURAH YAKLICH
352|TWYLA SEBESTA
353|CANDRA SHERLOCK
354|DANELLE BUMPAS
355|AURORA READUS
356|ELEANORA ROLINS
357|BREANA DEWULF
358|NAOMI LITES
359|CLAUDIA IRETON
360|EVAN LURY
361|OTELIA YOUKET
362|ALBA WINNIKE
363|JULIANA TIELKING
364|BAILEY BIDDICK
365|DORA WOHLFARTH
366|GRISELDA STANDORS
367|GEORGIANNA HAUB
368|MELBA POLSKY
369|HYACINTH MEABON
370|RICKIE MULCHRONE
371|FIDELA ESTRELLO
372|ELBA TUMAN
373|TRISTA ROIGER
374|MARIAM AVER
375|TERI NEWBY
376|SANTA RUE
377|SPARKLE REHNERT
378|GABRIEL PALMIERI
379|PEGGY OGRAM
380|SIGNE STAMEY
381|JENELLE DINKLE
382|AGNUS MEDOWS
383|VELVA MCGLOTHLIN
384|LORI LAJOIE
385|CELESTINA SIEDNER
386|DINORAH FERRINGTON
387|LIZ SCHIFF
388|NADINE FLAHIVE
389|ADRIANE LOCKS
390|TIEN MURRISH
391|JULIETA HUST
392|IGNACIA EINSTEIN
393|CHAU EARL
394|ADELLA EMBT
395|JANI BRUH
396|CHANELL DANKS
397|ROBBI SMEDSRUD
398|BEULA TIENDA
399|EARLIE KAPLAN
400|RYAN KLIMCZYK
401|ALFREDIA CLAUNCH
402|EUGENE MARCY
403|JANELL LILJEBERG
404|ILDA SWYMER
405|MARA TALAYUMPTEWA
406|SHERI WENTZLAFF
407|MALLIE KEISS
408|ELLENA THRUSTON
409|ANNICE LEIDECKER
410|WINNIE FRANCH
411|DORI DENNI
412|ORETHA ADGER
413|GLYNIS SHAMIR
414|NELLE MINICUCCI
415|WHITLEY MCGORRY
416|LEIGHA MAHALKO
417|XUAN MIERZWINSKI
418|CHARMAIN KAHLER
419|JONNA MOURE
420|ALMETA HAGGBERG
421|RONDA SIGWORTH
422|HAYLEY WHIPP
423|NORENE COSTELLA
424|CARROLL MONTENEGRO
425|JACQUILINE DIEFENDORF
426|AMMIE HUEBNER
427|THOMASINA MANUAL
428|MAYA BRADHAM
429|ADELLA SACHE
430|LAURYN BAYMON
431|FLORIDA CASEWELL
432|MURIEL HEIDLER
433|GISELA GILLESPIE
434|TIARA MANDIOLA
435|DELISA DROEGMILLER
436|ALDA MULRY
437|LAURYN EINCK
438|JODEE COUTO
439|KALLIE AMANCIO
440|TAMEKA EURBIN
441|LAQUITA FEDIE
442|PHYLICIA BARBEN
443|DAWNA ALHAMBRA
444|MOON WALUND
445|DANUTA KOPPANG
446|PEARL BAEZA
447|TAMELA SPIVA
448|PILAR NEVWIRTH
449|DOMINIQUE LARUBBIO
450|JANEL CHANNER
451|HA TOPOLANSKY
452|ASHELY HUF
453|CARI CAPELLAS
454|ZONA FEARON
455|MAFALDA HARTKE
456|MICHAELE JEFCOAT
457|MELONIE LAURENDEAU
458|PING WOLINE
459|SHAKIRA MOUND
460|ANTHONY DUFFEL
461|CHARISSA VANBRAMER
462|CECIL KONOPACKY
463|JACQUILINE BENCOSME
464|KIRA WUN
465|BRIDGETTE DEANGELES
466|GLINDA KREJSA
467|JONI STOVER
468|ELIDIA MINELLA
469|CATRICE STEPANEK
470|ANNABELL DUDENBOSTEL
471|JESSIA SAUSE
472|LAVONE SERIGHT
473|JANICE AHLE
474|DOREEN ELIFRITZ
475|CHARISE BALETTE
476|CARMINA SHANER
477|URSULA CREE
478|IZOLA BECKERDITE
479|YON BARNETTE
480|ARMINDA MELFORD
481|JENNEFER CREAN
482|ISAURA GOFFE
483|MEI BRODI
484|SHAWNA CONDICT
485|SALLEY INESTROZA
486|JOSIE MOONSHOWER
487|ANGELIA NYSTROM
488|WILLIAM WOOTTON
489|LAINE GEAGAN
490|AURORE FELKEL
491|AI CARASQUILLO
492|MAURICE HALVORSEN
493|GRAYCE CLONEY
494|FIDELIA KIMBLEY
495|JOHNETTA CRONON
496|VAN HORNER
497|SHARIKA CRANDALL
498|YUNG VALERIUS
499|ANGELIC AMSTEIN
500|HYUN JEROWSKI
501|FLAVIA TARRAS
502|DESIRAE HASSELBARTH
503|WINTER WINCAPAW
504|ORETHA HARTFIEL
505|KATE HILDING
506|BRENNA COWEN
507|NOELLE HOTTER
508|NOLA DAHLEY
509|VICKEY SARAVIA
510|JENNIFFER MCCULLOH
511|TATUM WAGON
512|VERTIE IINO
513|ROY BENDAS
514|AI DOHN
515|MARTI ARGUIN
516|CORA GANIBE
517|CHANDRA SALAMEH
518|LAURICE HEFFERNEN
519|HERLINDA SUDAK
520|LISBETH SCHIMEK
521|MARICELA FEHNEL
522|CYTHIA LIMEHOUSE
523|ROBBYN DAR
524|KALA LASKER
525|TONA ZARELLA
526|DOLORES CIVIELLO
527|TOMIKO BABENA
528|CHONG BELLANCA
529|SUSANNAH SY
530|ROBYN NADINE
531|DIMPLE PALMATIER
532|JOHNA SALTMARSH
533|BRITTA YORTY
534|JOLINE BETANCOURT
535|NECOLE FRANCESCO
536|SIOBHAN WILDES
537|LAVADA LAPUERTA
538|SIGNE NAVALTA
539|YEN CRITON
540|MERNA BELTRAM
541|SHAE GEHLBACH
542|MARIS BUTTEL
543|AFTON STORRS
544|JILLIAN SEIBT
545|CARLOTTA DEFIBAUGH
546|LUNA GUIDO
547|SALINA BADASCI
548|RENNA SHRYOCK
549|HEIKE RAGUSANO
550|LEOLA NONROE
551|ALECIA CONS
552|SHERLENE FREASE
553|LAVERNA NUTILE
554|SANDY BRENNEMAN
555|MEG SIGMOND
556|OCIE SLAGHT
557|ROSALINA GOLLER
558|SHENIKA HARDTER
559|IN AMMIRATA
560|TEMEKA JEVTIC
561|ANGELIQUE BRENDEN
562|ROZANNE POTUCEK
563|MAN KIMBRAL
564|GLYNIS BROLL
565|RONNI SPRUANCE
566|MYRIAM BANDIN
567|FELICE VENARD
568|DELANA BRUSON
569|CRIS GATERS
570|INEZ DEBELL
571|ROSALINA PITTSENBARGER
572|TONDA GATCHALIAN
573|SHERELL VANDERKAR
574|NINFA SHANHOLTZ
575|MASAKO MEIGHAN
576|MIRANDA CRUDEN
577|SUZANN COUTINO
578|HOLLI DOROUGH
579|GEORGIANN STADLER
580|ROSELIA LAIBLE
581|BETTYANN GROSCH
582|CHASITY LUCATERO
583|ANGELIKA ROGISH
584|SARITA UNION
585|DARCIE MOPPIN
586|KLARA BORY
587|AUDRIE YACCARINO
588|HONG BRANDORFF
589|CHANTAY CAVRAK
590|LACEY LATO
591|LOURIE HUYSER
592|LOURDES ANDA
593|SHARLENE SANTAI
594|DELSIE MCKAY
595|CASIE STVIL
596|SHARA SLUSARSKI
597|BASILIA MANIKAS
598|BREANA STATER
599|VENITA MAISH
600|MARDELL TEEPE
601|HEIKE ADA
602|STORMY GERBIG
603|KRISTIN STETZENBACH
604|MILAGRO HERZBRUN
605|DEVORA KAOPUA
606|SHIRLENE MARUFFO
607|NAOMI UDDIN
608|ROSEANN MCIE
609|LAURAN ARROCHO
610|MARLYS BLASKE
611|LAURICE TOMPKIN
612|HEATHER VAREL
613|ZELDA HECT
614|CAMILLE FRANCH
615|TIFFANI ALBERTSON
616|SHARLA ALVARDO
617|FE CHURAPE
618|MORA WHITEY
619|INOCENCIA GRONDAHL
620|ASSUNTA MICHELOTTI
621|CARYL MULL
622|ADDIE MATHRE
623|FLORENCIA MEINERT
624|YESSENIA LASSERE
625|RAVEN SAYERS
626|DAKOTA BLAILOCK
627|AMBERLY DOXON
628|SHERRELL DUMMITT
629|DEDE KURTULUS
630|COREEN KROUT
631|GRAYCE RUESSWICK
632|NAKIA STARIN
633|WEN RYDBERG
634|MALLORY BRENDER
635|PURA SELVESTER
636|ELEONORE KINCER
637|TEMIKA CORPORON
638|LAURE KLAUSER
639|TRINIDAD ELEDGE
640|BILLI SACKAL
641|CORENE DENETCLAW
642|CORIE CABANA
643|BEAULAH SPIGNER
644|STACIE KOSTY
645|VANNA VERDUCCI
646|SHAN HARRIETT
647|MARNA OBERRY
648|MARYANN VIGGIANO
649|EVALYN BLEY
650|SUSY BRADISH
651|MILLIE MASSENBERG
652|JAZMIN HAGLER
653|THALIA BEERS
654|NICHOL BRUCKMEIER
655|CHARISSA RISTON
656|CLAIR ZUKERMAN
657|VALERIA GALL
658|KATHLEEN APPIA
659|BENNIE WAX
660|ALISHIA KAPPEL
661|TOI VIOLETTA
662|MADELENE MCTIGUE
663|LARITA TOYOTA
664|HYON PRICHETT
665|TRUDY ROVERO
666|NORINE BARETT
667|NUBIA BUDY
668|MARK BRANHAN
669|ALANE WINESICKLE
670|MICAELA KROENKE
671|CONCETTA SWARR
672|CARMELA EGOLF
673|MARYLOUISE LAMARR
674|TRESSIE RAMBO
675|LURA PERCIVAL
676|JULIETTE SALYERS
677|JOSPHINE AONO
678|EDEN GLODEN
679|PETRONILA BYBEE
680|KATHRIN FORD
681|ASHELY SCHMALZ
682|ALETHA VOISINET
683|SYLVIA CECCHI
684|NIDA NYAHAY
685|CLEMENTINA OLDENBURG
686|LAKEISHA BEUCKE
687|BILLI RAIBLE
688|BRIDGETTE PARSI
689|GABRIELE BRAGAS
690|ELINA LIESCH
691|ELENORE ELLIES
692|SHANEL LEPPANEN
693|TISH RUACHO
694|PAMILA FERNANDERS
695|BRITTANI BRIDENBAKER
696|ALVERTA FEGLES
697|LELAH CONDER
698|LILLY GLADEN
699|TONA BRENDA
700|ADENA BRYON
701|LYNETTE ARMOUR
702|LOUISE CHARISSE
703|ASHLY ALCOTT
704|LUNA LINDMEYER
705|ANISA MARBRY
706|JENE BEERLY
707|INGE WITTHUHN
708|CRYSTLE EDLEY
709|PASTY JESSICA
710|CORNELIA ABT
711|DELENA BESEKE
712|HELENA ALLWARDT
713|HENRIETTA KITTLER
714|SHANEKA STRAYHAND
715|CARIDAD BEYERLEIN
716|ANGELIA NAZARIAN
717|PARIS SCHIPPERS
718|JENELLE SEVERI
719|ILEANA BUTTON
720|DARLENA MARY
721|CRISTI LASTRAPE
722|LANELL BACCO
723|NIKKI ASELAGE
724|JULIANNE HELD
725|ROMELIA KROEMER
726|GERDA MAHN
727|DAWNA BEYAH
728|ALBERT MANERY
729|RANEE HOUSHOLDER
730|GEORGIANNA BUFFORD
731|CAMIE RAFFETY
732|ESTA EBINGER
733|LILI STIEGMAN
734|RENA WOOTEN
735|YAEL LITVAK
736|ROBBIE GLIEM
737|AUREA LISKIEWICZ
738|INES KOHRS
739|SHALONDA ORDIWAY
740|CARLIE KUITU
741|KRYSTEN BRIDDICK
742|KIMBERLEY ALDAY
743|KEIKO HARVLEY
744|MARIEL LEMME
745|ROXANN PROCHAK
746|MELONIE MERTZ
747|JENELLE OSVALDO
748|HAYLEY ROSENTHAL
749|FELICIDAD KENDZIOR
750|ALICIA NANDA
751|JANEEN TYNAN
752|KRISTI LOUNDS
753|OZELL ARICO
754|DANIELLA JABBOUR
755|DANIELL BELLHOUSE
756|MAJORIE COVE
757|DENYSE PIZZA
758|JACQUALINE ENTRIKEN
759|YOSHIKO BURDGE
760|TREASA MIODUSZEWSKI
761|GAYLE BRIDGEFORTH
762|BUNNY DELENA
763|MARGIE FLEURY
764|JOANA BROMMER
765|ANTHONY MESAROS
766|ALICA BELYOUSSIAN
767|ISIDRA SREY
768|SYREETA NIGG
769|CRYSTA MERRILL
770|MARGARITA KOHARA
771|LINDA HILBORN
772|CAITLIN CONFAIR
773|TORRIE WAISANEN
774|JUAN FRITZLER
775|RHEBA ETHERTON
776|CLARENCE CULP
777|MARTY SHELKO
778|TEODORA VANDEBRINK
779|ERYN CHRISPEN
780|TILLIE FENCL
781|BOBBYE MORSBERGER
782|ELENA WINBORNE
783|SYBLE BOUNLEUT
784|SHANTI PADIN
785|SHIRL DALEE
786|SHERICE YAMAKI
787|LISETTE LOEFFLER
788|CLAUDIE DEJEAN
789|ELIZ UECKER
790|ENA SIKORRA
791|HOLLI WHITES
792|CARLOS MEGGITT
793|SHARELL MEDER
794|LILA BROZIE
795|ELOISA DOME
796|MARSHALL STOSKOPF
797|JAYNE COLMAN
798|LOREAN BARTHOLD
799|HIEDI TRAINHAM
800|JOHANNE MUDDIMAN
801|AKILAH MARLENE
802|KAROL MACEK
803|NATACHA AMATO
804|TRESSA REAVLEY
805|MARGERY TOCCHIO
806|LEESA CHRISTODOULOU
807|TERRY DELPOZO
808|LASHONDA BRATCHER
809|BRUNILDA BARTOLONE
810|JEANICE MCCRABB
811|LEXIE SKENE
812|SHANEKA WIRF
813|MONET PELISSIER
814|VAN WILLARS
815|FARRAH BOHLING
816|SHARLENE WELLE
817|KATIE ALYEA
818|NOELIA NADELBACH
819|ELLYN PIETRAFESA
820|EARLEAN REHO
821|CRISTA HASS
822|KAROL BRIDGETTE
823|VENUS UHRMACHER
824|MELANY GNEGY
825|WILLODEAN VIEW
826|SYNTHIA TORRIS
827|SHARRON GODBOUT
828|JANEY HAWK
829|ALMETA VANGYI
830|MARYALICE HEWETT
831|JAIME MAKEL
832|LEOTA GENT
833|ROSALINE MCMAHILL
834|CLAIRE NEALY
835|DOMENICA YERBIC
836|GEORGANN COTE
837|LASANDRA TAMURA
838|MERNA ANDRUSZKIEWIC
839|REDA WADLOW
840|NAM GARCILAZO
841|MAGARET MCCAN
842|TAYLOR EELKEMA
843|MYRTIE CZEPIEL
844|MELIA ROTHFUSS
845|CHAYA FRATER
846|JACQUE LEEF
847|LAVADA YZAQUIRRE
848|HUE MAREVKA
849|NAKIA VISCARRO
850|MYESHA REITEMA
851|LETTY NANZ
852|ROSSANA HEWEY
853|SATURNINA WORDELL
854|LOUELLA TRUDE
855|RAEANN CARRION
856|EARNESTINE MACGILLIVRAY
857|FELICE LEZA
858|CHRISTIE OCONNER
859|WENDY HALLOWICH
860|PHILOMENA CANIZARES
861|CYTHIA QUINTONA
862|LILLY KILLOREN
863|HALLIE ELMAGHRABI
864|JAMEE RIDDERHOFF
865|VANETTA GOERLICH
866|FELICITA SONNEN
867|CHERISH LINDEN
868|TAKISHA MCDONAL
869|HUI GOTTA
870|TRACIE ZITO
871|SHANTAY BONSER
872|ILEANA DUNLAVY
873|GENNIE DELUNG
874|NILA GOTTER
875|JACINTA SVETZ
876|DELPHINE ROSAVIO
877|KRISTAL DUNNUM
878|XENIA TONNER
879|RHIANNON STEHNEY
880|LILLIAN DOTEN
881|KACI GOODLING
882|GLADY BLAKNEY
883|LOVIE NOTT
884|NICKOLE BLACKGOAT
885|LEONIDA AMDERSON
886|EVIA DEVERY
887|MATTIE DINARDI
888|JUSTINE WEALER
889|LORITA HOROSCHAK
890|SHERON BALKE
891|REVA DRESNER
892|TONYA ELMAN
893|STACI SURGOINE
894|NANCY WORF
895|CONSUELA CHAVIS
896|JACELYN MINTZ
897|GERRI BAIROS
898|CHERIE FURLONE
899|CLARIBEL VANZIE
900|ONEIDA MCMAHEN
901|LOREEN GALIMBA
902|ISABELL SOSBY
903|TIERA BETTI
904|NIKITA GOTH
905|OLEVIA RODIQUEZ
906|FRANCIE MCCOIN
907|BOBBYE BELLOSO
908|HYACINTH CHOLICO
909|CLEMMIE YOUKANAA
910|OPHELIA HOLFORD
911|JACQUELYNE DURESKY
912|CLAUDINE MAGANA
913|MARJORY MCCLENAHAN
914|SHIRELY POSER
915|LETICIA GUILBEAULT
916|LOLITA DOWGIALLO
917|FRIDA ZAPF
918|SUSANNE FACCHINE
919|SONA PASQUINI
920|MARINA PAGNI
921|FREIDA IENG
922|ERIKA GULISANO
923|DAHLIA COLAMARINO
924|DANIELLA LAPHAM
925|BRITTANI MANCINA
926|ROSALINA TYNES
927|ALICA LUPOE
928|JOSEFINA DEPEYSTER
929|SEE WEISENFLUH
930|CELENA GOLBERG
931|ILA CRESCENTI
932|ELEASE CREGLOW
933|ANDRA SHACKLE
934|LAWANA KLUTH
935|TRISHA STORE
936|SOFIA CORLESS
937|SUSANN MERRIT
938|DEANNA WEINSTEIN
939|VERNON DERISE
940|MARICELA MASRI
941|PATRICIA RYSER
942|CHRISTOPHER FANGMANN
943|GERALDINE LENOCH
944|GARNET PIEK
945|LUE DEGRELLA
946|KENDAL WORMUTH
947|GENNA VIALL
948|KIMBER CAMBRON
949|TONI BOURDEAU
950|ROLANDA OVELLETTE
951|ANAMARIA BERDECIA
952|CARLETTA AUSHERMAN
953|SENA ABOUD
954|CLEMENTINE EXTON
955|ELAINE RIDDERHOFF
956|EVANGELINE REA
957|SHANNON BERNASCONI
958|MARLEEN MELANSON
959|KITTY KUPCHINSKY
960|MYESHA ARBOGUST
961|TILDA GRIGOREAS
962|ELOISA LINKOWSKI
963|DEIDRE CHABEREK
964|SHERELL WHITWELL
965|LAVONE GIBEAULT
966|ROSALINE QUENT
967|DORIA NEWMAN
968|MIRIAM MASTERA
969|PORSHA TOLEN
970|BRITNI KUERBITZ
971|MELANIA FRICKSON
972|GWENN KNOEPKE
973|ADRIANE LUTHY
974|AUDRIA SJAARDA
975|LEA EICHENMILLER
976|SANDI CRUMPTON
977|DEON FOSTE
978|TORY BURDI
979|ALANNA ZERKLE
980|BIRDIE MAROVICH
981|ULRIKE GLOCKNER
982|JOHANNA HENRETTA
983|DANIELL SHIRES
984|CHANTELLE KNAB
985|ALETHIA KENOUO
986|ASHLEA SPAYER
987|DOLORIS PLATHE
988|MILISSA BOURNE
989|REGINIA FAHERTY
990|DAWNE JACKSON
991|THUY MASUPHA
992|JACKIE TOUSIGNANT
993|SUZIE HEGGOOD
994|KARIN FOWLEY
995|LARUE FIERMAN
996|BOBBI BOEKE
997|DESIREE SURPRENANT
998|PAMILA FORIEST
999|MARTINE MCKELLIPS
1000|PETRA FRIEND
1001|FABIOLA LACLAIR
1002|NICOLASA BLAZON
1003|JERRICA PENNELLE
1004|ANNIE PADON
1005|ROXANN VITEO
