0|VANDA SAKASEGAWA
1|FRANK PICQUET
2|ALONA SIVERSON
3|MAYME MESECAR
4|VALENTINE KOLTER
5|SHIRL NISTLER
6|CASSY WONTOR
7|LANELLE GITTLER
8|SABRA GOSSLING
9|LOMA WEICHBRODT
10|DENISE RHEAD
11|ILLA OCKEN
12|VETA GOVERT
13|NELLE CHARTIER
14|TARI SUGERAK
15|LORE DINGSON
16|SHELBY MCCALLIE
17|EVELYNN NIES
18|KIT SHEWMAKE
19|LUCILLE AROYO
20|MAPLE PANDOLFI
21|GALINA LIDEY
22|GRISELDA RUZICKI
23|CAMILLA MADARIS
24|SHANNAN SAUREDO
25|PATRICA NECOCHEA
26|SACHIKO SHULER
27|KITTY LITTLEPAGE
28|REATHA GROBES
29|WINDY CASSATT
30|BELLE GUTIERES
31|CAROYLN SEIDNER
32|ALLYSON DELLAMONICA
33|AFTON DEKORT
34|MEGHAN LEIMER
35|SUZANN VANSTEENBERG
36|MARLYS TANKSON
37|ERLINDA SPRINGMAN
38|SEEMA MOTTAI
39|DEBBY SWITCHER
40|ETHELYN QUICKLE
41|SHAQUANA CHHABRA
42|IRENA HAYMAN
43|ROCIO CORNWELL
44|EMERALD DENGEL
45|LIANA BUSTINZA
46|OLYMPIA PEPER
47|DONITA GRATTELO
48|RAQUEL BOHART
49|LARAINE ABRAMOWITZ
50|THUY ROCHELEAU
51|TEGAN TENNILL
52|PAMELLA CAPOTE
53|FANNY STIERS
54|TREASA MCGETTIGAN
55|LESHA STANKIEWICZ
56|BAO DIFRANCISCO
57|MOLLIE HOSKIE
58|SATURNINA CARLEW
59|VIOLETA CLISE
60|FRANSISCA SERVANO
61|MONSERRATE TRAUGOTT
62|BEATRICE BOQUE
63|TISHA MENG
64|OLINDA MICKS
65|LISETTE DIVITO
66|ORA KALIL
67|JOHNSIE QADIR
68|HIROKO KURTH
69|KIMBERLEE WILKENING
70|REBBECCA PHILSON
71|FELICE HERSHA
72|VERONICA TERESI
73|CHEREE FRIEST
74|KEVA MATHIEU
75|RAYE ENCALADE
76|LEKISHA FLEWELLING
77|LACI SAKAKEENY
78|ALBA MONTIE
79|ANITA SAUCEDA
80|STEPHEN DEMATTEIS
81|TREVA EUERTZ
82|DELPHA BRASFIELD
83|STEPHANI SOBOTA
84|JULIET CREEHAN
85|HOLLEY LETMAN
86|SHIZUE BRENNAN
87|WILHELMINA PRANTE
88|THOMASINE FARRELL
89|FREDRICKA TRAVAGLIO
90|MYRA COZINE
91|DOMINQUE JHINGREE
92|OBDULIA KNOWLTON
93|STEPANIE KHLOK
94|DANILLE WILISON
95|JEANNETTA HAKANSON
96|LIBBY BRASIL
97|BILLIE KOHEL
98|SHARA SCHLUNEGER
99|LILLY FIEDOR
100|FRANCISCA HIGINBOTHAM
101|ARMIDA BOHLMAN
102|DELAINE KARCICH
103|PORSCHE OSHITA
104|MARYA BRENTARI
105|RIA CHATLEY
106|EVANGELINE STROLLO
107|LARONDA ORLOF
108|DELINDA DICAMPLI
109|AYAKO ABASTA
110|RONNIE DEMER
111|VAL BRUCKEN
112|CECILIA PROVINE
113|PATRINA STOCKINGER
114|LARA MISNICK
115|CONNIE DREY
116|DAVINA CHRISTESEN
117|VESTA VARA
118|DANA GODBOUT
119|TARSHA ROBERTELLO
120|CECILLE BARBARINO
121|ROLANDA STANGER
122|TAREN SUTTLE
123|CARLENA BANKARD
124|AVELINA CISSEL
125|SHERIDAN KAR
126|BLYTHE SIBURT
127|BRIGID BIRAK
128|COURTNEY BALLINGER
129|ODESSA PETITE
130|MARICA MAGGI
131|NEOMA WORM
132|KIANA NOPACHAI
133|ROSEANNE COODEY
134|RHEBA TEGTMEIER
135|SUNNY CATHERINE
136|SIMONE VANHAMME
137|ELFREDA GALLEGO
138|ZETTA LAVANDER
139|PAMELIA LICH
140|LORINA GUNNOE
141|IRA JEANNOTTE
142|LUNA SAGES
143|MARCY DRZAZGOWSKI
144|RHEBA FERNHOLZ
145|MALVINA OKERBLOM
146|HIROKO KNOY
147|JOSHUA PRUNEDA
148|JUDI MOTTER
149|STASIA ALBAN
150|TOVA BAREFIELD
151|JUDY AMERSON
152|VANNA HEBERER
153|MARISA BOEKEN
154|EMELINA LYSEN
155|LORIE KUPEC
156|ALONA NIKOLAI
157|LYDIA VOLLUCCI
158|CHANA LUTTERMAN
159|ARACELY TOBON
160|SHONNA LULL
161|MARION VALLEE
162|HERTHA RECIDIVI
163|MARILYNN GAMEZ
164|JOANNE ECHEVERRIA
165|SASHA KLINGENBERGER
166|BERYL SPROW
167|BEULA GRINNELL
168|GRETA BRANTNER
169|AIKO LEGG
170|LEAN MCRAE
171|DENESE BACY
172|JOLIE CRAWMER
173|SPRING HETTENHAUSEN
174|EULAH MUYSKENS
175|CHARLES SABEIHA
176|REBECA SCHENKER
177|SO FREITAS
178|TWILA RITZIE
179|MAE AYMOND
180|LOREAN HELBIG
181|KRIS SECRIST
182|CARL VANDERBURG
183|YADIRA TIMMERBERG
184|ALDA BALFOUR
185|XOCHITL SCHACHER
186|MALINDA ZIMBELMAN
187|BERTHA GANAS
188|MARINA TISHLER
189|CICELY ARROWOOD
190|ROSARIA FRANZEO
191|ETHYL KEEHNE
192|ELYSE GAITER
193|SHANTELLE NUUANU
194|MARCELLA GOTTDENGER
195|BERRY HECTOR
196|SADIE COLATO
197|ARLEEN BETHLEY
198|ELIZA RUZBASAN
199|KARRIE TRAUGOTT
200|SHARRI CAJUNE
201|SHENITA NEBESNIK
202|JOANIE CEPARANO
203|ILANA LORTZ
204|JAYME VIGLIOTTI
205|KAYLENE ZIAD
206|AUBREY BURNLEY
207|CHRISTIANE CATTON
208|KAMI TURCIOS
209|MAXINE AWBREY
210|RACHEL BRUSTMANN
211|ANTHONY RUSCH
212|MARGENE WENSMAN
213|MARGET BRUSON
214|DANIEL COROLIS
215|BREE DOUGHTY
216|CHRISTIA BOYTER
217|RORY MALETTA
218|SATURNINA MASSIMO
219|VERTIE HOUPT
220|SHANTAY FINISTER
221|EULAH PETREE
222|NUMBERS DIMARIA
223|LILI COLLONS
224|ALLEGRA JOU
225|MERRY MECONI
226|AYANNA SCHOEPFLIN
227|TAI BISEL
228|LAVERNA ROSEWELL
229|FAWN EBRAHIMI
230|CYNDI CADDIGAN
231|ULRIKE PALINKAS
232|TIFFANY KUSUMOTO
233|TAMEIKA HEBERER
234|CORINNA ALCALDE
235|ROSALIND SPIESS
236|MIYOKO GEIER
237|MAGDALENE GREWE
238|KEVIN BATKIN
239|ROSLYN ECKARD
240|ARMINDA COOPERWOOD
241|SHAUNDA FAZEKAS
242|PANSY SESLEY
243|SHERLY ZALAMEA
244|TEMIKA EICHSTADT
245|MARNI PLACZEK
246|LAVETA DEATLEY
247|LATASHIA DONLYUK
248|BRANDIE DUDDY
249|MERRILL WOELKE
250|JACKELYN LOBREGAT
251|KAROLINE RILLER
252|ROBIN RUFUS
253|GOLDIE INKLEBARGER
254|MEAGAN HISCOX
255|SCOTT TROTTO
256|LIANNE HIVES
257|ALISHA ZAVALA
258|GALINA CASTILLANOS
259|IZOLA ROUTTE
260|SHENITA PFLIEGER
261|ALEXIS CONROD
262|CAMIE GREGAN
263|THEDA ALLINGER
264|CASANDRA BARGE
265|MARKITA GIARDINA
266|WANDA DENNO
267|SENAIDA HARWOOD
268|MARGORIE THIBODEAUX
269|MARIEL SAYKO
270|KASSANDRA SPONAUGLE
271|MELYNDA PULLIN
272|REFUGIO VERWERS
273|LUISA RAPPE
274|MATHILDA LAGANT
275|MAURA LOUDER
276|LEORA MATOTT
277|KEENA TROUTMAN
278|PATRICA GOODMAN
279|THELMA IANNONE
280|CRISTINA MARCI
281|GEORGETTA MULLENAX
282|MARIAN WORTHING
283|BIANCA AUBRECHT
284|TALIA BOCKEMEHL
285|EUN PHLIEGER
286|ELSY ROSENFELD
287|LEIGHA BOENDER
288|LONDA DURON
289|MADDIE CUBA
290|JUDY OVERLY
291|CLARIBEL CACCIOTTI
292|LARISA HOLFORD
293|JOSETTE YUASA
294|MATILDA LAURITO
295|DIANA HOSSAIN
296|MAHALIA TEWARI
297|MIRIAN ECKERT
298|ANJA SMEBY
299|VERLENE ALL
300|ZENAIDA HALTERMAN
301|JASMINE BULMAN
302|LENORE SCHMITZ
303|LORIA BARCIK
304|SILVIA RATHGEBER
305|FILOMENA WAINSCOTT
306|ALAINE RANDOLL
307|HOA ALCALDE
308|WYNELL HENBY
309|LEANN WHISENHUNT
310|MAUREEN HENRICKSON
311|LASHANDA WHALEN
312|HILDE SZUMILAS
313|ANA BLASEN
314|KAROL DOHRING
315|DELMY TACCETTA
316|YOULANDA BROCK
317|JOSHUA MARIN
318|RITA HILLANBRAND
319|STEPHANIE LUST
320|ASHLY BABINGTON
321|TARYN SIMONIN
322|MADELINE BIDDISCOMBE
323|BEATRIS ELDRIDGE
324|CARLEEN TOOMBS
325|CAMILLE JARRY
326|TREVA MESICH
327|JAUNITA GOBBI
328|MELLISA LANPHER
329|HYUN STEIBER
330|NATALIA GROCHOW
331|SELMA ANGELO
332|JUDIE BUTTS
333|RAMONA KUTIL
334|LAVONIA KEELEY
335|LOUANNE BURWELL
336|FELISHA SURBELLA
337|ASHA GEISS
338|SHAVON STORRER
339|DOROTHA OVDENK
340|CIARA FANGMAN
341|CORRIE WISCHMAN
342|VIOLET ROLLF
343|MYRLE MONELL
344|MARYJANE MENDELSOHN
345|REMONA VANGORDEN
346|CLEOPATRA DOE
347|BRITNI RANDELL
348|DARLENE CASTELLAW
349|ALETHIA POLISKY
350|LEIGHANN BRANDL
351|GRICELDA MONTEZ
352|MABEL STEIGERWALD
353|NEOMA CHESTANG
354|NAOMA CASILE
355|ADELLE DELILLI
356|MICAH FILLA
357|LOVELLA LAFLIN
358|KASSIE BRUMMOND
359|SINA AFLALO
360|AWILDA KOSOFF
361|ROSALINA JANES
362|STEPANIE BEYRER
363|FRANCINE VEMURA
364|ADRIA PERVINE
365|SHANEKA CHAPPLE
366|ANTONETTA ZAPPA
367|JIMMIE KANAKARES
368|ELENORA YOECKEL
369|IESHA KUNKLE
370|LANELL MOCK
371|LAUREN SESSUMS
372|SHAVONDA TEREPKA
373|AKILAH YUST
374|KRISTEEN PEXSA
375|NOEL GULLATTE
376|LOAN SKOLFIELD
377|CHERYLE CIESLIK
378|CHRISTIANE CASTORENO
379|SHIELA RONDELL
380|NOEMI GADEWOLTZ
381|CHASSIDY PARSLEY
382|ADELE SCHWEIZER
383|MARIA KOPFER
384|MADELAINE INKLEBARGER
385|BRINDA FLAMING
386|ANETTE BISHARD
387|SHERLYN ROSHAK
388|LARUE WAUFORD
389|MERCEDEZ NOH
390|BREANNA SCAGGS
391|LYNSEY TYRANCE
392|MISS PIGG
393|SANDI HERZBERG
394|BABARA CASHDOLLAR
395|MARGARITA AMANZA
396|MIREYA DRYDEN
397|TATYANA MIKLAS
398|LACY HINT
399|ORA HIMES
400|LINNIE GOSSOW
401|LINH RUSSEK
402|CODY CLIMER
403|BELLA DOORNBOS
404|BETHANN RENDER
405|TONJA GRUETT
406|FANNY CACKETT
407|MARYLAND GANA
408|CATHY VALLIERE
409|JILLIAN BRADIGAN
410|MAGAN POLLMAN
411|ANDRA BOHNEY
412|LARISSA OBANION
413|PINKIE FRESCH
414|AMIRA FISCHLER
415|LETTY MONFORT
416|CHRISTEL DARNELL
417|HILLARY GANE
418|CHANDRA BOECKX
419|MORA BOWLICK
420|FREDIA UHLMAN
421|JI KOCAJ
422|DEIRDRE TURICK
423|SHANAE FILIPPONE
424|GENNIE QUIVOZ
425|CHARIS UZELAC
426|SOPHIA JOLY
427|GENE INGWERSON
428|THEA RIZZARDI
429|EUSTOLIA HEITKAMP
430|RONA MAYMI
431|MALISA TEYLER
432|DARLINE TESTMAN
433|ARIE CARNAGEY
434|PHOEBE KOPPANG
435|ALYSIA LICHTE
436|ANDERA WYER
437|JESSENIA JESSEN
438|NADENE KACZMARCZYK
439|MARLYS NEANG
440|ELEANORE FILER
441|CAROYLN MATHUR
442|SUZANNA BEIL
443|DANILLE INABINETT
444|CHERELLE UNDERLAND
445|ARNETTE CRONEY
446|MARIA KOLBER
447|ROSA RUDIGER
448|ROCIO BOEHLAR
449|VIRGINIA BENTIVEGNA
450|MAGNOLIA SOUTHCOTT
451|CAREN GERARDO
452|ASHLYN VENTRICE
453|CORI FLOWE
454|CASANDRA BEHL
455|DORIS STREVEL
456|RICKI AR
457|ROSAMARIA FOWLKES
458|LACRESHA RAJALA
459|EXIE OZANE
460|SIMONE TONES
461|VALARIE HEITZ
462|ALEXANDRA PICKEREL
463|TYESHA PEIRSON
464|WILLOW CALRK
465|LAVETA POLFER
466|LESLIE OSTER
467|ALIA MCGLORY
468|JOAQUINA EIBEL
469|JULIANNE MARKOVICH
470|KATHLENE MANGANO
471|JULIENNE ARCEO
472|TAMARA OVALLES
473|CAREY STEPHEN
474|KATHLEEN OBERDICK
475|LAURAN HOST
476|ALEJANDRINA DOWDLE
477|ADELAIDA VARRELMAN
478|JOVITA LAVGLE
479|SHIZUKO BLOWE
480|EVELINE BAITES
481|GLENDORA TRUPIANO
482|CHAN EYRE
483|GRISELDA CHATLOS
484|SHAWNTA STOLLAR
485|TEMPIE HOVANEC
486|DONETTA COTRELL
487|KIMBERLI MCNANEY
488|MARICRUZ HERRE
489|JEANMARIE GIESSINGER
490|JULIENNE PUC
491|JOSIE DREXLER
492|CHANELL WIEWEL
493|CORALEE PROCTER
494|JADA SWIRES
495|JOSEPHINA MICKS
496|CHEYENNE KEPKE
497|CRISTI GLOSTER
498|ELLEN HIRSCHHORN
499|CRYSTLE GUAMAN
500|CLAUDETTE CRAPP
501|TIARA LENNY
502|NEDRA MENCHAVEZ
503|NIA MCGOWIN
504|SANG CESARIO
505|JANELL TINER
506|LINDSY MIKO
507|TILLIE DARCEY
508|ALVERTA BOLDWYN
509|JOSHUA VALIENTE
510|LISBETH MARRIN
511|CAITLIN MESSICK
512|GALE BLEAK
513|CARROLL GOSSARD
514|HERLINDA DROZ
515|STEFANIE DIENHART
516|BEULAH EFRON
517|BRIANNE SIMAO
518|FREIDA TUPAJ
519|JACQUELYNE FODNESS
520|KRISHNA MARRELLO
521|SHAKITA MEINSEN
522|CANDIDA AITKEN
523|LUDIE ROLLO
524|SUSIE ENSELL
525|TIANA AUGUSTYNIAK
526|HERTA PRESHA
527|KAREEN SESTOSO
528|DOLORES WIRT
529|NATASHA ADE
530|ALESIA YEARTA
531|VERTIE LITKA
532|PENNEY CLAUDIO
533|MARCHELLE WANINGER
534|GEORGANN SIXTOS
535|ETHYL HERERA
536|RUFINA ISERMAN
537|SANDIE ZELLINGER
538|HERMINE TOEPKE
539|TERESIA VITEAUX
540|REANNA TREGRE
541|LEISA FRANCESCONI
542|CORIE NEVIUS
543|LESLI GRALA
544|ROXANNA CURI
545|LAURENA ESCHENBURG
546|LATOYIA LICKEY
547|ESTELLE SALAZER
548|NATACHA EGO
549|FATIMA RIHANEK
550|STEPHANE COONSE
551|NAKISHA BAQUERO
552|NILDA KRIKORIAN
553|MALLIE PECHT
554|FAUSTINA GRANNELL
555|SHAMIKA LIETZKE
556|SHERIKA DEMAN
557|DANIELLE LASSERRE
558|ELEONOR BOUER
559|TISA GUTOWSKI
560|SALLY DEMETREE
561|LAKITA MEINEN
562|CREOLA MCNEME
563|TANIA LEINER
564|VERONIQUE BRAGUE
565|ROMA MADON
566|KARRIE HIRSCHBERG
567|MELONY KRIESER
568|PAULINE TRAFTON
569|JOHNNA PASCERI
570|INOCENCIA PITMON
571|BELINDA ORWICK
572|LANETTE HOSMER
573|MARISHA MARZAN
574|ALLEGRA SECORA
575|KUM FADALE
576|YUNG LIMB
577|VINA BEERLY
578|AMALIA PRIBNOW
579|CASSIE HARTSOCK
580|WILLIE ORZECH
581|DELORA STOUTNER
582|TERESITA SOPTICK
583|RIVA GILLOOLY
584|SHIRLEY BOSE
585|JENNELL HAMMEREN
586|ALESSANDRA CASTELLANOZ
587|LARA REHDER
588|KELLI GUNZENHAUSER
589|MICAH OELSCHLAGER
590|TAMISHA HUMES
591|DULCE MALANDRUCCOLO
592|WINNIFRED REEDHOLM
593|DENISSE TIZNADO
594|YOSHIKO MCLOUGHLIN
595|MICHAL SCHERZER
596|SERINA SENIOR
597|LATARSHA MILBERGER
598|SHIRLEY TOTIN
599|INEZ CHAMBERLAIN
600|YASMINE BRDAR
601|MIGNON BISCARO
602|OSCAR ROCASAH
603|KEMBERLY HOWERTON
604|ALYSA SKRZYPEK
605|JAYE SUNDER
606|KECIA MOWRY
607|DONNA LATHIM
608|FATIMAH FRON
609|JENIFFER ZALDIVAR
610|JUNE BARBALICH
611|KARYL LANNAN
612|ABIGAIL MERGENTHALER
613|TOBY LAURIE
614|CLAUDIA WAGLEY
615|JANINE HILMAN
616|CANDIS TOHEN
617|MILISSA BELMORE
618|NEDA QUIJAS
619|JUAN ARRITOLA
620|LARONDA ARAKAKI
621|MARISOL WOODELL
622|DEBBY HUCKABEE
623|JAME HEUER
624|LORENE EKHOFF
625|CHRISSY FOSSUM
626|CHRISTIN MCDANIELS
627|SHARRI ROUDABUSH
628|TAMIE RATH
629|KENYETTA AHLF
630|VERNETTA BACKFISCH
631|RONA HARTENSTEIN
632|DORINE SPADLIN
633|ANNAMARIE HEISEY
634|IRENE SEEWALD
635|NAKESHA POMARES
636|RIA NAGEL
637|LAURALEE TRUMBAUER
638|KATY ALSTROM
639|LAVERN BEAZER
640|DIANA AZOTEA
641|CHAROLETTE SOSINSKI
642|TOSHIKO BARK
643|RAYLENE KUIPER
644|JANEL COULSTON
645|KANDIS MELLISON
646|LIBBIE KEESEE
647|YUNG OKINO
648|TOSHIA GREENWELL
649|BRYNN SPEARMON
650|GEORGEANNA MIKOLA
651|LURLINE QUEALY
652|MARGORIE DZIAK
653|ELLIS MABARY
654|KERRI CURRINGTON
655|KRYSTAL VOSBURGH
656|SHONDRA TZENG
657|JACALYN GEVORKYAN
658|KIERSTEN DESHIELDS
659|CARITA ARDS
660|CHANTAL HOLGERSON
661|MELIDA MECHLING
662|BERNIE MIENTKA
663|KASSIE FETHEROLF
664|GLENNIS KENTON
665|LORINDA LUCCHINI
666|RYANN CLAR
667|LUANN NASTA
668|BRIGETTE LEANOS
669|MA MCCOACH
670|LIN LISOWE
671|ALVERA TELA
672|JENAE BLOOMER
673|HAZEL PASCERI
674|MELVA THANOS
675|SHERLY GUSTISON
676|JULIETA HISS
677|LAKIESHA KERWIN
678|MIKE KREPPS
679|VERENA STEPHSON
680|EMIKO STERNER
681|CATHERIN RANDRUP
682|YOLANDA HINER
683|DAN GRISHABER
684|LOREN SCHLEY
685|NAKESHA WAR
686|TAMIKO POTTERS
687|STEFANIE COLINDRES
688|GLENNIS BUSE
689|SHARELL MONTESI
690|SAMANTHA ALUISE
691|JOSEPH IDOL
692|ANNELLE FORET
693|JOELLA LYEW
694|PEGGIE FRASCO
695|MECHELLE CRESENCIO
696|LEILANI CRIBBIN
697|CLETA FERREYRA
698|KELI HOFFMEYER
699|SHONTA MANIAR
700|VERNITA VOLLICK
701|CORETTA MANNCHEN
702|HILLARY SALABARRIA
703|ZOILA RIVERAS
704|ELEONORE RETA
705|HANNELORE PUDENZ
706|REMONA SODERVICK
707|INGE VODDER
708|JERLENE ARGENTI
709|THERESSA GAETANO
710|LEORA WILDING
711|CANDIDA WREATH
712|HALINA PARENTS
713|TANDRA HILES
714|ELIZABETH SIEVEL
715|SHAWANNA PAULLIN
716|JOLYNN FREUDENBERG
717|SHAYNA REGINO
718|WHITNEY ESCHENBURG
719|LAURETTE IFFT
720|DONG GUSSIN
721|DALENE RINA
722|SHARAN MCPHEETERS
723|NANCIE VANDERBIE
724|QUEEN SCHLOTTER
725|PEARL OSTERMANN
726|HYE JUMONVILLE
727|FANNIE POCH
728|JANICE GIESE
729|VERDA PALACIOS
730|SHAUNTA SHUTTLEWORTH
731|IN KJOS
732|AYANA DOERKSEN
733|CHARITA PALAIA
734|OLIVA TOBY
735|FREEDA CAHUE
736|CHRISTIAN MITANI
737|MARGRET FORRESTER
738|REMEDIOS MCCOON
739|JOANE CUDDINGTON
740|WENDI BOLK
741|SHANON CINCO
742|LATISHA ROKOSZ
743|CATHY DIRKSEN
744|CHAROLETTE MARGOLIES
745|COLETTE BENNEFIELD
746|CARMA ARMANTROUT
747|SHONA COSTEIRA
748|TAMATHA THAYNE
749|GARY EMBERLIN
750|ALMETA MAJESKI
751|SIDNEY SARAF
752|SHANEKA ANDER
753|LILLIAM LOSADA
754|UNA HEIMBAUGH
755|ALONA BOIANI
756|SAM GENRICH
757|DORTHA ERNESTO
758|SHERY MUTHER
759|KIRSTIE GALANTE
760|CARMON PELLEGRINI
761|ELFRIEDE YARNELL
762|DAINA CHESICK
763|MURIEL SNOWBALL
764|KORI PENNEWELL
765|ENID MELANSON
766|RUBI PAUP
767|DELORAS ORABUENA
768|VIOLET SPENNICCHIA
769|ANJANETTE DEWIRE
770|TABETHA RADOMSKI
771|QUINN BAYLIS
772|CLAUDE MINTO
773|ELIN IIDA
774|MALISA POELING
775|ALESHIA SIEMERS
776|RENAY HIRTH
777|SHERITA DORRIES
778|ANGELINE STREHLE
779|NGUYET BRAMALL
780|ABBY BART
781|SOOK MEYERS
782|VERLENE REIER
783|TRISH VIARD
784|KIMBERELY EDELINE
785|SHARI SCARBOROUGH
786|OSSIE CHUKRI
787|ELNORA LAZCANO
788|RAE HUSKEY
789|CORRIN WOGE
790|TAMA IRIZARRI
791|KAREN KLAERS
792|NAKESHA GUIHER
793|KYRA REDDICK
794|JEFFREY HOLLOW
795|RONNI GARLAND
796|ARDITH BEHNE
797|JULIA ABERCROMBIE
798|ROYCE LOZEAU
799|MARX GONSER
800|CHERLY KVETON
801|AISHA MONAHAM
802|LAYNE SEIDENSTICKER
803|SHELLI COLELLA
804|EDEN OERTEL
805|MUOI PLUDE
806|CHASSIDY DANNELLY
807|FERMINA SICKS
808|CHRISTIAN DEROBERTS
809|TULA WEIDNER
810|LADY DEON
811|MADELINE DUBAN
812|WALTER TWEED
813|JOSEPHINE CLINEBELL
814|MADIE BODREY
815|LATIA NOZICK
816|SERITA COULIBALY
817|LAURALEE SPRAKE
818|RHEA MCGARVEY
819|TIFFANEY ZEPKA
820|NELLE EICKHORST
821|GOLDEN CUDWORTH
822|GISELE PERRELLI
823|SANTA LUINSTRA
824|FANNY PAULING
825|FLORETTA GURWELL
826|EVAN SARSOUR
827|DANNIE COLARUSSO
828|LIBBIE JANACEK
829|MADELAINE ASPINWALL
830|MAGARET BRENNEIS
831|ALETHA MAYLAND
832|TERA MUSSO
833|PAULETTE GUILMAIN
834|DENICE YENGLIN
835|KATHARINE FINCHMAN
836|KIARA GARRETSON
837|VERA WHALER
838|SHARELL MUNTER
839|EUGENIE GILLOCK
840|NELIA HARTNESS
841|DAWN RESPASS
842|LAINE KINTSEL
843|THAO HANDKINS
844|KATLYN VANDELLEN
845|YESENIA BRUNETT
846|DONNETTE GRATTAN
847|BRYNN STENDER
848|GEORGINE PAROBEK
849|CRISSY CIELOSZYK
850|LOVELLA NIMZ
851|JACKELINE GWIN
852|LADAWN HALLET
853|ARLYNE APARO
854|KARISA MENAKER
855|MARSHA BOLLS
856|MACY STAMP
857|SHOSHANA AQUILERA
858|KEITH APOLINAR
859|JOYCELYN CAMFIELD
860|ISIDRA SCHMAHL
861|LUETTA GOETHALS
862|STACEY SANTALUCIA
863|JENE DEMALINE
864|LIZ STURKIE
865|SHAWANDA WENSKY
866|JANETTE DWELLINGHAM
867|ALAYNA RICHARDSON
868|NICHOL TIBOR
869|KENDAL CLAYBURN
870|ROSEANNE MOSCARITOLO
871|SHALANDA RUNYONS
872|CINDIE PATADIA
873|LORRETTA SEBENIECHER
874|JAE MANTEUFFEL
875|VERGIE KRENZER
876|LULU ALLBRITTON
877|TONITA KAMAN
878|MANDA MALEKZADEH
879|STACEY HOWATT
880|GINA GALLETTI
881|MAYBELL VENTERS
882|CHRISTENE WAUGAMAN
883|HILLARY BANKOS
884|DANIELE FANNING
885|CHARISSE STARNOLD
886|MARCELENE CHAIDEZ
887|MAYE INGRAHM
888|KILEY ARENAS
889|CORALIE FULLENKAMP
890|BAO FITZMAURICE
891|MONSERRATE KLEE
892|TERESSA RUSINSKI
893|LE KILNER
894|TIANA STAUFFACHER
895|CHERY BRESLOW
896|JANNA WOOLFREY
897|DELINDA KOKOCINSKI
898|GLORIA CHUTA
899|EVAN MALLA
900|CREOLA OQUENDO
901|LAKESHA IGNASIAK
902|KARINA RABUSE
903|LEONILA DERFLINGER
904|WILHEMINA SLUNAKER
905|REGINE YESTRAMSKI
906|LAUNA AYDLETT
907|SUSIE SAYLOR
908|AMALIA KASTL
909|SEPTEMBER KUPERMAN
910|ELAINA LATTERELL
911|ILLA BONUCCHI
912|ELISA WATLAND
913|ANDRIA MOOS
914|BERNADINE SANCHEZ
915|IRINA KAUMANS
916|MARLENE WISK
917|VALERY VITELLO
918|KENDA KLIETHERMES
919|MAHALIA CUNDICK
920|SHALANDA KUKLER
921|TIESHA MCHORSE
922|KATHARINA WERNZ
923|DANNIELLE BOGENSCHNEIDE
924|EVONNE WEHRLI
925|SHELLIE STOHRER
926|SUSANNE TEBO
927|KENDALL OVERFIELD
928|TABETHA CAETANO
929|JEANE STEPHANSKI
930|DOLORIS ARICHABALA
931|SHIRLEEN HULSTINE
932|HAN FIALLOS
933|FIDELIA VENCES
934|TINY MCCORISON
935|LIZETTE WILAND
936|REGINIA MAROSE
937|SHARILYN ROSILLO
938|TONIE MOENING
939|LORENA FELLI
940|LEONIA PIOLI
941|JOANNIE MCBRATNEY
942|LETTY NORD
943|BRIANNA DELOATCH
944|MENDY SHUSTA
945|ANGELYN CARDENA
946|MARGIT KUZARA
947|ERNESTINE EICHHOLZ
948|YOSHIE LINKOUS
949|REBECCA SIMLER
950|SEPTEMBER HELFEN
951|LEWIS KAHOLA
952|NILDA DITO
953|NEVA BLOIS
954|AUDRA LINDBLOM
955|ILEEN INGUARDSEN
956|SHAUNNA MCCONCHIE
957|CLARETHA SPETH
958|BERNETTA RINEHART
959|JULIANNA KRUPINSKI
960|TAKISHA HUNTSBERRY
961|LEZLIE SOLT
962|KERSTIN KITTELBERGER
963|LATRINA WEDMAN
964|LAKENDRA WARTENBERG
965|MARYELLEN HOFFSTATTER
966|JANIECE KERFOOT
967|SHERLEY PERERA
968|IRENE MANDELBERG
969|JEANNETTA CLATTERBUCK
970|KAYLA MACMILLEN
971|CARA BORSARI
972|ALAINA CHANDRONNAIT
973|NUBIA MINICOZZI
974|CYNTHIA GAROUTTE
975|NELLY CESTIA
976|INGEBORG HETCHMAN
977|MINDA ADAN
978|SHELLA ESSMAN
979|KIYOKO BARSON
980|LAKITA ZARAGOZA
981|ETHELYN KOCKA
982|NOELLE BOUDREAUX
983|DELORSE NYLAND
984|MADELAINE BANKEMPER
985|MECHELLE RAISIN
986|PENNEY TABLANG
987|ALEIDA FORCELL
988|SHANE THORNWELL
989|JACKQUELINE DELFS
990|LUCI CHAPARRO
991|HELENE METIVIER
992|STACEY WOHLD
993|GEORGIANNA LIENKE
994|LENORA OSTERBERG
995|ARACELY HOLQUIST
996|TANIA LAMBINO
997|MELLIE VECCHIA
998|ELLAMAE YARBORO
999|LOIDA IMBACH
1000|BERNITA DUFOUR
1001|SHANE BAKALARS
1002|KIMBERLIE ARDIS
1003|ELSY DELOERA
1004|TAMISHA FRASCHILLA
1005|ANGELENA IRLAND
1006|KEELEY BRAFMAN
1007|ETHELENE COLOPY
1008|KIMIKO BOMPANE
1009|PAZ FELICIEN
1010|MARISSA CRISMAN
1011|EUNA LOHT
1012|MYRTA SPEYER
1013|HERTA MUINOS
1014|TA FATA
1015|SIGRID ZIRBEL
1016|CARLYN GARZONE
1017|SOLEDAD ZERBE
1018|MARINA IWAMOTO
1019|ROXANA DALOISIO
1020|MICHELE CASTRO
1021|DARLEEN ESPARAZA
1022|RUBI BUESS
1023|TU BREITHAUPT
1024|LASHANDRA KEAFFABER
1025|EVIE SUTER
1026|CINDERELLA MORNINGSTAR
1027|SARITA CAGAN
1028|THALIA MCCRANEY
1029|SAVANNA CONTRERA
1030|CHI BUCKINGHAM
1031|DANILLE CAUTHORNE
1032|NANCY ALIMO
1033|JASMINE FUSON
1034|ALFREDA BONAS
1035|ELADIA LANDEY
1036|LIZBETH TWIST
1037|YOUNG NADING
1038|YONG CRARY
1039|LORETA BRUMMER
1040|CHRISTINIA PULLINS
1041|DELFINA CUNEIO
1042|ADELINA ESARY
1043|DEVONA HECHINGER
1044|KITTIE TITCOMB
1045|ORALIA LABEAU
1046|MELLISA MIDDLETON
1047|LIA EMILY
1048|JESSICA DONIVAN
1049|EDIE PITTSLEY
1050|MARTH BRIMM
1051|PINKIE PLATH
1052|LADY SHARK
1053|VINA BREYERS
1054|SHAE GUINYARD
1055|PENNY SABATASO
1056|CARY DEVOSS
1057|CIARA PONGKHAMSING
1058|JENNA CANELLA
1059|VERONA GALASHAW
1060|CATALINA LASKI
1061|SHANON STEINKRAUS
1062|ANGELO DUPERRY
1063|VERDIE GODSMAN
1064|ALBERTA GODDARD
1065|TERICA REIMMER
1066|CARROL CIESLIK
1067|MURIEL LOYACK
1068|HANNAH GUDGELL
1069|KARLY MEZZINNI
1070|GRAYCE ECHTER
1071|BERNETTA THRIFT
1072|IMELDA RIVERS
1073|KELLE DADD
1074|LORILEE STEMPLE
1075|SHIELA FOOR
1076|SHERELL GOYCO
1077|FREDIA SOVERNS
1078|BERTIE MULLARKEY
1079|SHAYLA RUNNION
1080|BIRDIE DIBELLA
1081|EVANGELINE DELASHMIT
1082|MOZELLA RIGO
1083|KALI LEISTIKO
1084|STEPANIE URBAIN
1085|SHERLEY MINIHANE
1086|KARI CHAUSSE
1087|RANDEE STONESTREET
1088|HESTER VANWERT
1089|LOUANNE STEINHAUER
1090|DORIAN SARKS
1091|ENRIQUETA TRACHTENBERG
1092|SHERON HERONEMUS
1093|MAXIMINA MISRAHI
1094|LENORE MAYSONET
1095|MARGARET DILLEHAY
1096|LIZBETH DAMES
1097|RACHEL ROMAN
1098|NUMBERS JUNGEN
1099|KELLE RAPONE
1100|NENITA IKE
1101|LASHAUNDA POTSANDER
1102|MICHIKO AAKRE
1103|MARI TOPI
1104|ARNETTE GALLARGO
1105|OTELIA MRUK
1106|MIKA VILLALOVOS
1107|TONA PREUSS
1108|SHANDA TAVIRA
1109|JAIMEE KOSCINSKI
1110|KANISHA TALICSKA
1111|PEG SOLIE
1112|SHERYL PARSELLS
1113|SELINA MULKIN
1114|VERONA GEMBE
1115|MANIE BRAZZELL
1116|CHARLIE RATHBUM
1117|NIKKI GROBMYER
1118|SHANTEL DEVARGAS
1119|SAMARA GULLATT
1120|GABRIELA FRATER
1121|ELLY ZOMORA
1122|MARCHELLE KEIFFER
1123|CARMEN GARDIN
1124|DIANNA QUIRALTE
1125|CAROLYNE GURIDI
1126|DOMINICA PICKER
1127|JERRI CAPEK
1128|HONG CLUCAS
1129|GERALYN HOFFNAGLE
1130|CHERLY BERBER
1131|ERICA YAMBAO
1132|DIANNE WYBLE
1133|KACIE BANFILL
1134|BRITT MARBLE
1135|CARLIE HANNEMANN
1136|TYESHA KUYPER
1137|KACI MATZEK
1138|DEVORAH ORTMEIER
1139|REBBECA LEEBRICK
1140|SUZY AUXIER
1141|TASIA BROXTON
1142|TOWANDA KIRKCONNELL
1143|KATHY ELSTON
1144|JEANETTA MONTAVON
1145|BONG VILLAIRE
1146|DEVORA PROVORSE
