0|WINDY SHIGETA
1|SANTANA BRIDGEFORTH
2|NICOLA OLESEN
3|SHALONDA SANTIN
4|MIKKI KLINKHAMMER
5|KASHA BEANBLOSSOM
6|HILDA WEHRLE
7|SHARELL HEDRIX
8|DEBBIE BEND
9|ELENI MACGREGOR
10|LATINA MACALLISTER
11|JONE VEGETABILE
12|XENIA GOLLHOFER
13|LAWANA TRACHSEL
14|MIGDALIA QUINONES
15|AISHA SPOTH
16|BEATRIS KUSHIN
17|ALEEN NOSS
18|LAREE CRISPIN
19|DEEANNA FREGIA
20|EMILEE CASSENS
21|KORTNEY PLUCK
22|ETHEL DAMONE
23|RANA BELLINGER
24|ASHELY BEILER
25|INA REDINGER
26|KATHRYNE MACMULLAN
27|ETHEL STREBEL
28|CATERINA DIEFFENBACHER
29|CARMELA PADDACK
30|ELVIE BORICH
31|VANNESSA DISCHINGER
32|MEAGAN CAPOZZOLI
33|BLOSSOM MOSSER
34|ARIELLE SWETS
35|KARYL HOESER
36|CLEMENTINA DESANO
37|KEVIN CHENE
38|KARISSA NIX
39|CHERISH LIZER
40|LORNA CHMELICEK
41|ROLANDE CANAAN
42|KATHEY BATTISTO
43|CHARITA BREAU
44|RONNI BECKMAN
45|DOLLIE SPINELLA
46|MARVEL LANFEAR
47|ALMETA TANIKELLA
48|OZELL NICEWANDER
49|MARCELINE HILLESHEIM
50|TRACI OLAZABAL
51|KARISSA URABE
52|CASIMIRA STOELTZING
53|ALTA CARVELL
54|LAVELLE YUSCAK
55|KARI HARE
56|PATRICK HAMMOCK
57|CATHEY TYRELL
58|CHARLENE KESZLER
59|KAYLEE LEAMY
60|ZULEMA SALQUERO
61|ROSY PFOUTZ
62|JOSEPH KRUTZ
63|MARTINE ALBERTSEN
64|KIRSTIE VALLONE
65|MARIVEL ABDELMUTI
66|DAISEY INGHAM
67|JENINE KOLBER
68|GHISLAINE WHITIKER
69|LIANNE WEHRING
70|NAKISHA SCHILDER
71|SHAYNE CORDEL
72|MALVINA FICHER
73|KELLEY ANREOZZI
74|TAYNA KRYDER
75|LE GARSIA
76|ROSARIO WENCL
77|YOSHIKO GARRITSON
78|LILLIANA BIERBRAUER
79|LETISHA DELLUM
80|HELEN HOEN
81|MARCENE SCHLAU
82|KELLYE BINDEL
83|LAURIE SCHAEFERS
84|ZELMA CRENWELGE
85|GISELE SHUMSKI
86|MARIKO KAUP
87|JULIAN AESCHBACHER
88|JANELLA TACCARIELLO
89|RANAE RODVOLD
90|PAULINA LUCKOW
91|SOLEDAD KOPPEN
92|ALEASE BROGNA
93|ROSIO EIMERS
94|KIMBERLI GIANTONIO
95|BUFFY ARMENTO
96|GOLDIE PROANO
97|PATSY GILGORE
98|JEANMARIE OSTROWSKI
99|ERLINDA LEVANDOFSKY
100|TAINA NAPIHAA
101|PORSHA BRENDON
102|JAMA REMUS
103|TENA ODERMOTT
104|CHERYL CHASTANT
105|CASIE KASER
106|SHELLIE GADEWOLTZ
107|DORETTA BOCKENSTEDT
108|KANDACE VILLATORA
109|NICOL COLDSMITH
110|MICHAELA JACINTO
111|PATRICK JEE
112|GISELE CHRYST
113|ANGELINA GUO
114|CHERRYL MOWLES
115|OLIVIA FERGUSEN
116|MISTY REULAND
117|MELLISA GEYER
118|SHERICE ROURA
119|SHAUNTE GEBRAYEL
120|HANA LAYER
121|RETHA KRUSEMARK
122|MARIANA CRONHOLM
123|LIANNE NOGOSEK
124|CHIN MATHIEW
125|MADLYN FEYEREISEN
126|RAMONITA HEADEN
127|KATHIE GROSCOST
128|MIREILLE LESUEUR
129|CASEY TUNSON
130|KASIE LINGER
131|VONCILE BIERLEY
132|CASSY MCGONAGLE
133|RIVKA GRIESHABER
134|MERRIE GLASCOTT
135|TONA SOLDNER
136|YVONNE ARREDONDO
137|MINNIE KAGAWA
138|DIVINA BISTER
139|ELIZABET MADISE
140|IVETTE PASTULA
141|JOLEEN LIDBOM
142|CARLI BURLINGTON
143|TASIA KOSCINSKI
144|JOETTE ZANIS
145|MARYLYNN RODEEN
146|MELANIE LINDERSMITH
147|DORENE MANSANARES
148|SHIZUE KROUSE
149|DACIA ILLIANO
150|KANDIS AUDI
151|KAROLINE PALADINI
152|TRUDI SAMANLEGO
153|REGINA OTTOSON
154|JOLYN BELIEU
155|SHERI ARAU
156|KYMBERLY NAKHLE
157|DEEDRA KRIENER
158|HATTIE COPPS
159|MAO ELHAJ
160|ASHTON REVELLO
161|ZITA YAM
162|KYLA FEST
163|PHUONG HEGER
164|POK HAGERTY
165|ANNAMARIA AUGUSTAVE
166|REBBECA DONERSON
167|STAR REAMES
168|MARYLYN MUSCO
169|MINH GOHEEN
170|CARLYN FARER
171|NONA DOYON
172|SHEREE BACINO
173|JULISSA GAWRONSKI
174|KOURTNEY DONLIN
175|MINA LAUROLE
176|LYNNA SISNEROZ
177|GERDA BOSKET
178|MEGHANN GOLINSKI
179|VITA WANER
180|BERNA BORGMAN
181|VIRGIE KOZUB
182|CLORINDA STARTZ
183|ANDREW DAGENAIS
184|MYRA HANFORD
185|ILONA QUILLER
186|DIERDRE MUTOLO
187|LANELL MILLET
188|REMEDIOS JOLIN
189|JANINA HOUCHINS
190|YOSHIKO BLATTLER
191|SANDY LYVERS
192|MARITA VIMONT
193|MICHEL HEVRIN
194|JUSTINE MACCARINI
195|LEESA ELEFRITZ
196|ANGIE RADOS
197|MARK GANNS
198|ANGELIQUE SOURLIS
199|SUZANNE BARRITT
200|GRACE GONNERMAN
201|ANALISA PIAO
202|CANDACE MESSANO
203|CAYLA MIKULAK
204|STEVEN BRANAMAN
205|PAMULA MARRERO
206|LILLIAM LUEKER
207|CANDI STECHER
208|FELIPA DARTING
209|KAITLIN RATTERREE
210|KATHRIN STANSIFER
211|SHAREE DIMEZZA
212|FILOMENA BROCKUS
213|TONDA OLEKSY
214|MELVIN SAFA
215|FRANCHESCA ALTSHULER
216|OLA HUSLANDER
217|LUDIE MCQUIRE
218|LESA PIANKA
219|WILLETTA WOODAND
220|JESTINE SOLGOVIC
221|ELIN SUVADA
222|YI WHELCHEL
223|SUMMER KEMPER
224|ASHLEY FEDERER
225|MARGERET SEARCEY
226|VIOLA LEMAY
227|DAPHINE STANDEN
228|ANTONETTA LAMIRANDE
229|JULIEANN BORCHELT
230|LELAH LIGHTER
231|EULALIA CROY
232|LYDA CAIAFA
233|BREANNA ESCHBERGER
234|KYM BUCKLE
235|ANTONIO WINCKLER
236|OLEVIA MUGRAGE
237|TALIA EDNER
238|NIKIA KICKER
239|JACQUELYNE LERTORA
240|BETTYANN PAWLIK
241|EASTER HAMM
242|PAULINA KLOEFKORN
243|GERDA LAUBACH
244|CORRINE SCHRANZ
245|AVERY CARRENO
246|BASILIA BOWKER
247|IVY WILLMOTT
248|HATTIE NICOLAYSEN
249|DIVINA TEBAY
250|NERISSA DELPAPA
251|DIONNE SCONCE
252|GWYNETH GRITMAN
253|CINDI GELRUD
254|MAI GUARIN
255|ALONA BEEKMAN
256|DEANNE MC
257|ROSALINDA NEISEN
258|VERDA WILLIMON
259|PENNEY PUGMIRE
260|CONCEPTION MORDARSKI
261|THALIA HIGLE
262|TAMATHA KONICKI
263|DEANNA PROBY
264|AUTUMN HOAG
265|MICHELL KOENNING
266|MERLENE HEBDON
267|KARRI LUNDEN
268|ESTELLE SZEKULA
269|KIZZIE COSTILOW
270|TOMOKO ARIMOTO
271|JOANA FUSILLO
272|MICHAEL TUROWSKI
273|LOREN GONNERMAN
274|JACKLYN HORELICK
275|PAULITA ALSON
276|IMA PELECH
277|DIMPLE DUBOVSKY
278|SHAUNA ROMIRO
279|LAURETTE PETTINGER
280|SETSUKO MOLLICONE
281|LANA HITER
282|KRISTINE LIBORIO
283|MELODEE MAUST
284|EVANGELINE DARUGAR
285|BREE FLUAITT
286|RONI CINTRA
287|SCOTT RATLEFF
288|VALERY HRYCKO
289|PAIGE UBILES
290|PORSCHE GARMON
291|REANNA KIESLING
292|LINH KRUMENAUER
293|CARLA FLINTROY
294|LEISA AMMIRATI
295|DIA WHITTENBURG
296|IRMA HARRIGAN
297|QUIANA MEDEROS
298|LADY RYDEN
299|JOVITA NEVISON
300|SUSAN IVERSLIE
301|DIONE BOIANI
302|SAMMY SCHNITZER
303|LORRIE DEGEYTER
304|CARMELLA BALDI
305|EVETTE ORTEGO
306|TAWNYA EPPERLY
307|HAYDEE TOBOLSKI
308|GLYNIS LAUGHERY
309|JONELL GUPTA
310|LEONIA BERDY
311|ERNESTINA COLLON
312|IESHA KUSAK
313|EDRA FELTY
314|ANGELINE BRIGMOND
315|TYISHA SCHOCH
316|DIANNA ZURMILLER
317|EVELIN SHARY
318|KERSTIN BOSHEERS
319|SHANON JAIYESIMI
320|VALARIE STRATAKOS
321|CHRISTINE WECK
322|CARLI BOSCHEE
323|LANETTE CHANNING
324|SILVA KRAWITZ
325|CIERA SERRELL
326|ZONA ECKMANN
327|GRISELDA LISTEN
328|ODILIA CANTLEY
329|DARLENE PLUNGY
330|PATIENCE KEPKE
331|CHAE SILVAN
332|EDEN DUSTER
333|MEG KLINGBEIL
334|AGUSTINA KHUM
335|FERN YUE
336|DEDRA SMARTT
337|JAYNE DODRILL
338|MARRY NOFZIGER
339|SANORA MOFFATT
340|NAKISHA BERMEJO
341|MAIRA RIELEY
342|JODI ZUGG
343|MARYLOUISE LATTERELL
344|LAVONE ALLNUTT
345|CLYDE NEID
346|MELANI TAPPE
347|JOHNNIE SYRING
348|ANGILA FUDE
349|KRISTAN GOOSSENS
350|PENNIE BIAGAS
351|EDITH LANDSBERRY
352|CLARITA AMENDOLA
353|ALAINE MARGOLIS
354|JEANMARIE BUTTARO
355|REVA BRUNDIGE
356|JACKELYN MANZA
357|JANELLE BOGUT
358|ADELIA HOLTHOFF
359|HILARIA TANSLEY
360|DEEDRA ABATE
361|CHARLOTT HIGGINBOTHAN
362|SINDY BOUNDY
363|GENNA FERACO
364|CECILA BELGARDE
365|JOYCE GAGON
366|LETISHA SWISHER
367|ANNAMARIA SANTOLI
368|COLEEN CEARNS
369|KATHERIN GALIETTI
370|MARVEL SARAULT
371|MARICELA MATYAS
372|SHANDRA REYBURN
373|CHRISTAL MERDIAN
374|CAREN CROXEN
375|VIKKI BARRINGER
376|PETRA MANCINO
377|NANCIE COWETT
378|GENA YOCHIM
379|ROMA REISIN
380|GENIA GILDON
381|LAVETTE SHEU
382|TRESSA MAGSAMEN
383|YER HEINRICHER
384|ERNA LADDEN
385|ALICA TROTOCHAUD
386|EDWINA DODIER
387|SAMELLA BALCKBURN
388|JEANNE SWEETMAN
389|LARAE LILJENQUIST
390|MARGRET PERSYN
391|EVIE BILBAO
392|DELORIS ALDWORTH
393|HAZEL HAMEISTER
394|GAYNELL ATKESON
395|ANTONIA BIGGERSTAFF
396|DORIE DETERDING
397|MASAKO COUNCIL
398|STEPHANY DEMEYER
399|NICKOLE HAVNER
400|MELIDA RAABE
401|DEBORA CHIFFRILLER
402|WENONA ARTEAGA
403|CHRISTEEN LENY
404|JANNIE CRANER
405|CELINA KILLE
406|LORENE AMPARAN
407|KEENA SCHRECKENGOST
408|ANNABELL HUSANINI
409|NIKIA THORN
410|JO BOWLAN
411|STACIE COCKEY
412|JOANA MESI
413|VALRIE LASTOVICA
414|MARCELL BATREZ
415|COLLETTE RODREGUES
416|JESSI BOVIAN
417|MISHA SIECZKOWSKI
418|DENNISE ZIMBELMAN
419|GEORGIE FIELDHOUSE
420|REGENIA LAHTINEN
421|ANTONIA KALINGER
422|LILLY PETTINELLA
423|SHERICE SCHLUSSEL
424|KELSIE CREDIT
425|RUTHANNE WEHBE
426|KATHARINE MAIELLO
427|KISHA HARDACRE
428|NETA GROCE
429|ELFRIEDE HALMA
430|JAMMIE SCHAMBERGER
431|TONJA DAMERELL
432|ROBERT AHMAD
433|TEENA CABALLES
434|EARTHA DOUTY
435|LAI HOGG
436|DORENE SINISCALCHI
437|SYLVIE VANWEELDEN
438|CHANEL PRUYN
439|CHELSEY EKAS
440|ROSALINDA ALBERTSON
441|MAYBELLE LADAY
442|CARYLON CHIPREAN
443|VERONIKA BUB
444|APRYL PREDA
445|ESTHER SHADLE
446|CLARE SILMAN
447|KATE PAVLOVICH
448|YOLONDA DUTROW
449|MILLIE DZURILLA
450|DIONNE SOTIRIOU
451|QUINN MULANEY
452|LEILA SOFFEL
453|KRISTLE BRICKETT
454|DAMARIS HELLUMS
455|THEDA MONDELLO
456|LEORA MATUSESKI
457|FIDELA PAEK
458|CARMAN KVILHAUG
459|JOANNIE LUNDGREN
460|JULIET WALIZER
461|SELENA ELLERSON
462|BEULAH GOENS
463|CORALIE USELMAN
464|CARLOS CLERY
465|ELOUISE FINK
466|SINDY BANH
467|ALIA VOVAK
468|VIKI LESTAGE
469|DESTINY CASTO
470|JACK JUSTINGER
471|ELAYNE SEALS
472|MATILDE TANTILLO
473|CORTNEY MATSUOKA
474|HALEY GALLENO
475|GAYLENE ZWEIG
476|MIKA TARTSAH
477|JANELLA MEDDOCK
478|BERNADINE SAINTIGNON
479|ARIEL EICHELMANN
480|DIGNA SIGAFUS
481|ZANA CRESSEY
482|SIU SCHROTENBOER
483|KEELEY MALL
484|ERIN PURDIE
485|ANETTE MELOAN
486|ERYN LLANES
487|CHANELL GRANTHAM
488|LESLI SEELEY
489|HILDEGARDE KEVILLE
490|CARLENA SENNE
491|LOIS LISKO
492|ELVIA HATORI
493|MEG MILLIEN
494|GLADIS VEITINGER
495|KESHIA PENN
496|PERLA BALTRIP
497|KATY ESCOBEDO
498|OLINDA CASTER
499|SHARITA TURBE
500|HARRIETTE SATO
501|ELLY DASILVA
502|SUMMER DOBIAS
503|MOLLY OULETTE
504|DANIA DENAPOLI
505|TARYN CICCARELLI
506|NORA KULIG
507|OPHELIA KETCHER
508|LYNNE OCHILTREE
509|RONALD RIPPERGER
510|AMADA CAVACO
511|SUNG VAGNIER
512|UNA FOERTSCH
513|JEANICE HEINEMANN
514|AN MOTTOLA
515|LORILEE CAUDILLO
516|TRENA GARNS
517|ALLIE DARCUS
518|CECELIA BONIELLO
519|AIMEE TOHER
520|TEOFILA PETROPOULOS
521|RAQUEL INGLE
522|NERISSA STANDERFER
523|JOELLE BOTTARO
524|BRYANNA GONZOLEZ
525|VIRGINA SHANON
526|DELCIE OQUENDA
527|SUZETTE TREANOR
528|PARTICIA DADDABBO
529|LAUREEN GENTILCORE
530|THEODORA RAYCROFT
531|MARYLYN ABBY
532|VIRGIL CIRACO
533|ELENA BROADWATER
534|LASHAUN PLOTNER
535|JOLANDA SAUREY
536|LADY MANICCHIO
537|ELFREDA GRISSON
538|DIANNA SILLIMAN
539|FERMINA WIDMER
540|NITA ZALENSKI
541|JOLIE BICKLEY
542|KIMBERLY CHRISJOHN
543|WINDY SWANDA
544|SHERY OSTLING
545|JOSHUA FABUS
546|WENDY HERINGTON
547|GARNETT UNDERWOOD
548|ZANA BREA
549|LYNNE SCHWERD
550|GWYNETH PORE
551|TERISA HALMAN
552|THERESIA MARTIG
553|EXIE WALDALL
554|TAWNA ZEIDAN
555|KARENA BORUM
556|LILLIA GERVASI
557|BENNIE REDIG
558|PAULINE BROWNLEY
559|SHANIKA BUDER
560|BREANNA AKANA
561|SHIRLEEN GROCHOWSKI
562|SIGNE PAVIA
563|SUZANNA SEPPI
564|CHERLYN DILLENBURG
565|KIARA OFER
566|TOMMIE GARLOW
567|LIBBY VIDAS
568|ELEONORA KORINTA
569|TANIKA BADEAU
570|CLOTILDE LILLER
571|BURMA MINS
572|FELISA SMITS
573|JOSEPHINA SIMINSKI
574|KATELIN POPICK
575|CARYN TARPLEY
576|CHARLOTTE HOLIBAUGH
577|ROSALVA SPIRER
578|COLETTE CROASMUN
579|SIMONE AMMERMAN
580|CONSUELO TARONE
581|CHARLOTT WEICHMAN
582|KIYOKO FLIPPO
583|MAE DILIBERTO
584|BILLIE KESICH
585|HALINA BARKLE
586|LORY TSUTSUI
587|SUSANA KARLSON
588|KRYSTEN PETITTE
589|KARLEEN BOSSART
590|VADA NIEDENS
591|SHIRLEEN KASEY
592|KIZZIE DEFAZIO
593|BEBE JOSE
594|ADRIEN TOWNSLEY
595|LUCILE CORIC
596|MARGET CARAWAY
597|KRISTAL LOFREDO
598|LORRIE GRASSIA
599|DESTINY COPEN
600|MARINE DUNKAN
601|CLARIS QUARTO
602|MYRIAM HARO
603|ANNALEE ALVORD
604|RACHELE HERCULES
605|SHIRL TUTUSKA
606|LESA SANDERMAN
607|CARLENE IMHOFF
608|KIESHA RUEL
609|INA SCHEIBE
610|HELGA DILLAHUNT
611|SHERRILL KRALLMAN
612|SHIRLENE BOSSICK
613|CHAROLETTE HOLTRY
614|CHRISTINA KUAKINI
615|ULA VANWASSENHOVE
616|RAYNA NITKOWSKI
617|ARDITH NABORG
618|SHERIDAN LAROSE
619|JENNIE STOUTNER
620|DARIA HUCKABEY
621|TAMEKA WHISH
622|RETHA MURANAKA
623|YI KHALIFE
624|CHRISTENE HALIMA
625|JERRY FOUSEK
626|LEIGH PUJIA
627|LAVERA QUAILE
628|MADELEINE MCMASTERS
629|DENNY GIORGIO
630|PEARLY TOMSICK
631|LORA DOWTY
632|ODETTE RICORD
633|TILLIE CAROL
634|JANETTA CAMPANARO
635|BETHEL ROSCOW
636|DORTHY MCCALOP
637|TEODORA MASIAS
638|FAYE FRISINA
639|ODESSA MARUGG
640|LOURIE MARCHMAN
641|PRICILLA LAMMERS
642|TORA HOLQUIST
643|RACHELL BLACKSTON
644|GERTRUDE STERLEY
645|ENA WALLINGA
646|JANEL HONNOLD
647|DEIDRE HEATHERSHAW
648|MADALENE HIDES
649|DELMY KOLBER
650|TERISA JAGODA
651|SHERITA RAUTENSTRAUCH
652|CHRIS TOPACIO
653|ALECIA FAVORITE
654|RENEE NICOULIN
655|ETHA VINES
656|CYNDY ARRIOLA
657|SHELBY STRASSBERG
658|BARI BOUSTEAD
659|YUKI MOWERY
660|RANDI PORTLOCK
661|KASHA CHEUVRONT
662|VIRGEN RENDER
663|GABRIELA SOMSANA
664|HAE LUCK
665|GRISELDA PESHLAKAI
666|ANASTACIA MCGOOGAN
667|ALYSON TOMASETTI
668|ALBERTINE CUMPTON
669|LEENA DUSETT
670|MALVINA MUNNELL
671|GLADY SCHLESNER
672|ALEX POYSER
673|IESHA PANCHOLI
674|WINDY SAKUMA
675|TESHA SKIFFINGTON
676|MARLINE LAHTINEN
677|MELODI ALLEGRINI
678|ANGELE BENT
679|PERLA LASKER
680|LIZZIE SCOTTY
681|SINDY LESHEM
682|ZELMA GUERERA
683|CORTNEY SPITZNOGLE
684|CANDI REDDICK
685|NATALIA MESSANA
686|MERNA PETEUIL
687|RITA ROOTS
688|ADINA TRANCOSO
689|RACHAL HERMENAU
690|CODI SHEWARD
691|GENOVEVA ALDAVA
692|JUANA MCWATERS
693|ROXANA SCHEIBNER
694|KYRA AHRENT
695|BEVERLY ASIELLO
696|JUSTINE WEABER
697|THERESE LAMOND
698|ROLANDA SUTCH
699|KELLY DEFREECE
700|MARIBETH FEIT
701|MICHA HORNE
702|BRENDA STARK
703|TORI SINOTTE
704|FLAVIA GOODNIGHT
705|JAYME SIRBAUGH
706|TAMMARA TAIWO
707|LOREN STINETT
708|DENAE CHARBONNEAUX
709|JOETTA EKBERG
710|MALLORY DUBARD
711|JANISE BOUSHIE
712|NINA VAEZA
713|SEBRINA PEINADO
714|ISABELLA MADERAS
715|IMELDA HIDINGER
716|EUGENA SIGEL
717|SORAYA KATKE
718|ROSEANN SHENEMAN
719|ASHLIE SIMKOWITZ
720|SHARMAINE NANIA
721|MARCELLE TRUMM
722|LUCILA PACQUETTE
723|FLORINE LANCLOS
724|LESSIE UNGVARSKY
725|SHANIKA HERMANS
726|ELISABETH GRUVER
727|SHIRL STOKLEY
728|BARI CORATHERS
729|GEARLDINE STATHAM
730|CASSIE SIOK
731|HISAKO DARROW
732|NATASHA PHETTEPLACE
733|CARLENA MARCELLA
734|ALYCIA CLYATT
735|REGINA HERBOLD
736|CHRISTIE GUILES
737|DWANA GRANTZ
738|VERNON STETLER
739|CHIN GANDHI
740|BERNARDA CHAMERS
741|REFUGIO KABALA
742|JEANNIE LUCKENBILL
743|INA ASHBAUGH
744|TERISA KOSHIOL
745|RUTHANN PALUCK
746|CORDIE GOTO
747|OTELIA TRYPALUK
748|MISS FEDDERLY
749|ELAINE STALVEY
750|PHYLISS KATO
751|SHAWANDA ARGUIJO
752|WANITA PIMENTA
753|JANEAN BRUCATO
754|SHEA QUERY
755|REGENIA MENIFEE
756|ALIDA LATHEM
757|ORALIA FAHLSING
758|ELODIA DUMMERMUTH
759|DIEDRA HARTEN
760|ROSANNE BORRAS
761|VALERIA SAFAR
762|JERRY LATSON
763|MARYAM LINDORF
764|REBA TOBECK
765|TONYA HAVERSTICK
766|JOHNA GAUB
767|AGUEDA ARCHEY
768|JAMIKA DUMMETT
769|ANGELIKA GENITO
770|CHRISTIN GOERING
771|BEAULAH NAYEE
772|EVIE BUGGS
773|BRIGITTE REDINBO
774|MARYLYN STRAATHOF
775|JULIANNE SCHWABENBAUER
776|TIFANY SALVIEJO
777|CECILA GAYLE
778|VANESA FARFAN
779|WILHEMINA SEBURG
780|REENA STREETER
781|RUTHIE MONTELLA
782|GARNETT ORONA
783|DESPINA KINGDOM
784|CURTIS STRASSEL
785|LUBA STOCKBRIDGE
786|VELVET BECENA
787|TAREN NEBRED
788|SANDA WADDINGTON
789|MELODEE PELLA
790|PHYLLIS BARVICK
791|MYESHA SHILKUSKI
792|JEANE GALLETTI
793|WILLENA ILLAS
794|BERNARDINE MCRILL
795|GWENDA MARLBOROUGH
796|RIA MCGLAUN
797|CHONG BELLAIRE
798|TEMIKA HERR
799|LARRAINE SZACHEWICZ
800|FLORENE KEVORKIAN
801|KRYSTAL GALLERY
802|CATARINA PADGETT
803|PHUNG LONGSTAFF
804|DEE ZALOUDEK
805|TONA OREM
806|DIONNA CAHO
807|JENNY FULMER
808|KARRIE HARPER
809|VERLINE PROCTOR
810|WILLETTA ZANNINO
811|CANDYCE WENNERSTEN
812|KORI RUBLOFF
813|ILEANA MCGEEVER
814|CATHERIN STEEVER
815|PENELOPE DEMCHAK
816|BREANNA KINGSBERRY
817|DORENE FERIS
818|ELYSE BENARD
819|DORTHEA JEZEWSKI
820|SHAUNTA REDNER
821|WILLETTE MITCHELTREE
822|JESUSITA KURTULUS
823|CELESTINA JAMAL
824|MANA BICCUM
825|ROWENA MIRLES
