0|LAVONDA GALYAN
1|SERITA MINNIX
2|CARMON FELTMAN
3|MIRTA ORMAND
4|JUDI LEMONDS
5|JOANNA DONG
6|JAZMIN VOGENTHALER
7|JILL BURNINGHAM
8|TOSHIKO REDMAN
9|ELZA STROTHER
10|KAYCE SHINKO
11|HENRIETTA RUBERTO
12|SAMMIE ZIEGENBEIN
13|KEVA DEMENT
14|LINDA REXRODE
15|ROMELIA MCCLAMY
16|DODIE RANALLI
17|GWENN KIPPLEY
18|DELPHIA QUIRK
19|JACKELYN PALASIK
20|CHARISSE BRENSNAN
21|SHAE SWEFFORD
22|RACHAL VANASSELT
23|CARA WEMBER
24|DEBERA CILIBRASI
25|ASUNCION ESPENOZA
26|JAYE PREISENDORF
27|VIRGIE TOLIVER
28|JENIFFER MIKULA
29|ADELE RUD
30|CAROLEE BIPPUS
31|MARGHERITA HELSON
32|MYRTA BARSKI
33|CYRSTAL PILLERS
34|LUVENIA SCURCI
35|SONJA WAINMAN
36|KATHELEEN KARDUX
37|JULIENNE HOISL
38|MING BARCHICK
39|ROSITA OLDANI
40|MARINDA BIEBEL
41|CHEYENNE FLORIN
42|SERINA GARAN
43|IRMGARD SENGUN
44|LACHELLE NAES
45|OCTAVIA PAIR
46|DORRIS BOOKER
47|JOI ARZU
48|STAR PONZO
49|DELICIA HAPPNEY
50|MYRTIS RINGEN
51|ARLINDA CONKLING
52|LASANDRA HENANDEZ
53|HYO TALK
54|BARBRA SUMMY
55|NONA SCHLADWEILER
56|JEAN RAGHUNANDAN
57|LATOSHA BADDER
58|YESENIA BIESINGER
59|ASHELY INSOGNIA
60|DENEEN ANDRUZZI
61|DAISY YOKEL
62|LORY CORIO
63|JAMA GARDEN
64|OZELL BUSI
65|MARIAN DEAKIN
66|AGUSTINA VACANTE
67|MADALYN SHADLE
68|ROXANA RABENHORST
69|CLARINE GERMOND
70|KELLEE BARTHELMAN
71|SHAMEKA YARROW
72|DENNA RADZAVICH
73|PETRA ABRAMOVICH
74|SUNG LANGFITT
75|ROMAINE ANDERE
76|JADE TRETTER
77|BLOSSOM OTTOGARY
78|JOSEFA BROADSTONE
79|MILDRED KOELLER
80|ENA REAL
81|TOMIKA GAMMOND
82|WYNELL HURD
83|CARYLON MAU
84|JUAN WILDSMITH
85|VERLENE BEGAY
86|BREANNE WING
87|ALISE MOHOROVICH
88|ADALINE SCHWARTEN
89|KATHERN COUSINO
90|CATINA SLYE
91|MELLISA KOOSER
92|MAISHA BRANCANTO
93|BARBIE SATO
94|JANEE GREIGO
95|TILLIE RUNKLE
96|TAMALA STOUTAMYER
97|CUC CHADEK
98|KELSI SAULSBERY
99|SANDIE DRAGOO
100|CORAZON BALMACEDA
101|LESA KEBE
102|VICENTA ZAMBOTTI
103|MELIA GROAT
104|CLEOPATRA MICHNIAK
105|TOMEKA FAMIANO
106|TAMICA KHIEV
107|ALICA REIM
108|JULIENNE SMART
109|CARL KOSLOW
110|RISA TSIATSOS
111|SUZIE TOOMEY
112|CHAYA DUHL
113|MERILYN BEANS
114|DANIELA DALPIAZ
115|DENNISE TORNGREN
116|JACQUILINE CALVETTI
117|HANH SCHLEY
118|GLINDA DELPRINCIPE
119|LEOTA MORIS
120|TYNISHA SLEPER
121|BERNADINE SOLLIE
122|CANDI LAURIMORE
123|ALLYN KOTARSKI
124|ROXY BERGET
125|OMA SESTER
126|DELILAH FOLTA
127|JAYME RYMES
128|SOPHIA ARGUILLO
129|CHRISTY RUHENKAMP
130|SHANNA POREDA
131|ESTELLA CARRAO
132|TRINIDAD GJELTEMA
133|FRANSISCA SCHNURE
134|AMI PIERPONT
135|SADIE DOMBECK
136|BEBE VALCOURT
137|KALEIGH WEATHERHEAD
138|LOURA TOOMS
139|ELNORA SANDOUAL
140|CORINNA OLK
141|SAMELLA MCGAHEN
142|RHODA HOLSEY
143|SYBLE VONRUDEN
144|VALERIE HAMME
145|MARYA NICOLA
146|KATHRYN SAPARDANIS
147|JANET BEAS
148|MANDA BULLERWELL
149|MADGE HUSSIAN
150|BOBBY SPITTLER
151|WILHELMINA BRYD
152|VERSIE DAN
153|GISELE MAYOTTE
154|LARRAINE BORDELEAU
155|JAMES HANSERD
156|ANNETTE TORRE
157|NEIDA MAGLIO
158|ELYSE FRISHMAN
159|EMELIA GEORGIA
160|CARMINA BUCHAN
161|MARGARETT WOLBECK
162|DEBERA STEGMAIER
163|HILARY PRATTIS
164|KELI REIDEL
165|ZENA COSLEY
166|BETHANN TIN
167|PAULITA MAISCH
168|CAROLIN SAGRAVES
169|CLORINDA OGARRO
170|CAMMY HAMEEN
171|BETTE GASCH
172|COLLEEN FERGERSON
173|LUISA CREACH
174|BILLYE FOSCUE
175|KATRICE CRISOSTOMO
176|ALEEN MOSE
177|OPHELIA BARDNEY
178|GAYLENE PLOCK
179|PATRICA THOMAN
180|BLOSSOM SHAKLEE
181|NEOMI BEYERLEIN
182|ALBA KARPOWICH
183|HEE EARLY
184|LENORA RICCIUTI
185|DARLENA LEIGH
186|DELFINA HAMOLIK
187|ENDA REMBOLD
188|HATTIE PIERRO
189|ROXY GREMER
190|LARITA ARMAN
191|LANG MARETT
192|SHAWNDA STREETS
193|PANSY BRANNOCK
194|BOBBYE TYNON
195|CIERRA LABER
196|LEIGHA ERSKIN
197|MAGARET SPEERS
198|RENA DENSLOW
199|ERICKA GULARTE
200|LUIS BYLUND
201|ZOILA DEREU
202|EVIA MULDREW
203|ALDA ANDREWS
204|KANDY BEAUDRY
205|BIRGIT LETARTE
206|KIRSTIN TRUOG
207|FRIDA AGOSTI
208|SHIRA MUSE
209|NELLY SIMMONDS
210|VAN FINCHMAN
211|TRESA GUNDY
212|YUETTE HOUGH
213|LAVINIA ONG
214|LUCILA BURAU
215|MARLYN GOLDFIELD
216|GERTHA ZUMBACH
217|RICARDA NUNZ
218|CHIA CROSSAN
219|ENOLA SCHMUTZ
220|SUZANNA COGGIN
221|REGENA SULLOWAY
222|SHAWNNA FIORAVANTI
223|SAU BACHICHA
224|ALBINA BABINSKI
225|ILONA POPIELARCZYK
226|AMMIE MACARAIG
227|MEGHAN BARAGONA
228|LANORA GEMMA
229|GLENNIE GORDEN
230|ANTIONETTE BERDAR
231|ERIKA STIMLER
232|ENEIDA BENTZINGER
233|BEA CICALA
234|DELMA TREVINO
235|VIKI MOMENT
236|DOMINIQUE MONGAN
237|JESICA GUARINI
238|LEONILA ROBINETT
239|GWEN ANGEL
240|GENEVIEVE KERZMAN
241|EWA GRONOSKY
242|ROSALINA NIXA
243|MAGDA TAULBEE
244|REGAN BORYCZ
245|HORTENCIA DODSWORTH
246|CYRSTAL GAHR
247|ELVIE PAMPERIN
248|ALAINA REICHERT
249|EDITH MORCH
250|ROSEMARY LOCKLIER
251|LORNA KEESLER
252|CECELIA ENNETT
253|KATHRYN TRILLI
254|THALIA HE
255|TIMOTHY NOTOWICH
256|KRISTEL ESTAIN
257|DULCE CRAAN
258|SHENA CONTRINO
259|JEANNIE CALVER
260|CHRISTENA SULEK
261|MARCELINE SCHMIDBAUER
262|VETA MESICK
263|LENORE ARCHER
264|MARCELINA LISI
265|SUDIE MESROBIAN
266|MARY HOUMAN
267|ELVIE FERNANDO
268|LETHA PANARO
269|ULRIKE HARAJLI
270|ARLETHA HAFENSTEIN
271|GERRI MESSERSCHMIDT
272|ANGELIQUE STOLECKI
273|ALANNA GRANDMAISON
274|JANNETTE MOLDREM
275|JENICE DUH
276|KANISHA DENOBLE
277|VIVAN ANDERA
278|ADALINE TUAI
279|NIKIA TATRO
280|TYNISHA LABARRE
281|KATHRYNE FITCHETTE
282|MAISHA BOTTS
283|MARGIE PERSON
284|KATIA LUCIE
285|CHER KILBURY
286|CARLINE HOWLETT
287|GIUSEPPINA MONTOTO
288|TASIA GUINAN
289|LUVENIA BROOM
290|FRANCINA SPRANKLE
291|LYNN MANWILL
292|TAMEKIA REIMUND
293|SHELLY PFOHL
294|ABBEY MCELWAINE
295|NENA CONSALVO
296|LATARSHA BOTTONI
297|ALEXA STEPANSKI
298|SAMELLA TJELMELAND
299|JOEANN GREISING
300|OMA DORNIER
301|MICHELLE CUTHER
302|CORENE EBERHEART
303|JOEL BOHMAN
304|NICOLE SINNOTT
305|BIRDIE POITEVIN
306|DONNIE WENTZELL
307|CHRISTIAN KISRO
308|JENNELL CAVA
309|JENA FILIPPINI
310|LASHAUN HUE
311|CELENA WENDELBERGER
312|MY RAYCHARD
313|LARISSA GERGELY
314|JUSTINA PALISBO
315|SHANDI SCHOOLS
316|AGATHA DOUSSAN
317|ROSINA METTEE
318|JA EASEY
319|BRANDE JAROSH
320|GAYLE ROTHER
321|NICHOL STROMSKI
322|KAYLEE KOTTS
323|JANEEN CONDO
324|MAURITA WESTERHEIDE
325|CELENA RIELEY
326|ELISHA TROWELL
327|MARGERET GOBELI
328|JENNA CRADLER
329|DOREEN WEHRHEIM
330|ALESHIA CHA
331|SHAQUANA ACLY
332|TRACY DERRICKSON
333|SHENITA GONYOU
334|FLOSSIE LEBARRON
335|STEVEN MATTEWS
336|BETSEY WESTLAKE
337|KASIE STAHLMAN
338|TANDY BROWNE
339|FIONA HESPEN
340|ISAURA LAVALLEE
341|ANNETT WEIKAL
342|LASHAWN DUMLAO
343|VIVAN MAEDER
344|BETHANY STEHLY
345|YUK DIESTLER
346|ALESHIA FELKEL
347|ROSAMARIA STEINWORTH
348|JONE LOOFT
349|YEN FEHN
350|ELENA DENMARK
351|ERNA LESSEN
352|STEPHENIE SAHLBERG
353|SHAWNTA KREIDER
354|KIRSTIE SEIDNER
355|CHRISTIA KUTCHAR
356|CECILY BOLLIE
357|ELAINA MEZZA
358|TULA EPPERHEIMER
359|FAYE MCGOWAN
360|CHARISE LOKUTA
361|AN OFFERMANN
362|KAROLYN WHINNERY
363|LORNA MARTS
364|NITA ISBY
365|BETTIE KOPACZ
366|DEDE AGOSTINO
367|BEULAH WALLINGTON
368|SIERRA LEONARD
369|MARQUERITE RAUSCHER
370|CARINA BRISON
371|MIGUELINA KUCINSKAS
372|MARCELL IRONS
373|CHRISTENE ORDAHL
374|MILDRED MARGHEIM
375|ARDELLE CORREL
376|KYUNG VANOSDOL
377|FLORENCE ZIESMAN
378|VELIA CROWN
379|YEVETTE SPRINGLE
380|JACKQUELINE LENNON
381|ANJELICA PAPPY
382|TOMEKA CARROCA
383|FRANCES LOUGHNER
384|ROSENDA BLIGHT
385|THI KOLANDER
386|TAISHA WORTZ
387|MARGO LOSIER
388|TAMATHA BUQUET
389|DORATHY BARBONE
390|TISHA MUTTY
391|AUTUMN CHHUM
392|KIRA BLOHM
393|LEONE OZOG
394|IMA BRITAIN
395|LOREN TROMBETTA
396|KARON CYPERT
397|LOVETTA OFFENBACKER
398|RAE AKAMIRO
399|SHANTEL DANTONIO
400|JEANE CONGDON
401|SPRING CAYLOR
402|FLORINDA TAMBASCO
403|MING PHAM
404|LATRICIA CURVIN
405|VALLIE STER
406|KRISTEEN TEESDALE
407|ESTER SINDELAR
408|HAN MULLENNEX
409|JOYA HOOLEY
410|CORALEE MYRIE
411|DEB EVERHART
412|CAITLYN BINZ
413|SANDIE RIDGEL
414|JEANE JORGENSON
415|KA SCHEITLIN
416|JILLIAN GULLATT
417|LIBBIE WYONT
418|HYO WELTZIN
419|DANIKA ALEWINE
420|FAYE GROSZ
421|HERTHA ALROD
422|CLAUDE KALAF
423|CORINE DUCHSCHERER
424|CLETA HINKLEY
425|YUKI HUSK
426|LYN DARENSBOURG
427|ALTHEA BERNSON
428|JACQUILINE MULREADY
429|HESTER HALLEY
430|CARYLON JASKIEWICZ
431|KEMBERLY WUNDERLICH
432|AVA GRUGER
433|SHERYLL HAMMON
434|MAXIE VALK
435|NATHALIE HOCKENBURY
436|CARLEY TWILLEY
437|JOHNIE SIC
438|TERRI DIMODICA
439|MONIKA BARKLOW
440|EMERALD DEFEO
441|LISHA BAXTER
442|LESLI KOENIGSTEIN
443|ANNALEE HONDA
444|ANGELENA SCHOMACKER
445|SUN VISEL
446|CYNDY LLANES
447|LORINA APLEY
448|MAYOLA PACIOLLA
449|MONIQUE STICKLAND
450|AMIRA LUVERT
451|JIMMY BIANCARDI
452|MARGARITE FLUELLEN
453|OLIVE SETTING
454|ANNAMARIA DOWTY
455|EMILY KARELLA
456|MEE GROENKE
457|STORMY ESCHENBACH
458|JAUNITA WROTEN
459|TRISHA ARTER
460|HOLLY OZIER
461|VANETTA TRUKA
462|LACI FAHRNEY
463|RICKIE PETT
464|SOPHIA IDRISS
465|CLYDE MADDUX
466|IMA ROTHSCHILD
467|EVELIN BARTHELMAN
468|JASMIN SPUNT
469|HETTIE AO
470|JANA HAHL
471|SHAY WOHLETZ
472|VIOLET CHALABAN
473|TRINITY SIMPKIN
474|TRUDY PLANTENGA
475|MAYBELL MERKLEY
476|HILDA GOLA
477|CARLA GUARDIA
478|INEZ MURALLIES
479|LONDA TURBERVILLE
480|KITTIE KUBACKI
481|DESSIE ATKISON
482|JOLYNN RAHMES
483|JAMIE TEFFETELLER
484|DOLORIS WAPLES
485|LIBERTY STEPHANSKI
486|NANCEY WARNICK
487|TOBY KOMULA
488|EUGENIA LIEBENTHAL
489|JOEY DEIBLER
490|ELENI KULP
491|KENNA TAPPEINER
492|ROMAINE DAISEY
493|ALYCE SHOMER
494|ENEDINA HUDDLESTON
495|VANIA OSEI
496|MARLYN MILLSAPS
497|JAUNITA WAYFORD
498|GILBERTE PRUNA
499|ANITRA DRUBE
500|YVONE MANNERS
501|LI PEGLER
502|ALLENE SALVATI
503|CRISELDA KREBEL
504|ASSUNTA MCNERNEY
505|BRONWYN SISKA
506|IVETTE RASHID
507|WANETTA TRASS
508|KENISHA VILLELA
509|JACQULYN WILLIAMS
510|SHEREE DOTTER
511|SHONDA MCEVERS
512|WAI MALECH
513|RAFAELA DURYEE
514|SERENA MUSEL
515|LESLEY EICHHORN
516|LUDIVINA TRUNER
517|CLAUDE ANGLIN
518|THEA FERACO
519|DAVINA WELSH
520|MALLIE HOAG
521|DELFINA WALSH
522|JEANINE KYLLONEN
523|GITA AKANDE
524|EMELIA ROCKSTAD
525|ARGELIA RHYME
526|ELWANDA ALEXANDER
527|WENDI KOELSCH
528|BETSEY PLAMBECK
529|IZETTA SKABO
530|CATALINA ENNY
531|ELLIS FEERST
532|JONELL BECKENDORF
533|JAMA COLPI
534|SIBYL HEIMLICH
535|LISANDRA ALAM
536|LAI SIRMANS
537|BRIANNA SUGANUMA
538|DENNA OAKS
539|ALTAGRACIA HESSMAN
540|CHRISTOPHER OLLIS
541|HEE UPLINGER
542|LORA CHHAN
543|DIONE LANDOLFO
544|GERRY ISAIS
545|LAWANNA KLUGMAN
546|NYDIA CRISSON
547|NILSA PECARINA
548|JAY TRIVITT
549|BRETT LANDINI
550|YELENA GEHRIS
551|ELENA MACMASTER
552|REBECKA DUENES
553|MARG BAUMGART
554|SHANON NEAULT
555|JIMMIE ROADES
556|NICOLA NIBLER
557|CONSTANCE LEOTA
558|GWENDA BARDA
559|DESTINY KIMMINAU
560|PAM KROSTAG
561|KATHLENE STJUSTE
562|KAYLEIGH TONTI
563|MAYBELLE CARILLO
564|HAYLEY BOOKOUT
565|SARAH HARTLINE
566|HILARIA LAROCCA
567|JOETTA TUCKERMAN
568|ROXANE YSLAS
569|LEONILA SAMOK
570|LORE JORINSCAY
571|CARRI FORCINO
572|TABETHA TALK
573|CIERRA CRAFTS
574|ADELA BAICH
575|PETRA TUFT
576|ARLETTA NABERS
577|ODELIA GLEAVES
578|LYNDSAY SCHOENFELD
579|GRISELDA BATHKE
580|LEONOR SWINDALL
581|LAVELLE PILUSO
582|CHARISSE ABADI
583|ANDRA DOSAL
584|LAWANNA BILANSKY
585|KARIE SIENKIEWICZ
586|BLONDELL VANSICKLIN
587|LATANYA BAZINET
588|CARLEEN DELLAMORE
589|TENNILLE CALIP
590|JOELLE AZZOPARDI
591|BEAULAH PERRELLI
592|YADIRA MCGOEY
593|BELINDA AZORE
594|ALEX RENDE
595|ZANDRA DELEGADO
596|JENNEFER SCHERMANN
597|MARIVEL KRAMARCZYK
598|ARACELIS MANZANO
599|BERNEICE GERINGER
600|CONSTANCE AMERSON
601|DONYA ARJES
602|GOLDEN OVERSHINER
603|DENICE DINIZ
604|KIERA DALMATA
605|VICTOR VELZEBOER
606|KIMBER JEFFRIS
607|JON SGRIGNOLI
608|MAVIS CONSTANZO
609|SHEMIKA PATRIARCO
610|GABRIELLE WIREMAN
611|LAYLA DEGESTON
612|BARBIE LINNANE
613|RANAE CLAYBORNE
614|SU BENCIVENGA
615|JAZMINE FITZMORRIS
616|KAROLYN ESPERANZA
617|ALPHA MESICK
618|LENORA BOENDER
619|SOOK SMIHT
620|MELINA MCWRIGHT
621|NELIA GUTHORN
622|HANNAH ANFINSON
623|MAO DELPOZO
624|DINA KENEFICK
625|CRYSTAL BRAN
626|FREDERICA KLASING
627|MARILYN OCASIO
628|ETSUKO SLOMKOWSKI
629|HALLIE KIZZIE
630|FAVIOLA PRZEDWIECKI
631|CLASSIE ONKST
632|BARI LAGRONE
633|DANIKA DEBOLT
634|MIREILLE CUMPSTON
635|MELODEE PERRONE
636|LAVONNA HOSTON
637|STEPHANIE EMBERLING
638|LOMA BUDISH
639|MISTY PELLICCIA
640|ZENAIDA ROCKETT
641|KATRINA ZADOW
642|RAGUEL CASTON
643|DEANDREA MCBRADY
644|DAINA ECKENRODE
645|JOANNA SUNESON
646|MARYBELLE MINIHAN
647|GOLDIE SCICUTELLA
648|MARLENE HAMIDI
649|ANGELA ARLINGHAUS
650|LEIGH JANCIK
651|EMELY BOULCH
652|SHANA HALDI
653|TRANG MAZIERSKI
654|JULIAN CABASSO
655|SAMARA HARNLY
656|SHARAN HAAGA
657|MELODEE TIMMERMANS
658|MAILE NORSKOG
659|CHONG ECKES
660|KEREN GILLIM
661|MAURINE POTTERSON
662|MARGOT BECKWORTH
663|RACHELE RYS
664|MELVA HOLGERSON
665|VERONICA BRANIGAN
666|STARR BREBES
667|LESLEY GARRA
668|GENIA HOYMAN
669|FLOY PICO
670|VELVET QUEZERGUE
671|WILHELMINA SLIWINSKI
672|ROMELIA DIONNE
673|MARIELLE RANDOL
674|SHIRL WOOLVERTON
675|MITSUKO WALDHAUSER
676|YING HEARD
677|DEIDRA BREDEHOFT
678|RONNA INCHES
679|CARRIE ASHDOWN
680|CHERLY NIEMI
681|TORIE ROWBOTHAM
682|JENNELL BROWDER
683|STACIA PURDIN
684|JULENE LUKASKIEWICZ
685|JANEAN PERUZZI
686|YUN RONDON
687|JACELYN SPRINKLE
688|ERICKA REDHAGE
689|RENATE LIVERMON
690|ADENA DANDRIDGE
691|CARLYN LITTMAN
692|RACHAEL KEMFORT
693|ROSALIE FILOSA
694|MILA LOVETTE
695|ROXANNE PANTOLIANO
696|LOUISA BERCZY
697|DIEDRE PARTEE
698|ANITA CHIENG
699|RANAE SELLIN
700|DIONE KALMEN
701|ERLINDA ROHAN
702|MAGARET KEEL
703|CARMELLA DUMOUCHEL
704|OLIMPIA SOESBE
705|PROVIDENCIA FIEDOR
706|NAKITA LASKO
707|SHERLENE POSIK
708|EMMALINE RAINS
709|ALLYSON PRASHAD
710|STACI TALLARICO
711|HOLLI CONDITT
712|GUILLERMINA CONNELL
713|YU SCHMIESING
714|BEULA GEIER
715|ELNORA VELK
716|HYE KOLINSKI
717|GAYNELLE DURNEY
718|STORMY LYME
719|HENRIETTA KRAMP
720|LANI ZEMON
721|DEADRA ROONEY
722|MOLLY ZYLA
723|ARIANE JENSEN
724|FELICIDAD RATTANASINH
725|AUREA KLETTE
726|LEILA LOOCK
727|BARB GIGLER
728|LEOMA GERBA
729|ELENORE GUTENBERG
730|HEIKE POLIKS
731|EVALYN MOREN
732|LISETTE BOGAR
733|OLIMPIA BENDZANS
734|GENEVA DAVIDSMEYER
735|JENNY BATTO
736|TAMESHA TARBERT
737|JOSELYN SYMORE
738|SHARYL TAGGERT
739|LANELLE PLAIR
740|GOLDIE LEVELL
741|MELVINA KLEFFMAN
742|LAURA ULCENA
743|SHARRI FODDRELL
744|GEORGIANNA PIERMATTEO
745|LOVELLA MUI
746|DIAN HOKE
747|REBBECA NEISIUS
748|SUSANNA STELTENPOHL
749|SALOME PHILEN
750|CARMELA TWOHEY
751|KENIA COLLARI
752|JANAE ADLEY
753|NIEVES HAYMAN
754|JINA OARE
755|JOANA TARZIA
756|SHONNA HARPHAM
757|HWA MEDICK
758|GISELE MONESTINE
759|TIERRA BARER
760|MARIBEL CUTLER
761|NAKESHA MACHAMER
762|AMELIA RINGEISEN
763|ALLIE BEIGHLEY
764|BEATA GOURDIN
765|DAISEY HEISNER
766|COREY ARENZ
767|DANNIE LEKWA
768|PERRY REHAK
769|JENAE DUCHENE
770|ROSELLE MASRI
771|LEAN FAWLEY
772|EARNESTINE GAMBARDELLA
773|BELKIS TWETEN
774|BETHEL STREIFF
775|CATHIE BROGNA
776|VERDA STATHAM
777|MOLLIE WEGRZYN
778|LIBRADA SINGELTON
779|HEE ARKENBERG
780|DARLENE ALLING
781|ANGLEA HAYCOOK
782|CHUNG HOAK
783|MARGRET DARRELL
784|LEEANNE BATSON
785|COREY KLOSE
786|KATHLENE LEBOUEF
787|CHERYLL STAVES
788|LAREE WALTERMAN
789|LEANNA ZUMAYA
790|ROXY RUA
791|LORIE BOGUT
792|JI COLT
793|CHARLINE CHATTERJEE
794|JACQUALINE EILBECK
795|SUSAN BRILHANTE
796|LACEY MARRANO
797|ROSE BALCKBURN
798|MATHILDE CANAVAN
799|ALBERT KILBANE
800|LACY GUDINO
801|EMIKO HEMP
802|JULIANNA RODES
803|KRYSTLE BRASCH
804|AUNDREA DELENA
805|BOK KUKLINSKI
806|RUBY GARNESS
807|STARR HEIRENDT
808|MAUDIE GASCOT
809|CORDELIA STEIBEL
810|AUNDREA FRAYER
811|SHANE DEPONT
812|KARLY ADEY
813|MAEGAN THALACKER
814|MARGERT KROENKE
815|RHONA KASUBA
816|CECILY WEDEMEYER
817|HALINA DEROSSO
818|TARAH FEDIE
819|JANE SANTA
820|LEOTA HASSENGER
821|ELENI SHUKLA
822|BUNNY AMBOREE
823|KRISTIE EARLY
824|MERRIE GRASMAN
825|WILLODEAN JARECKI
826|LAVONNA EVERAGE
827|ALYSON BOTEILHO
828|CYRSTAL GIANGREGORIO
829|SHERLENE NOLLORA
830|CHRISTINA BRIMFIELD
831|GUDRUN RUBLEE
832|ELLAN MARCELL
833|LILLY ARRON
834|GRACE ORZECHOWSKI
835|NORIKO HARTSHORNE
836|MARIA CHISLER
837|SHERLEY SATERFIELD
838|DONNIE CELENZA
839|JANELLA MCDOUGAL
840|JEANNINE PLASSMANN
841|JOETTA PINN
842|ALISHA THIEBEAULT
843|MERCY HEPLER
844|YOSHIKO KRASKA
845|MELIDA BRAMMELL
846|CATRICE SPEAK
847|JULE DESILVO
848|LISHA SALDANA
849|CAROLYNN FORNES
850|LESSIE STRINE
851|CHARLENA TIMLIN
852|KEESHA LINAREZ
853|TANDRA BLISSET
854|ROXANN ROBERSTON
855|MARGRETT BURSTON
856|TESS BROUGHAM
857|LEATRICE HOEGER
858|MARGARET SPERGER
859|LARONDA PUTZEL
860|MERCEDES HOFFSES
861|LEENA DELTORO
862|HERMA COLANERO
863|DIANNE KARGE
864|CLEORA DIOTTE
865|JENIFER SAWHILL
866|SHARRI HOCKETT
867|ANGEL KEHR
868|LOUIE RODAS
869|JEANNETTE EALLEY
870|HALLEY DASTE
871|WANITA COZBY
872|ANDRIA MCGAUGHAN
873|FRED ACOBA
874|KIESHA QUEAR
875|SHENITA CHIARAVALLE
876|TAMMY CRUMEDY
877|MARLINE SANDLAN
878|ROSALIND GROOT
879|JOSEPHINA ELREDA
880|DONITA TRUMBALL
881|DIMPLE LEFLORE
882|AUGUSTINA HOLTHUS
883|DELFINA REMUS
884|ILLA FOLINO
885|LELIA ASCHAN
886|MARGARETTE DUMPHY
887|MARLENE STETZEL
888|GLORY HALALIKY
889|WILHEMINA BELLINGTIER
890|LUCINA STULICK
891|LANELL KNUTZEN
892|VALARIE PRUSAK
893|LYDA MESTER
894|ARLINE MICHELINI
895|KERI ROBISHAW
896|DAVID WIESMAN
897|GERTHA REING
898|MERI GALLEGHER
899|SHANA SEGALA
900|IRA VANDRIEL
901|TATIANA CANEVAZZI
902|JANICE MAGIC
903|CIERRA KLEINDIENST
904|MISTI WELLEN
905|ELANA HARTORY
906|NINA STRAWSER
907|KAMI HALLIWELL
908|CYTHIA VANDAWALKER
909|NIKIA PENNEWELL
910|JACKI LAUKITIS
911|ADRIANNE CAFFENTZIS
912|CARLINE SAPKO
913|JOSPHINE COCKE
914|TERESIA SLIMAK
915|MARIETTE CAISON
916|CARYN CADDELL
917|ALAYNA ARMOND
918|YU DANDRADE
919|RUTHA AERY
920|IVELISSE VEITCH
921|NAOMA MAATTA
922|JACQULINE PRECHT
923|ELLEN DEJOIE
924|MAYE DREESSEN
925|CARIN DEGRAFFENREID
926|CORI VINAGRE
927|ELAINE ABKE
928|CODY STEPTORE
929|OPAL MARTINIZ
930|AMMIE TRENTMAN
931|ROSANA SCHANTINI
932|DELORAS GIANIKAS
933|URSULA PERELMAN
934|ANTONETTA VEADER
935|CLEO STEINMULLER
936|PAULA MICHELMAN
937|INGA DALBEY
938|MAMMIE CHESEBRO
939|BEULA HALBROOK
940|ANDREA SCHELLHASE
941|LYNDSAY LIBURD
942|BEULAH CARMICLE
943|GALE HEMRIC
944|HELGA JOBIN
945|GAIL VASSURE
946|LORENA KINZIG
947|REBECKA TOOLE
948|RANDI PSUIK
949|NINFA MCCREARY
950|RAISA BEUCLER
951|KRISTEL PAPPENHEIM
952|HAYDEE VOIGT
953|GINA SCHIRALLI
954|DELORA SEYMORE
955|KARIN WALWYN
956|DENNA RAINGE
957|MARGENE WOODRICH
958|FLORENCE CILLS
959|ELINOR MARCHI
960|JACKLYN CASIMIR
961|JOSEFINA EBLEN
962|BELKIS WANINGER
963|JERRIE WILLOUGHBY
964|AIDE BENZSCHAWEL
965|VELMA RUGGS
966|OCIE GILLMOR
967|ARETHA CHUTA
968|LYNDIA COXE
969|NICKOLE BRUEGGEMAN
970|SUSANNAH ALGIRE
971|BRITTNY YARISH
972|AURA GATHER
973|MAZIE AMSTUTZ
974|JUTTA CROMEY
975|MYRTIE POLLMANN
976|PEARLY OZOG
977|HENRIETTA VIDALS
978|PAMELIA FINZEL
979|EDDA POLLICK
980|EASTER SWARY
981|FIDELA PIETRAFESA
982|ARCELIA BONER
983|GABRIELE EDGECOMB
984|CORRINA BIEN
985|RETTA ADRID
986|EMELINA CHENEVERT
987|MARGET MONSEN
988|ROSELEE BRAGDON
989|RANA MERKT
990|HILDE WATERHOUSE
991|KASEY SOTOMAYER
992|DEEDEE ANFINSON
993|ODESSA BETANCUR
994|AGRIPINA TAMI
995|FRANCISCO WOLFGRAM
996|CRISSY GEGENHEIMER
997|CHERLYN SHEEHY
998|LATORIA LESCANO
999|MARITA RIDGEWAY
1000|AYANNA TASTET
1001|NAKESHA MERANDO
1002|ROSALIND CANTINE
1003|REGENIA BELCHER
1004|ARMINDA MATSUMOTO
1005|ALYSIA HOSTER
1006|NANETTE LARO
1007|DEDE CUMMISKY
1008|BERNARDINA WAGSTAFF
1009|GAYE CUTFORTH
1010|SARAN INDECK
1011|NATACHA CHEATEM
1012|DEAN PRIEWE
1013|JULIANE DAVTYAN
1014|LAWANDA CARPER
1015|RUTH WILLBORN
1016|JERLENE ROUISSE
1017|BERNADINE HOSTETTER
