0|BEATA WATSKY
1|ELIDIA PADOL
2|MARIS MANDLEY
3|MERTIE FREEDMAN
4|DELENA TENT
5|HIROKO LOADER
6|JULIETTA PELLETIER
7|DELSIE SNODERLY
8|JUNKO CUMMING
9|ORETHA WHEATLY
10|NOELLE BRODY
11|KA HASTINGS
12|JONIE BREGEL
13|IVELISSE AMADIO
14|ROSAURA LLYOD
15|CECILIA TWELLMAN
16|JACQULYN WEIS
17|JOSIE CLISHAM
18|MOZELLA FRICKE
19|DEBBRA AIGNER
20|DREW RUFF
21|JESUSA HIPPO
22|ERICA MOHRMAN
23|GABRIEL DRAA
24|ONEIDA GOEL
25|DANI MACRUM
26|FLORENE GOSSMAN
27|BERNARDA WEISKOPF
28|JERLENE CRUMMETT
29|DENYSE MAZARIEGO
30|CHARLINE RAU
31|REBBECCA SHUMMON
32|MURIEL KOSTYK
33|HILDEGARD HICKONBOTTOM
34|SADYE MEUSEL
35|SHARON PEACEMAKER
36|PEARLY NICHOIS
37|ERLINDA ALAIBILLA
38|RAE VANROSSUM
39|LAURALEE BERFIELD
40|DIXIE GATH
41|JESENIA LOKAPHONE
42|PATRICK INGMIRE
43|BARRIE DAUGHETY
44|TEMPIE DEGELBECK
45|LORINA RUANE
46|JEANICE JEFFUS
47|KENDRA SUMERISKI
48|BETH CASTRONOVO
49|MANDA BENDAVID
50|KAYE CHUONG
51|DAVINA VILLARREAL
52|PAULINA RAUSIN
53|ULRIKE ENNETT
54|EMOGENE STERR
55|LAWANDA UDOH
56|NICHOLLE CEARNS
57|BLANCHE SCHOLER
58|MARGUERITE DERASTEL
59|LEO GLAUBKE
60|MARGERET STEFANICK
61|CORNELIA SALZAR
62|JEFFIE FACEY
63|IMELDA ARNAO
64|SHERLYN MAKA
65|XUAN VERELA
66|JEANE KAMPF
67|HERMA VINZ
68|YAEKO DEFREECE
69|BRITTNEY MINO
70|ESTRELLA ESPE
71|LANG TRESCOTT
72|MARSHA AALDERINK
73|RUTHE MANNION
74|MERCEDEZ BHARDWAJ
75|PAM YETT
76|LUCRETIA FEDRICK
77|DANIELL GERMANO
78|CLEMENTINA KUCIEMBA
79|LESSIE MASTRANGELO
80|APOLONIA BILODEAU
81|BEATRICE WOODYARD
82|LEONORA MURTY
83|LAVONA BEHAR
84|CHARISE PACHLIN
85|KARMEN POGUE
86|PANSY DREVS
87|TANESHA CLICKNER
88|MICHIKO LEMMER
89|ANITRA ARTS
90|TEMPIE TOALSON
91|GINETTE RAKESTRAW
92|MIRELLA SHAD
93|LUCIE BRUGMAN
94|GERALYN KUDLEY
95|JULIETA GARTMAN
96|RAEANN KLUGMAN
97|HERMINIA LANTRY
98|RANDY KERR
99|JERI PICKARD
100|DEJA RADUE
101|EUNICE WYNKOOP
102|GEORGIANA KYUNG
103|SHANNAN BAGHDASARIAN
104|MARGET ZERZAN
105|ALFREDA EISMANN
106|SHERIE DOTSTRY
107|IVELISSE OHANLON
108|MARRY WINDOM
109|JAMILA BIENFANG
110|MERI CAIMI
111|JENEVA TAKEMOTO
112|THEDA MONNIER
113|CATHRYN FLORENS
114|SAVANNAH CLASON
115|AIDE LOISELLE
116|BOBBI CUTHER
117|CHANTEL VANDERWALL
118|JOSEPH NIEBYL
119|MARLYN NEWBY
120|HENRY GULLIKSEN
121|KATLYN NATHANS
122|FALLON FICKE
123|SHEILA JUANICO
124|STEPHINE NERBY
125|TIMOTHY KUCERA
126|FREDDIE VEZZA
127|NIDIA FREIMAN
128|CHARLENA REISCHL
129|MEI MASTON
130|ALONA MALLETT
131|TIARA HAFFEY
132|CORRINNE TAZELAAR
133|HONEY COWHERD
134|CARYN HARBY
135|SYDNEY MANCHE
136|ZENOBIA BAMFIELD
137|BETSEY COLSCH
138|CARLENE COZZONE
139|CHIEKO MASTEL
140|ROSALIND NELLEM
141|KARY BODEY
142|SIOBHAN BIEN
143|JINNY HELKE
144|CHING MAGGART
145|DELANA AUE
146|MARANDA WIDRIG
147|SHANTI HEVEY
148|NELLE HUFTON
149|MYRTICE BOUDINOT
150|JANAE MCSHARRY
151|LEESA GERTY
152|LONNA RECINOS
153|GENEVIVE BUNGERT
154|ROY BRASSEUX
155|SHERIE FORSYTHE
156|VINNIE SICKLER
157|CARMA CAMBERO
158|MADELEINE DAGNAN
159|ARMIDA ESCOBEO
160|MISS GREVISTON
161|SHERY MCSHANE
162|ALBERT UNTALAN
163|CHANEL WATTENBARGER
164|LORNA LOCANTORE
165|CASSI SPLETZER
166|ALBERTINE JENTZSCH
167|TRINITY HAGGARD
168|DOMENICA HAASCH
169|MAIRE KELLAMS
170|ANNAMARIE PRAGER
171|HERMELINDA TRIDENTI
172|FLORINE DIAMANTOPOULO
173|MALKA PIZZINO
174|IONA CHAE
175|VELVA BLOMSTRAND
176|SOFIA TIPPETT
177|SHERYL BOHLMAN
178|RHONA CHAVIANO
179|JAMES APPELGATE
180|ROSEANN BASKERVILLE
181|KARLENE MILTNER
182|ESTRELLA DOWDY
183|BRETT SIEVERTSEN
184|THRESA TOMARO
185|CHELSEY BILKISS
186|LUDIE MATH
187|ERMINIA TERRIAN
188|AUGUSTINE SCHNYER
189|PRINCESS HAULTER
190|MADELENE FAYKOSH
191|ARACELIS DREGGS
192|FRANCHESCA RENIER
193|DION VARAJAS
194|PENELOPE WARK
195|INGEBORG DABADIE
196|CORTNEY WEYHRAUCH
197|KAYLA HAS
198|SUMIKO HAESE
199|MADIE SEIDLING
200|ROSALINA TAPIO
201|SIERRA DULBERG
202|JAIMIE HAZINSKI
203|EMELINE BUNTS
204|RISA CREE
205|ELSE CAMILLERI
206|DENAE REUBEN
207|MAUDIE KOLLMEYER
208|ETHEL TROMBETTA
209|THEODORA MARRO
210|MARYLIN BREIDENSTEIN
211|REFUGIO ZORMAN
212|BETHEL TROTTI
213|ELISHA POELLNITZ
214|SABINE STVICTOR
215|MELIDA KABOOS
216|LAVERNA BARROW
217|SHALANDA PAYANT
218|MARGY TRAVILLION
219|LACHELLE WESTRUP
220|ALLEEN SANLUIS
221|MITSUKO MACMANUS
222|AYANNA KAISER
223|CHANEL HIBMA
224|PHOEBE CARNALLA
225|LIANNE ERBACH
226|IOLA GRZELAK
227|ROSALINDA SOBBA
228|NATALIE KLAUSER
229|LUELLA FALSETTA
230|MALINDA HORMUTH
231|MEAGHAN MALIS
232|SAMUEL MICKEL
233|ELVIE LAFOON
234|MERRIE HIBLEY
235|KANDICE STOICA
236|MELANY BASIL
237|BETSY SHERRON
238|RUTHIE ARTALE
239|JESSIKA RUDIN
240|VICTORIA VANDERWERF
241|AUSTIN MCMEEN
242|DELCIE ARDIS
243|LAUREN CANNULI
244|LADY MALIZIA
245|ANDREW SAJOUS
246|POLLY WOLOSZCZAK
247|LYLA MARCOUX
248|LAVONE FAZIO
249|ROSA RELKIN
250|LARUE LARIS
251|MARTINA VANHOOSE
252|SALENA JARVIE
253|NOELLE WEISSENBACH
254|ALISIA BALZARINE
255|SUSANNE FRYLING
256|VELVET LOO
257|CATRICE SONDAY
258|RETA KUYKENDALL
259|ELVERA TOHEN
260|FANNY DERENTHAL
261|CHARISE BURGY
262|TANDY HOUCHENS
263|KENYATTA MANERO
264|SERENA KARBOWSKI
265|SHAREN CORVERA
266|DEJA JOLISSAINT
267|KIRBY HENINGBURG
268|CHANTAY TRYTHALL
269|DESSIE DENNIN
270|TOSHIA FANARA
271|GREGORIA GLANZER
272|IDELL THERRELL
273|BRITTANEY OMS
274|KESHIA CABBELL
275|LILI NOFZIGER
276|MARLENA FLORENTINO
277|ELFREDA DUBIN
278|SHERRYL SEWER
279|YOSHIE KONZEN
280|TEMPIE PILLARD
281|MARCY MEADEN
282|CARRIE LAMBOURNE
283|KISHA LESKOVAR
284|VELLA NIKOLAI
285|THRESA LEONOR
286|SHERRIL FRADKIN
287|JANI HOLLINSHEAD
288|AURORA KOETZ
289|PEARLIE COOPERWOOD
290|CHRISTA CORTIJO
291|SYLVIA DOMPE
292|ABIGAIL FRANCISQUE
293|JODEE PEASEL
294|SHANTE WIERSEMA
295|ROBYN HYPPOLITE
296|QUINN RUBI
297|DENISE RAZON
298|JACKIE LEDWELL
299|LAKITA GABARD
300|LEOMA BRUNJES
301|LAKESHA GUYS
302|ROSALIND ANTUNEZ
303|KRISTIE MIEDEMA
304|DEETTA FINIZIO
305|SHEMEKA BOOKMAN
306|JENIFER SHARPEY
307|KATHALEEN SUNDSTROM
308|BRITTA SAVILLE
309|PAZ CARMODY
310|LAWANA VANFOSSAN
311|MARLENA MCANNALLY
312|BONITA BILOTTA
313|TIANA MARCONI
314|ELENI HOLDREN
315|CHARLOTT FOLLAND
316|ROSARIA PETRUCCI
317|LEOLA SHEESLEY
318|LOUIS BULTMAN
319|MARIS LEISY
320|FREDERICA MORDUE
321|JOLEEN NIGG
322|LAURETTE KUKAUSKAS
323|JULIETTA BIRNBAUM
324|MARILYN GARUTI
325|TOMMIE ISCH
326|ARIANNA PABEY
327|AUDRIE LLANEZ
328|BLONDELL EDES
329|BRITTANEY CARNETT
330|DORTHEA SAFT
331|EHTEL OCHALEK
332|GRAZYNA CASIDA
333|LILLA MEALS
334|LATANYA GIVHAN
335|FLORENCIA KSZASZCZ
336|CARMEN PIIRTO
337|STORMY SMOLEY
338|ROSAMARIA SELDOMRIDGE
339|LOYCE BATTERS
340|SYBIL KLOCKARS
341|ALIDA ABELARDO
342|LORRIE MCBURNETT
343|KRISTYN BURGEN
344|DACIA MAESTRE
345|JERRIE HEIDELBERG
346|BROOKE WIGTON
347|LULA KNIGHT
348|SUSANNA ZENISEK
349|PHOEBE RUHLMAN
350|MARGARET DEPHILLIPS
351|EDYTHE FONTAINE
352|LYNELLE BIRAK
353|KIRSTIN KARTCHNER
354|BENITA DIBENEDICT
355|JULIANNA FERNHOLZ
356|CARISA ESCHEN
357|VICKY VERLOTTE
358|ESTER ENDLICH
359|SENA SLEPSKI
360|WAN MIRO
361|LYDIA GONDRAN
362|LAI EFIRD
363|DELILA BAYALA
364|LAQUANDA ENSIGN
365|MEGHAN BAIERL
366|NGUYET ALLEGOOD
367|TINISHA HOOPLE
368|HANNAH BEEGLE
369|ROBENA LAMARCA
370|NANNIE PHILIPPI
371|MARGART YORIO
372|REBECCA MEDAK
373|NATASHIA CARTE
374|ROBERT REOME
375|JUANITA VOELKER
376|CAROLIN FEATHERSTONE
377|RENEE HINCHEY
378|CONCETTA ARRAND
379|ELEONORA DEVREESE
380|GRETA NEWSOME
381|INOCENCIA SPERLING
382|BONNY PAYANO
383|CHERISH PRASHAD
384|GENNIE ELWORTHY
385|ARIANE TASTET
386|HISAKO OKANO
387|ROSELLE SONDERMAN
388|ANDREA SHA
389|CHARLOTTE DANIELSEN
390|KAREN PARTIDA
391|ELIZEBETH LIPKIND
392|ROSALIND BOEGER
393|BETH HURNEY
394|HONG FURFEY
395|BILLY UYETAKE
396|LASHELL HARGETT
397|TALISHA DENOGEAN
398|SUELLEN PRATTS
399|MANDIE MILLING
400|ROBBI LOSEKE
401|ANGELINA SCHOENSTEIN
402|CASSAUNDRA FILO
403|LAWANA EDEM
404|LEORA DAVICK
405|MADELINE KUCHAR
406|LUIS NEAD
407|PENNY KUZMISH
408|DEADRA BRAGDON
409|ALLIE KOUBA
410|LEONA LEIMER
411|TROY HAWES
412|LEONARDA GOUTHIER
413|OK SURLES
414|TAKISHA SHOFNER
415|VENITA MORGEN
416|JACQUALINE UEDA
417|LYNDA HERRERO
418|VIDA KARSHNER
419|ARLEEN LIBORIO
420|HELGA CREGO
421|JA STOVELL
422|ROYCE YRIGOLLEN
423|DARBY SWIRE
424|NECOLE ZOMBERG
425|MALLIE LOVELACE
426|LIZABETH SCRABECK
427|KAY FLEVER
428|FAIRY IRON
429|MOLLY OSMER
430|GLENDORA SCAROLA
431|MARGENE BALAS
432|DORTHEY RETZLOFF
433|DRUSILLA FOULK
434|JENELL WISNOSKY
435|VANITA WAGEMANN
436|ROSALINDA DALERE
437|SCARLET KLENOVICH
438|TOMASA HACKATHORN
439|GEORGETTA KALIS
440|CLARICE RUFENER
441|ROXANNA IRMEGER
442|EUGENE FAILING
443|EUGENIE FISHBECK
444|ADAH RICKNER
445|DAKOTA DECHICK
446|BULA SAULINO
447|ALEXANDER DATAMPHAY
448|LISBETH BJORK
449|LASHAWNA BLAUVELT
450|KATHERINA DUTKO
451|TENESHA MOLINARI
452|DENISE PRATS
453|SHELIA ANGELINI
454|SHARILYN KOTTENSTETTE
455|KIESHA HATCHER
456|ROCHEL DANNATT
457|LOUVENIA CASSI
458|ALEXANDRIA TEMPLETON
459|APRIL HOIVIK
460|INDIRA BOHONIK
461|OMA PALESE
462|AURORE PLANA
463|ZONA SHEEKS
464|GLAYDS GIEGER
465|ROMAINE WARHOL
466|GOLDEN CHAWLA
467|KATHERINE HEILBRON
468|EULA HIGBEE
469|KRYSTLE ELAHI
470|BERNIE LACOUETTE
471|CYRSTAL SHELP
472|AARON RADWAN
473|ELLAN KAHRER
474|EMMY COMBS
475|REBECKA DEWALD
476|GILBERTE GOMES
477|WONDA YANTZI
478|TWANDA BRADFIELD
479|ABBY PRIDHAM
480|JOLYNN SHUGA
481|ELAYNE GAVINA
482|MICAELA RAITHEL
483|VELDA CARDOVA
484|DOMONIQUE TALASKA
485|ABBEY LUECKE
486|ZORAIDA CART
487|NISHA BRAVER
488|SHAROLYN NADERMAN
489|JOANE GALIMI
490|HERTHA COSTABILE
491|JESUS NIKACH
492|MADALINE GIAMMARINO
493|SERINA MCTIGUE
494|MARLYN NEWSTED
495|RENEE WARSTLER
496|KECIA COPPERNOLL
497|DARLA SMILY
498|JEANINE SEMENEC
499|ILA GUILLAMA
500|LASHELL CHILEK
501|SHAUNA PASQUA
502|NGAN DROEGMILLER
503|MARLYS ZULFER
504|KERSTIN SOMMERVILLE
505|MAYRA BLEACHER
506|MATTHEW SAVASTA
507|MELVINA SHELLMAN
508|ELEONORA WEMARK
509|DAHLIA HAKIM
510|KIERA CHISEM
511|AUSTIN BOLTON
512|MILAGROS VANLANDINGHAM
513|MAIRE WEIDER
514|SANG HILVERS
515|KEISHA TIMPONE
516|TENISHA GOETTLE
517|DESPINA TIU
518|AGATHA NICKELSON
519|JOHANNA LUND
520|CHARMAINE AARONSON
521|MADALINE DESONIA
522|MAXIMA SCHEIERN
523|PAULA ZEHNPFENNIG
524|BERNARDINE MALANDRA
525|ALISON MALSAM
526|WILLA VANDERPOOL
527|NICKI HARRIER
528|GLENNA DUDA
529|DORIE DELSORDO
530|GLADYS GALMORE
531|STACIE VACANTI
532|MYRNA MESERVY
533|BRUNA DETERS
534|ANN BESEKE
535|DEB GAULKE
536|DESTINY GALANGA
537|JOANNE HAZLEY
538|WENDOLYN LUNN
539|LUCY FARAONE
540|MAGAN LAPLANT
541|SHALON MONTFORT
542|NOEMI STUBER
543|LOURDES SALMINEN
544|SHIELA KREAGER
545|PAMILA STRASSBURG
546|DONALD MEUNIER
547|MING BIZZARO
548|JANE STIEG
549|STACIE MACKENZIE
550|BETHANN PALINO
551|OCTAVIA MCCRA
552|RUFINA GABRIELLI
553|ESSIE BYRANT
554|DORCAS YEOMAN
555|TONISHA GORNIKIEWICZ
556|CARMELITA PARSENS
557|ROSELINE REIFER
558|LASHANDRA TROJANOVICH
559|PEARLY AVANTS
560|MARLANA LOATS
561|THU FONTANILLA
562|SENAIDA BECKIM
563|WENDY MANCA
564|DEBORAH CHIPPS
565|JULIETTA TURSO
566|YUKO GRAN
567|MACIE RUSNAK
568|KENNA MERKLING
569|JOHNIE RASCHKO
570|CHARLYN RAJAN
571|REYNALDA CAPEHART
572|JENIFER CARIS
573|VERDELL WEIGAND
574|VIVIANA BLEIER
575|DULCE ALMSTEAD
576|NOELLE TISDEL
577|SANTA SCHLOSS
578|MELVA DINICOLA
579|GINA HUDOCK
580|CAROLANN ALVERO
581|CASSI RICARD
582|ODESSA DEMESA
583|MIGDALIA LIGMAN
584|MAVIS GONZOLAS
585|FONDA WESTON
586|LINDSEY LICON
587|LEANNE RUF
588|NAKITA OSOSKI
589|CHASTITY LISENA
590|QUEEN GINSKY
591|PASTY PICHLER
592|ALEJANDRINA APPLEBAUM
593|ALTHA JOOR
594|MICHEL MASSIMINO
595|ANNIKA CARIVEAU
596|SHEMIKA MELLENDORF
597|KERRY KLAVER
598|JAQUELINE SEELBACH
599|ALYSIA BARNICLE
600|VICKY CASASOLA
601|SIGRID GODBOUT
602|LOVE GALO
603|TOBY RUIC
604|GARNET WOLANSKY
605|ANASTACIA HAARSTAD
606|GEORGE GAGLIO
607|CARMEN GASTELO
608|LING VREEKEN
609|ELODIA MANSKE
610|ALYSON SANTALUCIA
611|SONJA ZEIMETZ
612|LESA LODER
613|VERENA MCCOLLIN
614|STEFFANIE GATTIS
615|DEBERA TEBAR
616|JERLENE BARTONE
617|KAYCE RAUCCI
618|TYISHA TIGNOR
619|LAVADA UMLAND
620|YER KEETCH
621|SHERELL WYMORE
622|EASTER TITH
623|PAMILA GUSHUE
624|DANIELE SCHUERMAN
625|GENEVIEVE MADHO
626|CARYLON BUTTLER
627|DARYL USREY
628|SHIRLEE DURRAH
629|KALEY BLUMENBERG
630|ANDRIA PETROCHELLO
631|LOIDA HAYFORD
632|TEMPIE GOMILLION
633|ADRIANA POLLIO
634|TAMESHA KRECK
635|DOLORES BRAKEMAN
636|MADALYN SEMSEM
637|LIBRADA BAMMON
638|KERSTIN OMOYOSI
639|BEATA CORYELL
640|ELVIA STUER
641|LUANNA MONTZ
642|MYRTLE RICKABAUGH
643|SHANTE CZAPLEWSKI
644|KARYL DARBY
645|ODETTE BEUTTEL
646|AVELINA HURLBURT
647|MAI DANNUNZIO
648|EMIKO MONEGRO
649|ELISHA MIRABELLA
650|DEJA DAUENHAUER
651|SETSUKO NICOLAIS
652|DOLLY FAIRBURN
653|MARILYNN METTLEN
654|ROWENA HENSHAW
655|ROSETTA COULT
656|YAEKO GARIBAY
657|REFUGIO ARGENZIANO
658|SUELLEN IKKELA
659|PALMA BIFFLE
660|TEGAN NOBIS
661|SAVANNAH BOTTEX
662|KELLY FORMELLA
663|CAROL REEK
664|ETHA FETTIG
665|SAMELLA STAVIS
666|CANDIE DELLACIOPPA
667|ERNESTINE ROMANINI
668|CHANTEL CROUT
669|YAN HEINY
670|ALEXIA CIARLETTA
671|MIKE FORKER
672|KAI SANSING
673|BLANCH HULLENDER
674|JOHNIE HACHTING
675|DAHLIA TEALL
676|JANEE STOOT
677|CHARLENA BRISENTINE
678|CARMELLA FELLEMAN
679|BERNITA GHEEWALA
680|ROSEANN ASTIN
681|GUDRUN DUSATKO
682|TANDRA EDNIE
683|JACINTA BORGMEYER
684|PATTY HARRINGTON
685|BRETT SERAPION
686|SHERIKA BRENNAMAN
687|DENAE KIESOW
688|FLOSSIE CODERRE
689|JAMEE MORVA
690|IDA HUESO
691|GAIL SMILY
692|LORIE BAUMKIRCHNER
693|TANJA WEGRZYN
694|ELSY ALLCORN
695|LUCILA RIST
696|CECELIA KRATOWICZ
697|TOBIE MELNICK
698|ERMELINDA HARNETT
699|TWYLA AVIRETT
700|FILOMENA ALEJANDRO
701|YONG OLIVARES
702|ELENORE YAMASHITA
703|NIKIA RISCHE
704|CHARISSE AUDAS
705|CHAYA LAPENTA
706|SEASON VANDERZANDEN
707|GALE DELBUSTO
708|HOLLIS BARDNEY
709|KYLA FRANICH
710|CLEMENTINA PEDROGO
711|TONDA RONG
712|ANETTE LADABOUCHE
713|ECHO HUDOCK
714|NEVADA CHOATE
715|KHADIJAH LAMANNA
716|MABLE BRUNI
717|DINA GOODMON
718|CORRIE NIE
719|MANA ROLLANS
720|SOPHIA GREEK
721|OLIVIA MEULER
722|PAZ DURRELL
723|REENA COCHRUM
724|MIKAELA CAVITT
725|BERNARDA SOEHL
726|HAROLD KLINKENBERG
727|ETHEL SHON
728|VERONIKA CZERKIES
729|JENNEFER MARBLEY
730|MARYANNA MENASCO
731|TOVA YENNEY
732|CHINA ESCALANTE
733|KALEY TOWNES
734|MARIVEL HINGER
735|CHER DANIELY
736|GEORGINE GOLEC
737|BECKI PUNT
738|MYRTLE MARCI
739|RAYLENE EDEKER
740|ROSAMARIA GAMARRA
741|JENNI DOUIN
742|LAURAN BUYS
743|JANE LEDENBACH
744|FAY BURLINGTON
745|MARIKO PRESLIPSKY
746|SHARI RANNELLS
747|KENDA CERASUOLO
748|LAVERA LEGGETTE
749|MANIE GIUSTO
750|LEENA OLINICK
751|SAVANNAH HAERTEL
752|KIMBERELY FUPOCYUPANQUI
753|MAIRE CRANKSHAW
754|ASUNCION FEDAK
755|MYRTICE WINEGARDNER
756|DODIE BUEHLMAN
757|TERRY PODWOSKI
758|ROSALIA SNAPP
759|CORALIE COMP
760|LEONORE CARBINE
761|MAYME OBBINK
762|SOCORRO CORNISH
763|JEANENE HUITING
764|ELVERA WAILES
765|LIZA SCHNEE
766|TRACIE HOLLOBAUGH
767|ANNICE ORDAL
768|RONA DEVINCENTIS
769|MARGIE INKAVESVANITC
770|JENAE LUARCA
771|LULU BRAMUCHI
772|EDIE ATHEARN
773|MALLIE SODANO
774|EUGENIE RADEN
775|FAVIOLA BOLTZ
776|EULA SOLAN
777|SOL FRIPP
778|GENE SANDVIG
779|MISTY TEBBE
780|BILLIE MCKINNY
781|HEATHER BARNHOUSE
782|TRISTAN VASCONCELOS
783|TORY CISNEROS
784|DESIREE GALLARGO
785|CRYSTLE BEUTTEL
786|ELIZEBETH THORNDIKE
787|MARCENE KRAHAM
788|XOCHITL MCKASSON
789|JACQUE FURNESS
790|BETTIE LYDE
791|BLANCH PALEY
792|ETHYL NEST
793|SHENA SCHINKER
