0|KIMIKO DORICH
1|MORIAH MADARA
2|ELIZA WEIGLE
3|MARYLIN HECKSTALL
4|LAYNE BRILEY
5|ROSALIND RIVARD
6|OLIVE SIORDIA
7|ANISSA KAYASTHA
8|JEFFIE HARRISS
9|KERI CASTNER
10|SHAROLYN LEVERETT
11|KYM BUDNIK
12|ALAYNA ZOU
13|KASHA BERTOLINI
14|KATY SCHWARZENBACH
15|CHERYLE RYAL
16|MYRTIS ROSENOW
17|JULIANA DEMORY
18|SHARYN REUSING
19|SHIRLEEN AUMANN
20|CLEMMIE BAVZEE
21|ELYSE GERBATZ
22|CLARICE OBRINGER
23|EVELIN RUTKOWSKI
24|SIMONNE KOTTSICK
25|LEATHA LANDMANN
26|MERIDETH HINKLE
27|GILDA LAMASCOLO
28|SHEILAH CALE
29|BEVERLY TORREBLANCA
30|ROBERTO NEWCOM
31|YASMINE KNEE
32|KINDRA GFROERER
33|KACY RIPOLL
34|CHUNG VARRONE
35|LOURDES EDENFIELD
36|AVIS NASIR
37|PAMULA BROUHARD
38|JUNE BOYANTON
39|YETTA HEERKES
40|MIMI BIRENBAUM
41|JOEY KOWALSKY
42|ANDERA WATTE
43|LOREAN FORSON
44|TOI BRIDDICK
45|TRISH STIMER
46|ALESHA MCGONAGLE
47|SHANTELLE JESENOVEC
48|ESSIE CATANO
49|MICHELINA MEZZATESTA
50|RHONA FOURRE
51|KERSTIN RAFEL
52|MYRIAM BADANGUIO
53|GILDA PICTON
54|DIANNA CHEESEBROUGH
55|NOELLE JOHNIGAN
56|JAY TAYOR
57|ENOLA NALEPA
58|ALDA FLAGER
59|LAKEESHA FLORIAN
60|EVELINE CRONKHITE
61|YESSENIA POMYKALA
62|MERYL FECHNER
63|EARLIE SCHOEPF
64|WENONA YUSEF
65|KARINA BOTERO
66|ANTONIETTA KJOLSETH
67|WILLENE AIRTH
68|SUNG HOTHAN
69|JERILYN MADDRON
70|KYUNG EBEID
71|SYLVIA VENTUR
72|THEA BHATTACHARYA
73|EVANGELINA AWTRY
74|ELVA SATHER
75|SHAKIA EDHOLM
76|LACIE BARSALOU
77|MIKKI BRAMUCHI
78|JOANN GUIGNARD
79|NORENE MCCLOD
80|BRITTANY GORUM
81|KALI WOLKOW
82|CAMELIA ALLON
83|CICELY WINFREY
84|INOCENCIA SCHLUETER
85|DYAN BARRINGTON
86|MICA MACKSOUD
87|TERRILYN ANGULO
88|EVETTE RICARDO
89|ISA JARETT
90|BRIANNE TRENTACOSTE
91|FAYE CLIPPINGER
92|MELINDA RANKE
93|ALBERTINE STEINMAN
94|CASSEY REINEN
95|SHIRLEY FULMER
96|RUFINA PUDLINSKI
97|RASHEEDA BIRSNER
98|DELTA SUDOL
99|DEBBIE ZENG
100|LIN KUCHAN
101|LORINE JUDAH
102|ETHELYN DELANGE
103|LOLITA LOBAN
104|MIRIAN KATIE
105|TRACIE DONART
106|JERALDINE LANGLINAIS
107|ANDRIA DISCHINGER
108|LEONTINE LYCHWALA
109|MACIE HEERKES
110|MELISSIA BUTZLAFF
111|JOHANNE MCELLIGOTT
112|SOPHIE SHINABERY
113|MAYRA NEUHOFF
114|KRISTEEN MCPHEARSON
115|PARTHENIA MATTAS
116|MANIE LOKEY
117|KAYLENE STILLEY
118|LINNEA PERS
119|CINDIE SAFIER
120|SUSY TINDELL
121|CLETA ECKLEY
122|BELEN GICK
123|GENIA MOUZON
124|JONELL OSIER
125|JEFFIE DONNELLAN
126|JOLINE KUNZEL
127|CANDELARIA HUFFSTUTTER
128|MARILEE SYMMES
129|STEVIE STANISLAWSKI
130|IRISH BERZINS
131|VERDIE JAKOBSEN
132|KIERA HUDDLE
133|HISAKO KNEUPER
134|LASHAY UTTLEY
135|ALISHIA LATIF
136|MARSHALL WHIDDEN
137|REANNA MUNNERLYN
138|AKILAH PHIPPIN
139|ADELIA POLLETT
140|SHERYLL PONCEDELEON
141|JENISE COMEE
142|ILENE MEKONIS
143|SHAVON TRICOCHE
144|ANITRA SNELLING
145|GEORGEANNA NEVIN
146|ANTONIO GUADIANA
147|JACQUELYNE DOWDELL
148|BRINDA RUWE
149|MADDIE PATRUNO
150|MARYJO PERARO
151|KALA ZACHERL
152|SCOTTIE MCMACKIN
153|LORIS DELONGIS
154|LUCI RUNDLE
155|DOROTHY GUSTUS
156|NORMAN SOHRE
157|SHELBY VILLNAVE
158|NELIDA COLONDRES
159|GAYE RENDLER
160|TOBI STORRS
161|SARAH MCCASKEY
162|INELL MOXHAM
163|GENE CHEIRS
164|YONG ASKREN
165|KATHRYN SIMONIS
166|TEOFILA SUTTIE
167|MARIANNE MCCONOMY
168|LARONDA JEANE
169|MARRY RENK
170|JONG SCHRENK
171|CAYLA KIESOW
172|BEULA WALCOTT
173|IONE ANSTEAD
174|PAULENE GOERDT
175|CHELSIE DOWDING
176|MARIKO BOBE
177|BERNARDINE BROXSON
178|IRMA SHORES
179|CRISTIE CECCARELLI
180|NATIVIDAD NIEDERMAYER
181|HEIDY SCHMADER
182|TASHA POULOS
183|MAY POLCOVICH
184|LASHAUNDA URSPRUNG
185|BERYL WHOLLY
186|EVELYNN TITSWORTH
187|CAITLYN BEILSTEIN
188|UNA ZERHUSEN
189|MACHELLE NUTT
190|SELINA GLAVAN
191|SALOME ELLIFRITT
192|TANIA SCHIEFFER
193|PERLA LUKASIEWICZ
194|LATONIA BUCHS
195|BELIA VANERT
196|TEREASA WOOLEM
197|LAURENA OCANAZ
198|HYE MCNEESE
199|FREEDA PRATCHER
200|MAPLE ONYEAGU
201|NOVA GETTIG
202|VERNON SUEYOSHI
203|NICOL QUARANTA
204|BRANDEE MACALUSO
205|BLAIR WAIKI
206|HYO WORN
207|CARMELINA ADDIS
208|HELENA JAROSKI
209|FABIOLA WAGG
210|MORA SARAC
211|CAROLINA ASHDOWN
212|LORRETTA JURGENS
213|FLORIDA COAKLEY
214|REYNA HUEHN
215|SIGNE SPARTICHINO
216|ALEASE GIELSTRA
217|MAGALY LIDDIARD
218|ARIE WARNICK
219|BURMA STAYTON
220|SELINA SIDERIS
221|LANIE WARNICK
222|SONDRA CHRISTMANN
223|ROCIO GABOUREL
224|MAGNOLIA KIBE
225|SHANAE VIANDS
226|LIANE POTTEIGER
227|JOETTE PROSIENSKI
228|CONNIE CALENDER
229|TREENA CRETE
230|YOUNG DESOLA
231|HELENE KIILI
232|LUANA DOELL
233|GERTHA XIE
234|LAVETA SAYMAN
235|SUNNY AGUIAR
236|KASHA AYBAR
237|NADIA MICHELS
238|SHAKIRA SACKEY
239|CARLOTTA HUBL
240|LORI BRODSKY
241|ISABELLA OUDEKERK
242|ARDELIA MARGOLIS
243|CINTHIA HAWLEY
244|RHIANNON SHAEFER
245|VESTA VICENT
246|EMELINA EQUIA
247|JANESSA EUGENIO
248|ARLENE JIMISON
249|TAMALA ZAKARIAN
250|LORETTE PICKENPAUGH
251|SHANTI NEVLAND
252|JILL RUBENSTEIN
253|MIKI SUHOSKI
254|ARNETTA BLANEY
255|CONCHITA RANSBURG
256|KAYE ORK
257|JUNE LEOPARD
258|MARG RODEHEAVER
259|LACY LIZARDO
260|LASONYA FOGERTY
261|SIRENA NETTIK
262|XIAO WHEDON
263|RUSSELL GRILLETTE
264|JOELLA ANDELMAN
265|EWA KUANG
266|AMADA LASKI
267|BROOKE MOLT
268|EMELY BONALUMI
269|ERMA ZAPPULLA
270|WILLOW HOFBAUER
271|GRAZYNA HOISINGTON
272|TALIA GREMLER
273|DONNIE KIESTER
274|ANABEL BEDSON
275|CARLIE NAUGLE
276|ERIN MESSORE
277|LAQUANDA KEYL
278|TYNISHA FEDEROWICZ
279|ORALEE MANKUS
280|ADELINA PORTOLESE
281|LAMONICA HINGLE
282|SALINA GRIFFEN
283|TAMMI BRINER
284|MIKAELA PATES
285|THALIA BUCARO
286|MARDELL LAGANA
287|GHISLAINE FISTER
288|MELONIE KLEFFMAN
289|MIGUELINA SANCHER
290|TIJUANA GARABEDIAN
291|MANIE SLUSKI
292|SHERISE MATRO
293|NIDA SCHIVELEY
294|CHANDA MELLEKAS
295|KESHIA PRECISE
296|CAITLYN ROSERO
297|NEDRA POREMSKI
298|TAWANDA LANINGHAM
299|ELIDIA WOLERY
300|SEASON PILAT
301|MANDY CHATLOS
302|KATHERINA SANSONE
303|BLANCHE RANDS
304|SHAINA AVERBECK
305|ALISA HORMAN
306|CHARLOTTE HYMAN
307|ANTONIA BUCHMEIER
308|GENIA MEZZANOTTE
309|THEO RODRIQUEZ
310|LING HENCHECK
311|CLEOPATRA ASPLEY
312|JAQUELINE GOLOMBECKI
313|REFUGIA PIECHOWSKI
314|CHUN AGEL
315|JANIECE KLAPP
316|GUILLERMINA STEWART
317|KATHRYN SPARGO
318|SHELLEY SIMONEAU
319|PEARLENE CORRICK
320|CLASSIE ANAUO
321|YI TRIMINO
322|RESSIE OCZON
323|MEGGAN HOWDEN
324|TEMEKA CRISPINO
325|HULDA SEMMENS
326|FREDDIE GIRON
327|LOUANN TALLADA
328|BARBARA MACOMBER
329|MARISSA RAINFORTH
330|LAURALEE SNEED
331|IZOLA CASIANO
332|IRENE OBREIN
333|MOZELLE KAMP
334|ANGELYN MIHALAK
335|TAMALA HEVERIN
336|DANAE STELLHORN
337|MCKENZIE GIBBLE
338|ELLEN LAVERE
339|GIDGET DUSATKO
340|LAURINE VERNA
341|MONICA WILFINGER
342|LAN ARMANDO
343|PHYLISS WARNEKE
344|MAZIE FERGE
345|SHERILL PESTANA
346|ELENORA KRECK
347|MARLENA JATHO
348|NANCI STURRUP
349|HEE KOCHAN
350|KENYETTA CHAMORRO
351|KASI TAMMARO
352|KIMBERELY KID
353|MARGORIE ANTONETTY
354|NEVADA HARMEN
355|EDWINA TRETO
356|ROSELINE CRAW
357|DARA BEECHER
358|JODEE JEFFRIS
359|VITA GAB
360|INA GOTO
361|SHARRON GUTERMUTH
362|ROSSANA SMOLDT
363|HALEY TAO
364|ALISON LETANG
365|MARGARETTE WIKHOLM
366|LAURENA MONTPAS
367|GEORGIANN GUGLER
368|KRYSTIN FARMAN
369|CLEOTILDE AKSAMIT
370|CARITA HOUSLEY
371|BLANCHE KATRA
372|YADIRA CATHY
373|DONETTA VOLESKY
374|TAUNYA BEELER
375|LAURALEE BIRNBAUM
376|JEANNA BARROWMAN
377|KEITHA SPEARMAN
378|LUCIANA MACALMA
379|EMILIA ZIEN
380|MARIKO SOLAGES
381|SHANA KOHRMAN
382|ANALISA LEBITSKI
383|LORNA DOHAN
384|IVONNE NOWAK
385|JERRIE MCCLESKEY
386|FAITH CADAVID
387|KA MCMAKEN
388|TATYANA BUEHRING
389|LAURETTA MCQUESTEN
390|CIERRA SASAKI
391|SAMELLA WOLVEN
392|ANGELICA CINADR
393|RASHEEDA SHEFF
394|LATORIA SCHANTINI
395|ELOISE AMISON
396|KIARA DUNGY
397|BARI TABIOS
398|CHANDRA HARTIGAN
399|JEANETTE MCCOMIS
400|LUCILE BROKKE
401|KARMA TEGELER
402|XIAO BELTRON
403|ASSUNTA KRACK
404|FRANCOISE COLLACO
405|MAIRA KOVAL
406|CECILIA MAINELLA
407|NERY BRAFFORD
408|JESSIE HOEN
409|CLAUDIE MORBER
410|JOSEPHINA ECONOMOU
411|ANNIKA GRANAI
412|INEZ MEYSEMBOURG
413|JANETTE AKERLEY
414|YOLANDA EICHNER
415|THORA NICODEMUS
416|EMELDA CARLSTROM
417|JANAE SUROWKA
418|GWYN BUFKIN
419|CHERRY MYOTT
420|JONI HUBRIC
421|REGENA WINFORD
422|KELLIE KRUPINSKI
423|MAXIE YEOMAN
424|NAM DART
425|SHYLA SCHMALZ
426|CUC MELANDEZ
427|RUTH KNOX
428|LING BODDEN
429|VIDA CAROLI
430|JOVITA AMSPAUGH
431|ADENA KUSKY
432|ILEANA STUEBER
433|ILIANA SILVERSTEIN
434|DANIA CHATT
435|EDELMIRA FENEIS
436|LAVINA RICKETTS
437|PETRONILA SHINDO
438|KENDALL SALVIA
439|PERRY HUTZLER
440|BERNITA SAYWARD
441|CHARISSE SEXSON
442|LELA GARIS
443|ROSEANNE FAKE
444|YING VAILLENCOURT
445|LIZABETH GRONQUIST
446|DELINDA GEERS
447|BREANN NAZIR
448|CECILA JACOBUS
449|WILHEMINA HILDEBRANDT
450|EHTEL WIETBROCK
451|ROXY FAVREAU
452|TANJA HEAGLE
453|CRISTIE ZMIEJKO
454|SHAUNTA NIEBEL
455|WANDA GELMAN
456|YUK LEHAN
457|TESS CASANA
458|TRINH VONER
459|GARNETT HICKEL
460|LUCILA JORRISCH
461|GINA ARKINS
462|ROSALYN MALLACARA
463|TORY BARSHAW
464|DAINE BRUDNER
465|ROBBI HODOS
466|CARLY KLINNER
467|MARIE LEPO
468|TRICIA RIESENWEBER
469|VERSIE KOENER
470|HEIDY KADRI
471|MAY HADCOCK
472|DIA LOFTEN
473|JODEE PLATANIA
474|GENOVEVA MARSDEN
475|LOISE MONTOOTH
476|AGNES CULLIN
477|ANNELIESE ALLYN
478|DAINA BRADSTREET
479|MYRTA BARWELL
480|MYESHA QUIHUIZ
481|QUIANA WEISGERBER
482|MIMI REAGEN
483|DONNETTE BILLIEL
484|PAMALA FURSE
485|WINNIFRED WINDHOLZ
486|DONNA MACHT
487|CONCHA FURLER
488|NORMA VANELLI
489|DONETTA DAMPEER
