0|KATHLEEN BRUENDERMAN
1|JAMIE BAZELAIS
2|CORA DOLAND
3|ANH NAMDAR
4|OZELL VESCO
5|DOTTIE NELDON
6|HYUN GALLAGOS
7|ANGLE NOYD
8|TERINA SCHLANGEN
9|KIERSTEN DOI
10|OLGA SAINI
11|JUNG JULCA
12|BOBBY VORSBURGH
13|ANDRE LOUGHNAN
14|GENEVIVE BIRCH
15|ARIANNE KAJA
16|BEVERLY SANGASY
17|SHONTA HAGERTY
18|MARLYS HURSEY
19|ARMANDA CAPPELLI
20|KIMBERLIE FEIKLES
21|CLARIS GRANDA
22|AMEE KROENCKE
23|MIKKI TENOR
24|SALLY MUSTAIN
25|LAVONE RIKER
26|CECILA GRATZ
27|NEVADA JOHNICO
28|CHRISTINE FLOOR
29|RANA JAVIS
30|LESLEE FOUNTAINE
31|CARLEE KALAHIKI
32|JULIE BINTZ
33|VELVET TROLL
34|KAMALA SHKRELI
35|TAMEKIA RUEF
36|TAMRA NANTON
37|SHERLYN JANUARY
38|VANESSA DONLON
39|MANIE WEXLER
40|JOANA YORN
41|TAYLOR PHILIPS
42|SHARI JORDAN
43|SHARILYN RETTIG
44|SU SURLS
45|NORA BONACCORSI
46|EMELDA JURGEN
47|DAMARIS MOBERLEY
48|CAROLYNE BRODESS
49|RIMA GIBBLE
50|CHELSEA VREDENBURG
51|MIKAELA KOFFMAN
52|SHELLY MAGNOTTA
53|CARMA WALSER
54|ULA GIBBINS
55|COLETTE KRIDLER
56|BENITA ADAMCZAK
57|SHARONDA PLACIDE
58|MARVEL KILLINGER
59|ZINA MANNHEIM
60|SKYE NIENG
61|MATTHEW CAPERTON
62|CYNDI KOKENGE
63|MARISHA HILTON
64|OLENE DETULLIO
65|LENNIE TOUTON
66|PHILLIS DANDO
67|NEVA CABANILLA
68|ARDELLE RAKOCZY
69|JENNIFFER MOLSKI
70|NATALYA BIDDLEMAN
71|ROSETTE SEAGER
72|KATIE ROTHCHILD
73|CARIN CABREROS
74|VERNIE CASSAVAUGH
75|FRANCESCA LILLY
76|RAVEN VONDOHLEN
77|LENORE BUBIS
78|DEEDRA ELHADDAD
79|ROYCE OCALLAHAN
80|HILARIA REASOR
81|EBONI DIRUZZO
82|KOURTNEY SOLINSKI
83|LONNIE OARD
84|KAITLIN ROMANE
85|ISABELLE VIDAURRI
86|SIBYL CORR
87|FILOMENA SCHMELTER
88|LAURETTE IANNACCONE
89|JACKELYN ZEIMANTZ
90|DAHLIA CULBREATH
91|JULIEANN TVEDT
92|CINDIE SHIVELY
93|GENIE MOCCASIN
94|PAMELA TURAY
95|ZORAIDA MASLEY
96|HANA NAP
97|TRANG RENFROE
98|HAILEY CHALOW
99|GEORGENE OAJACA
100|MARICA BAHRMASEL
101|JI SERVICE
102|DOMINICA KIGHT
103|DUNG MCKILLIP
104|BOK PEROFF
105|REBECCA FRAUTSCHI
106|KIMIKO SPRUANCE
107|MARIETTA ODORE
108|MARIELLE HYLANDS
109|HUONG KRAUSSE
110|SOCORRO COSTE
111|FRANK MULVEHILL
112|LANE PACETTI
113|DREW MCCABE
114|SHAYLA SCHON
115|MELANY ECKERT
116|MELODI HUNSLEY
117|DEIDRE KAMEMOTO
118|MARGARITE WEIKAL
119|PETRONILA WIXSON
120|CANDANCE TAG
121|CLARINE BYRGE
122|SHELLA ZELKIND
123|ONITA VANDERHEIDEN
124|HEDY TEKULVE
125|JESSENIA GAMMOND
126|KERRI CIMMINO
127|CHUNG ALQUIJAY
128|VERNETTA CRINKLAW
129|SHARIE LEZAK
130|ANJANETTE ROSHAK
131|GIUSEPPINA WILENKIN
132|KETURAH BAGLEY
133|TAMRA FRITTER
134|PING DISTEFANO
135|CRISSY SCHLICHTER
136|ISADORA MASUR
137|LUPITA MERONE
138|HELENE WICKLIFFE
139|PHYLISS MCGREEN
140|SUNG DOOTSON
141|MARQUETTA BRIGGMAN
142|SUZETTE BOE
143|CHRISTEL GHIANNI
144|MELONIE ISHMAEL
145|MILA DUREE
146|SHAWNEE NEALLY
147|LAURENE THERIEN
148|TONY RISKA
149|WEI BUTTERY
150|KARENA KIRSTEIN
151|ALBERTINA HUGHLETT
152|KYM COANT
153|KARIE DELLBRINGGE
154|LEANNA RAMENTO
155|VIVIENNE ALLENBAUGH
156|JAYE HAIGLER
157|AUDRY KARAGEORGE
158|ARLEEN KUDASIK
159|ELLY CECCHINATO
160|TISH CORMAN
161|LATIA SUROWKA
162|NIKOLE LONEY
163|ALANE THIEKLIN
164|NA LEADMAN
165|JOHANNA FAUBLE
166|ADAM ZELLA
167|DAYNA DESLER
168|YANG CAMBEL
169|RHEA ZIESER
170|VERONA ARBUCCI
171|TAMICA IGO
172|EMELINA ALMAJHOUB
173|TASHA KALINOWSKI
174|SADYE SONNENBURG
175|KELSI TARRAN
176|BEBE PARLER
177|TERA SHELLS
178|ZANDRA HOFSTETTER
179|LOUIS SASSON
180|NORIKO JOHNSTAD
181|KAI SASPORTAS
182|SHERI MOFFITT
183|LILA DEROMER
184|GENNIE SHONK
185|LEONARDA SCHNECK
186|MADELINE HARDRICK
187|ELYSE GUSA
188|DONA LANDGREN
189|GENEVA COOLAHAN
190|WILLA BAMBACI
191|IVELISSE HOWIE
192|ELDA AIPORLANI
193|MICHIKO ECHEGOYEN
194|LESLEY BALDER
195|VASILIKI WASHNOCK
196|KIRA SAICE
197|THERSA FELTES
198|CHAN GAVALDON
199|SHERI DELALUZ
200|YEVETTE VANOSDEL
201|MYRLE BALDWYN
202|MAISHA NAEHER
203|RORY REDDING
204|MAJORIE MADISON
205|BRITTENY ZEEB
206|STEFANY CYNTHIA
207|ANJANETTE HENTON
208|MICA FERRI
209|SHARAN TAKAI
210|LECIA JUSTINO
211|JOLYN VAUGHNS
212|CIERA MCELHANNON
213|SALENA DOUBET
214|MARIETTE WAGLE
215|VANNESA LINGAFELTER
216|GERRI DINITTO
217|TEMEKA SHREWSBURY
218|ADELLA IMBACH
219|MARVA HUBRIGHT
220|MELLIE HEIDT
221|NANNIE TAGLIAVIA
222|ARLYNE BAISTEN
223|KIANA AKIMA
224|YELENA WYNER
225|JESENIA MUSILLI
226|CAMILLA PRIGGE
227|RUTH GAMOTAN
228|SHANI FRIELS
229|VALERIA TORCHIA
230|JAQUELINE BRADDOCK
231|AMIRA DEUR
232|FREDIA CONNOLY
233|REFUGIA CARRIGG
234|BERNIECE CATILLO
235|FRANCIE JASKO
236|TAMEKA TARBERT
237|JULIETA LIPINSKI
238|DETRA STOCKMAN
239|CALANDRA LADNIER
240|NUMBERS CHEETHAM
241|NAN BOESEL
242|SUDIE GIBERSON
243|SAM BUNKER
244|SHAUNTA TARASCHKE
245|JULIANNA VOLLMER
246|CAROYLN MCFADIN
247|BETHANN VEIL
248|FLORRIE ACKLAND
249|YOSHIKO PIETSCH
250|DARLINE BROGDON
251|FAY AKIM
252|CURTIS FINAZZO
253|OTHA NARASIMHAN
254|MAURICE DEHAY
255|MARILYN RUMBLE
256|ROSY MCEUEN
257|CELSA TREHARNE
258|KIMBERLI CROSSGROVE
259|CAMERON GLOR
