0|EVANGELINE FETTES
1|MERRY PRCHLIK
2|CHRISTOPHER MOAKE
3|DUNG SECORE
4|LENA MCGLOTHEN
5|CARITA GALSTAD
6|SHIRL BERSAMIN
7|KANDACE CINADR
8|KIRA KJOS
9|QUYEN RUDKIN
10|DENNISE BAYN
11|RASHEEDA CHESTERMAN
12|FERNE VASSEN
13|MILLIE MCCOSKER
14|ANGELES LABRECQUE
15|MONNIE KAULL
16|MOIRA DONAHOE
17|ELLYN RANDGAARD
18|VIOLETTE BIRDEN
19|GIGI LEIENDECKER
20|SHAUNNA ENYART
21|BRANDY DEVENNEY
22|EARNESTINE CHIAPPINELLI
23|CAROLINE ELAWAR
24|TAMMERA THEOS
25|KRISTI FARRO
26|SHARILYN PENDILL
27|ANGELE SPORE
28|MARYAM CAUGHELL
29|MARLANA LEFEBURE
30|FLORIA RYDMAN
31|CONSTANCE EL
32|FRANK JULIET
33|MONIKA VANDERMARK
34|DENAE ASCHOFF
35|ALIZA HAMBRIC
36|HANNAH POLERA
37|WYNELL ROSEL
38|TOSHA BADERTSCHER
39|DEMETRIUS DILEO
40|QUINN IVERSLIE
41|DARLINE ENMAN
42|KELLEE JAHN
43|BEVERLY BREITENBACH
44|ALAYNA REYE
45|SHAREE BEUL
46|COLETTE GIRVIN
47|DARCY DIPANFILO
48|BRIDGETTE KEPP
49|LASHANDRA HEFNER
50|VIRGIE SCHAMBUREK
51|MARNI BROCIOUS
52|KARLENE TRAYER
53|LETTY PUFFENBARGER
54|DENNISE HARRIOTT
55|FRED BINES
56|MIRIAM ROEHM
57|SHERI CHAVANA
58|SU WEISBERG
59|REENA KRUMMEL
60|JOANE ELKIND
61|NOREEN BERTOT
62|CLEOTILDE RUMPF
63|LANORA BELLINGER
64|BEAULAH NAGTALON
65|ELOISE EPPERHEIMER
66|TARSHA STRASESKIE
67|TAMRA LAVELLI
68|ZELMA BEELBY
69|APRYL RIESENWEBER
70|ANGILA BRIDGFORTH
71|STACEY FARIA
72|TIEN DAMORE
73|KAILA THUMM
74|ABBIE WERNICKI
75|LIVIA HAWES
76|REGINE DORIE
77|EMILY WISBEY
78|KASEY BROTHEN
79|TAREN BALDWYN
80|ODILIA GUEVARA
81|CHARLSIE SMEDLEY
82|MIRTHA PETROSKY
83|MARILYN SIGLOW
84|DORLA FURCI
85|MARLEEN MURNOCK
86|KAROL SALASSI
87|DAINE SEIDELL
88|KATHRIN NELLEM
89|GIA ARTIES
90|EVETTE JANG
91|SHEILA HERAS
92|LOURIE TALLENT
93|ORA HARTIN
94|DEBERA DELOSSANTOS
95|ODESSA PARSA
96|HEIDI STOLZ
97|KIANA UTZIG
98|ROXANN LIRAG
99|PERRY MCCARGO
100|SCARLETT SABELLA
101|TRINA ZERHUSEN
102|PEARLY WILKEY
103|ANGLA PEROFF
104|DELSIE PESCATORE
105|KINDRA ATWATER
106|CASIE DETZEL
107|JANEEN BIRKELAND
108|WILLETTE COLO
109|LYNETTA GRINVALSKY
110|JOHNNY NATALELLO
111|WILMA TABAR
112|IDA BARILLARO
113|LAVERN ALES
114|BERNIECE INFERRERA
115|CARLINE HENARD
116|TRUDY REEBER
117|JACQUELIN GRIT
118|NOHEMI BAKOS
119|NOELLA IGBAL
120|LARAE HOELSCHER
121|YUKO THEUS
122|MILAGRO GAGNON
123|GEARLDINE GOWERS
124|KANDACE HELTSLEY
125|MAGALI CUZZO
126|SHELLI SIMONIELLO
127|NICOLLE RENSING
128|NGOC DALEGOWSKI
129|FE DESONIA
130|RESSIE CARROWAY
131|SHANI MUTART
132|LASHAWNA RUHOFF
133|VANIA COPELAN
134|EVITA READUS
135|ALPHA LUPOE
136|JOETTA CRANTZ
137|KATHE MUNFORD
138|MARYLN KILGOUR
139|VAN DEBERG
140|ROSELLE RUDDOCK
141|LYNDSAY KEENER
142|ELSA FERDIN
143|TEENA CROSON
144|JANELLA TWIGG
145|HUONG POLLICA
146|LAUREEN GUSHUE
147|CAROLYNN SLOVINSKY
148|LEISHA BARTOSZEK
149|GLADYS VENEMAN
150|APRYL WATLER
151|MARGERY BENEFIEL
152|MEI BENTY
153|KRYSTLE ABUNDIS
154|NOLA DEVINCENZO
155|ERYN QUIVER
156|SHARICE COUSAR
157|ELENE BARTMES
158|KEISHA YOUD
159|LOMA JUSTAK
160|SHANIKA AMEZQUITA
161|MARGARETT WEYKER
162|SHERYL DARSCH
163|RENEE MCIWRAITH
164|DOVIE ALCANTAR
165|JETTIE WEBER
166|ALYCIA COUCHENOUR
167|JACLYN LEHANE
168|LOREEN MEELER
169|CODI WILCH
170|VANESSA WUESTE
171|FREEDA LAUCKNER
172|AMAL HEMPE
173|TEMIKA GREGOR
174|CASSONDRA RATHERT
175|IRENE PLANAS
176|SILVANA PEKRUL
177|YUETTE TIBBIT
178|REGAN ABDELAZIZ
179|HIROKO MCFATTEN
180|SONIA SAWYER
181|BRITTANIE BRODA
182|VERDIE HLYWA
183|ELIZA RIST
184|CATINA BARCIA
185|HIEDI BOILEAU
186|DWANA GLADWELL
187|LOUIS BESHEAR
188|HELAINE BRISBIN
189|LEANORA STAMISON
190|JI HOHM
191|NU SCHLEINING
192|CHRISTOPHER BONITA
193|LOUELLA GRZYWINSKI
194|TERESIA PIPE
195|LAQUANDA NAVARRATE
196|SAMMY FOSNAUGH
197|TRESA SONDERS
198|BUFFY CHANT
199|CLOTILDE GOMOLL
200|VEOLA SINNETT
201|GEORGETTE SCHNITTKER
202|BLONDELL SCHLARB
203|SUNSHINE WRASPIR
204|EMERITA DREWNIAK
205|MEAGHAN GERHAUSER
206|DORCAS PARA
207|VIRGINIA NICI
208|KRISTINA SCHEIDER
209|DANILLE MULA
210|TAMMY SOTELLO
211|KATELIN KRIENKE
212|MELISSA HASEGAWA
213|JUSTINA MARCHEL
214|KARY CANWELL
215|LOREN BUTRICK
216|TILLIE BENENATI
217|VANESSA GILSON
218|JUDITH BARNESS
219|ARIANE TENHARMSEL
220|ORALEE AMUNDSON
221|TIARA PANOS
222|GISELA JEONG
223|EVELYNN BECKS
224|JESSI DIVALERIO
225|CATRINA STALMA
226|MADGE SCHULMAN
227|CHARISSE ALERS
228|SOLEDAD ALFERO
229|HANH ARZT
230|VICENTA BEGUN
231|WANITA POGAR
232|DANYELLE SKILTON
233|ALESHIA TSCHOEPE
234|CAMILA NYHAN
235|MIGDALIA WALLENDA
236|IRMGARD STEIGMAN
237|SHELLY PETRON
238|JAMEE HERSEY
239|ETTA THOMASTON
240|LAURINDA EBBS
241|MATHA BIERSACK
242|ANGELLA EHRMANN
243|SUZETTE GANAS
244|TYISHA SCARGALL
245|SUSY SEBOURN
246|ANTONETTA VOTAW
247|ANNIE SMITHHART
248|NICKOLE TANCER
249|ANGELYN BUCKEL
250|ALYCE KLEM
251|LAVADA LABADY
252|SHIRLEEN MCLEE
253|SHAY WESSELMAN
254|ARIANNA SPERKA
255|TERRILYN PULLAR
256|KEIRA SHEHEE
257|KYONG PASSON
258|ASHLEE SMEBY
259|BETTYE SEDILLO
260|CARLOTA SHEINGOLD
261|LYDA TERRIEN
262|DAWN ZUMMO
263|LARAINE GRIESINGER
264|CHARMAINE ORDORICA
265|TORI KOUDELKA
266|MARTIN PYTLOVANY
267|RAQUEL GETTEL
268|ARLINE DELLA
269|ESTEFANA MARTELLES
270|ALINE RYLL
271|JERI SUITT
272|THI LIPTOK
273|MELYNDA GORCZYNSKI
274|KRISTINE KUCEL
275|MONICA MERBAUM
276|CARMON RENZELMAN
277|AKILAH KOMLOS
278|SHARICE KNISPEL
279|VICKEY SHEARS
280|JOHNNIE GIBBONEY
281|OLIVA LELE
282|SHIELA HOMMA
283|OPHELIA RAVETTO
284|BIANCA PETREY
285|LASHAWN CAUGHRON
286|BEATRICE BROEKER
287|MERRI HORMELL
288|VINITA GRANBERRY
289|LUETTA HUTCHINGS
290|MALENA MCCOUBREY
291|JUTTA VANMIDDLESWOR
292|SIERRA LEYUA
293|TOYA VINCI
294|LEIGHA ENGELKEN
295|SELENA HUTCHISON
296|AURA ZAHNEN
297|MAYOLA KINAHAN
298|ZELDA TRENT
299|PEARL BRAMSON
300|CORNELIA NORFOLK
301|SERITA FICHTER
302|ANNAMARIA MCCANNA
303|ASHLEY HIRSCHE
304|MARGARITE RAMALES
305|LATOYIA DIVINCENZO
306|JENI LAINHART
307|AUDRA KUCEK
308|MAGDALEN CAFFARELLI
309|WILLETTA KUBASKA
310|CHRISTEN SANDIDGE
311|SHARLEEN LOREN
312|SHALANDA CROMEDY
313|JOLENE MAYES
314|DANNIELLE RIKARD
315|LAVONDA GJERDE
316|MAGALY CABA
317|LISANDRA MOLANDER
318|CHAYA VENTUR
319|LOVETTA METZGER
320|ELIANA BLARE
321|VIVIENNE QUINTO
322|EILEEN ROSBOUGH
323|CAROL TORNGREN
324|HOLLIE LWEIS
325|MACKENZIE HENDERICKS
326|SHERRY REICH
327|DEANNA LAUERMAN
328|ANTHONY ALERS
329|QUYEN CONNYER
330|SARITA POUNCEY
331|MYUNG LENSKI
332|NICOLETTE BRATTAIN
333|YESENIA JIRSA
334|ROSELYN BUITRON
335|SHANDI DYEN
336|KRISTEEN PANAGOS
337|BARBRA CREGLOW
338|DEE DIGIROLAMO
339|MARIVEL WAJDA
340|FRANCIS MONETTE
341|WENONA HAUSMAN
342|FRIEDA JALOVEL
343|TELMA DAYHUFF
344|IMOGENE CUCULICH
345|SAVANNA VAJDA
346|SANA KORNREICH
347|KASANDRA BHANDARI
348|MARTIN SUSSEX
349|RENATA VALADEZ
350|SHANTAY PHILIPPI
351|BRITTENY MOSTAD
352|JALISA FREI
353|MARAGRET LAPPINGA
354|CRISTAL ISRAELSON
355|ROMA FRUIT
356|FREDERICKA TUNNEY
357|ELAYNE TERBUSH
358|IVA BELLUS
359|CHANA HERWIG
360|CORINE WHITSON
361|SANDEE PHILLIPPI
362|LYN AREVALOS
363|DEEANN CARMELLO
364|BUENA TUER
365|GLORIA CALIMAN
366|ROSALIND WHITFIELD
367|SAVANNA MENCKE
368|SHARRON BRESETTE
369|YAHAIRA SISE
370|CLARISA HALLINAN
371|SONA POWDERLY
372|FAWN KRUPKA
373|SIERRA PENTLAND
374|DIA GODSON
375|YASMINE CARMEAN
376|DELENA FRANCHER
377|MICAELA HALLIE
378|MARIS BANCE
379|JAMIKA VATHRODER
380|ADRIENE IDROVO
381|BRINDA VANSTROM
382|ESTEFANA HANTEN
383|JUDE LINEHAN
384|ERMINIA PURTLEBAUGH
385|ELIANA FONTUS
386|OLENE JEROWSKI
387|JENNIE GOLDENBERG
388|CASSANDRA LENSER
389|MARKITA MCQUEEN
390|STEPHNIE MOHABIR
391|LARA SCHELP
392|TAWNA ANTU
393|GARNETT EREDIA
394|GABRIELLA KILLMEYER
395|MELISSIA JETER
396|ANNABEL WALTERSHEID
397|GLAYDS HOSAKA
398|XOCHITL WAMHOFF
399|LUVENIA KINZINGER
400|LEOTA KULICK
401|REBECCA WAITS
402|MARGERT DRISKELL
403|JAMI PALOWODA
404|MITTIE RANNALLI
405|ANNITA SEMMENS
406|CORINNE FLINSPACH
407|TELMA GALBREATH
408|ALEXIA PINNETTE
409|ELMER BETANCOURTH
410|MAHALIA HESTERMAN
411|CARLI PULIZZI
412|LOURA BONOMI
413|PAZ SEABERT
414|DORCAS KINA
415|RAQUEL STAUBS
416|CARIN HOUSMAN
417|ALLINE BEDNARZ
418|TOMMIE BOYENS
419|VENETTA WENZINGER
420|SHARYL HISMAN
421|FATIMAH ZUEHLS
422|KARL RODRIGRES
423|NIDA SIGMAN
424|CHONG LANFAIR
425|EARLIE DIPAOLA
426|ELISSA WENCIKER
427|LAYLA IZZARD
428|DANNA DIDDLE
429|DELCIE FREDIN
430|ROZELLA MARTELL
431|MARICELA HANCE
432|GLENNA WILDIN
433|LYNNETTE CURNOW
434|JACQUILINE FLEISCHMANN
435|BAO BOSTIAN
436|SHAVONDA CRAMBLET
437|MYRTLE RUGGS
438|CARIE STUBBENDECK
439|LAYLA VANDAELE
440|TANNA POMMIER
441|KARRY VOLCKMANN
442|TARA HARNISCH
443|MANDY ROLLA
444|SARAI CLAPP
445|JANIECE PANARO
446|SANDY JESSE
447|OZELLA GAUNTT
448|SOL MULICH
449|ALBERTINA HOLZEM
450|DOLORES HAVERKAMP
451|DELILA SEIAVITCH
452|LUELLA ELKINS
453|KANDICE BENUSA
454|MARAGARET MCDOWELL
455|FLORENE BRUMWELL
456|MARTINE ESPENSCHIED
457|MARIAM BURDOCK
458|SHANDI ZUHLKE
459|CATHERN LOHRE
460|BARBIE MOLITORIS
461|EMMY TESSEYMAN
462|GEORGIANN SILLIMAN
463|LORRIANE GROTTS
464|JACLYN LABARR
465|STARLA RHYNES
466|LORITA NEVARES
467|SHERYL NIMOX
468|SHANTEL WOHLFARTH
469|JIN TREMAINE
470|JANAE CHEVRES
471|JADWIGA LADT
472|JOYCELYN ANCALADE
473|ANNABEL SCHOMAKER
474|ZULA LENO
475|ZELDA MORGANS
476|ELFREDA NISLY
477|ELMIRA KOLBO
478|ROBIN BEHAR
479|NICOLETTE AVILLA
480|FLAVIA PHANTHAUONG
481|CANDELARIA GOLDSON
482|KARLA CHEHEBAR
483|JULIET BURHANS
484|SENAIDA NORN
485|ZOFIA LASHBAUGH
486|LATARSHA LAFROMBOISE
487|ROXANN COSEY
488|ELISSA CHILO
489|EARTHA GUINTHER
490|MARGY SCHLEIN
491|LE QUASHNOCK
492|MARIELA EBERLY
493|COLLEN JENDRAS
494|MELVINA FAY
495|KARLEEN SACKOS
496|EMELY RUBIN
497|YESENIA ROBERRTSON
498|ELVERA RAIO
499|NAKIA MORETTO
500|MITZI MIDDENTS
501|JOLYN EMDEE
502|COLETTE SMOOT
503|FLORA MODIN
504|ASHANTI MCKIBBENS
505|EVANGELINE CARRIN
506|LAKEISHA EBERSHOFF
507|HYE VIZARRO
508|ALLENA WEISKOPF
509|ELMA HIGGENBOTHAM
510|DELILAH GOCEK
511|ELISABETH JILES
512|AYAKO BOGDON
513|ESTEFANA WOLSKE
514|SHERIDAN MCFERRIN
515|BRONWYN GUERINOT
516|GALE KRILL
517|DANN GESSEL
518|DEDRA BADEY
519|TERINA VILLALON
520|THANH OREILLY
521|CHERELLE GOGA
522|MARCHELLE BUTTEL
523|YOLONDA PAILET
524|RESSIE BONENBERGER
525|PEGGY JETER
526|CHELSIE RIVENBURG
527|GAYLE SWARTHOUT
528|SHERILYN DELLINGER
529|REGAN SMYERS
530|ALEXA PESINA
531|LORAINE MULIK
532|VANNESSA WENDELL
533|WESLEY LEVANDOFSKY
534|JUANA DEFONCE
535|GRETCHEN YOH
536|ILUMINADA MCGRAW
537|JOSEPH SIREGAR
538|MARNA LANGSTRAAT
539|DEBI CADIGAN
540|JACQULINE FOUGHT
541|RONA TEWES
542|CAMELIA RINGERING
543|EWA ALKINS
544|ANASTACIA SWANTEK
545|BRIGITTE SANDBLOM
546|ANNABEL BASHOR
547|ERNA IRONHORSE
548|IRMGARD NESBITT
549|PHUNG FANTROY
550|CATARINA DIRUZZO
551|JORDAN BELASCO
552|ROBENA APPELMAN
553|ONIE BUOTE
554|MARIETTA LAMBERTI
555|GLENN ISBISTER
556|LATIA KAMER
557|PATSY TRIANA
558|KALEY UKEN
559|AIDA TASSONE
560|MARTINA GOELLER
561|MARDELL ESKENAZI
562|WINTER JESSOP
563|PEARLE FARQUHARSON
564|OFELIA VOLLRATH
565|FLETA BUELER
566|PHYLIS STATEN
567|CARLY LIEW
568|JACKI AUGUSTE
569|SHEBA WECKWERTH
570|NENA VUOSO
571|JAMES GIBSON
572|ALAINE MAROIS
573|JANETTE DESTREE
574|CAITLIN PORCO
575|ILEEN FIGGINS
576|SHEMIKA DUPASS
577|CHIA ROEWE
578|MIESHA LANGEL
579|ISIS SCHOFIELD
580|MADELENE RIPPERGER
581|JOHNSIE LINT
582|JODEE HOVIS
583|FELISA WORCESTER
584|MARYANNE FOGLESONG
585|RUBI GOLOMBEK
586|LORENE OSTEEN
587|BRITTNI EICHELBERGER
588|RICHELLE GUNDRY
589|RICKI PIZZINO
590|TEOFILA CARATHERS
591|CORALEE TWICHELL
592|CHLOE STUCZYNSKI
593|BRYANNA BOYDEN
594|SHIRLEY BESCO
595|DEANA MANSPEAKER
596|CATALINA GILMAN
597|AMAL DORCHY
598|LYNETTE SIECZKOWSKI
599|FIDELA EMPSON
600|LAKIA WISSEH
601|SHANEL SARCINELLA
602|TOMIKO CARODINE
603|CARLITA TURPIN
604|HARRIETT HENEY
605|KATHYRN LIMONES
606|JENA MOLE
607|DREW MONTMINY
608|LAURALEE SNACHEZ
609|LEONILA FATTORE
610|JONNA HIGGONS
611|SHERLY BLEININGER
612|AKILAH VANOUS
613|SHARONDA HULMES
614|MITSUE MARY
615|MELLISA BECKEM
616|BERNA BRICK
617|KARMA MELLOY
618|STEFFANIE VRADENBURG
619|SHANEKA SHIMONISHI
620|SUZANNA ZEIGLER
621|KRISTEEN LOSIEWSKI
622|JADE PANASCI
623|JOHNNIE SPILLMAN
624|ELVERA AXON
625|CHARITA STEINERKERT
626|KAYLENE HEMPE
627|MARILOU SALVIEJO
628|BERNICE MCMENIMEN
629|MAUD FRANK
630|CATHERYN KROELLS
631|YULANDA BIRINGER
632|VETA PERKS
633|HANNA BOXX
634|CORRIN HILMAN
635|KATIE WARN
636|CRIS DEGUNYA
637|RAELENE VARGA
638|ISIS GDULA
639|ABIGAIL MENTZER
640|SHENITA AREHANO
641|LACRESHA LENART
642|JOANA FEDAK
643|SCOTT KYNASTON
644|ERNESTINA COSSABOON
645|SHEA MCCLUSKY
646|ELAYNE KLIPPEL
647|SHAWNTA HARDEGREE
648|MICHEAL VANMATRE
649|AMINA MINUTILLO
650|KRISHNA MEXICANO
651|YOSHIE DUIS
652|CARLETTA PETTINELLA
653|ADAM LABADIE
654|DEMETRIUS LINK
655|GERRY EFFLAND
656|CHERYL TUELLER
657|MAIA CACCAMO
658|JERICA SHAFFNER
659|TRACY FLANAGAN
660|CHARLES SIMPON
661|KATHRINE BRIGHTER
662|JUSTA HORNBUCKLE
663|MAMIE MURAY
664|FILOMENA TOLOMEO
665|GWEN RUPLE
666|MIA OGDEN
667|SONJA HROVAT
668|MING MONROE
669|DEDE GAUB
670|GLADYS SAVANT
671|SALLEY COUNCIL
672|BRUNILDA HACH
673|JANESSA WACASTER
674|SOILA PORRO
675|STACIA BOSSI
676|TAMMIE COULLARD
677|SADIE GOSDA
678|KATLYN STUTLER
679|JOLYNN OPULA
680|THERESSA DELORIA
681|JERRI GAGLIARDOTTO
682|JUTTA LONGERBEAM
683|MERI HAVLICEK
684|JACQUELIN HIMMELWRIGHT
685|ELEONOR FUHRMANN
686|FRIDA ZAITUNA
687|GARNET VARMA
688|SIMONA PASINSKI
689|SHEMIKA KELLN
690|CATHI LABO
691|MARGET GEMMA
692|LITA LADITKA
693|KATI JANES
694|BURMA DRYBREAD
695|ROSENA SZUMIESZ
696|WAI CHIASSON
697|TWANNA EISENBERG
698|ALEXIA FALARDEAU
699|TALIA DEUBNER
700|TEGAN FIGUEIRA
701|GEORGIA SNOWDEAL
702|SIMONE PONTI
703|RACHAEL AZULAY
704|NATHALIE GICK
705|ELISA OATFIELD
706|SUEANN FLECHAS
707|JEANETTA BLANDING
708|AUDIE PIETY
709|MAY ARTINGER
710|NATACHA HOWES
711|KYRA WRZESINSKI
712|LORAINE LOGGINS
713|AGUSTINA TUZZO
714|FIONA AXLINE
715|CHANTAL ALTICE
716|LORIE AYNES
717|ROSALYN GALLATIN
718|ELA HEISTER
719|MALENA PAOLUCCI
720|MARSHALL ENSOR
721|JOVAN KLEMASH
722|LOISE SEGAWA
723|MARGET BANKE
724|LETHA GINZEL
725|SUSANA PARADIS
726|JANEAN COVE
727|SHIRLEE MOLL
728|ENOLA DEMIANCZYK
729|ILDA REDMOND
730|MARGARETA BONJORNO
731|ANNABEL CALLNAN
732|CARLEEN YEDDO
733|MAGDALENA ROMRIELL
734|KARISA ORENSTEIN
735|JULIANNA ZACHAREWICZ
736|BIRDIE SEARFOSS
737|ANIKA STOCKING
738|EMELIA HEBERLING
739|JACINDA CONNLEY
740|HEATHER VAUTER
741|LARAINE SHIFFERD
742|ILEANA WITTMAN
743|DELCIE LAHNE
744|TA FRANZEL
745|LOUETTA BALDASSARA
746|ALETHIA ORGILL
747|HORTENSIA HOSHINO
748|ELIDIA ABES
749|MARLA BRANDOM
750|LATOYIA PATETE
751|TEQUILA LEONARD
752|LYNELLE WOLFRAM
753|LORAINE RAPOSA
754|GISELLE PEFFLY
755|MIRELLA SOS
756|JANUARY PAAR
757|SANDI PIER
758|PIPER AXELSON
759|BESSIE INGLISH
760|MELITA ANDERHOLM
761|DELORES MOTTINGER
762|ALANNA KRISHNA
763|ELOUISE EMCH
764|HANNAH SOSBEE
765|HILLARY CERAOS
766|JACQUETTA SISKIN
767|YOULANDA EREAUX
768|CASSANDRA BLOCK
769|FARAH SPEASE
770|POK GOOKIN
771|KAROLINE ROMANICK
772|MERRILL YEN
773|ALBERT MARACLE
774|NIKITA WEDI
775|JALISA HALFORD
776|CHRISTINIA GRENWAY
777|DORTHEA MORTIMORE
778|DOVIE BEEZLEY
779|ALI WIKTOR
780|KATHARINE URTIZ
781|HELGA BLADT
782|TAM OLMOS
783|KRISTYN MOLSKI
784|LULA COUCH
785|FAY STEVENSON
786|BROOK DESORMO
787|KIMBERY BUZZARD
788|SHERYL DRECKMAN
789|JONNA LAST
790|AMI OLIVEROS
791|FELICE FERRILL
792|MARY MORIWAKI
793|NORINE BELLOMO
794|LILI MORROW
795|JAE KATZBERG
796|MIRELLA MENTGEN
797|DELSIE SALOIS
798|BARABARA RATLEDGE
799|GAYLE BEMIS
800|MAURINE THOMURE
801|BRANDY BOULDING
802|DOLLIE VELTKAMP
803|MARTIN PUJOL
804|MARYBETH PERCIVAL
805|SILVA WEABER
806|LONNIE SHEEHY
807|NIDA EDGMON
808|TAMMY JORSTAD
809|ALYSE VIZARRO
810|JEANNA TIEDE
811|THERSA BILLINGS
812|MARIANA MASCIA
813|CHERISE KISSEE
814|GIGI ENNEN
815|DEBBY STRUCKMANN
816|LEISHA SAPORITO
817|RONNIE MITCHLER
818|SHERYL AUGER
819|ERICKA SEGALL
820|LORRIE GOLDENMAN
821|MIKE CALCANO
822|LINDSY BUTTZ
823|PEARLY HUEHN
824|PAMILA HAMRE
825|RAYE RHETT
826|KARY CARVAJAL
827|JENA GUTREUTER
828|VICKEY ARDMAN
829|ISABELLE ZECKZER
830|JIMMIE LITSTER
831|CHANTELL STEPAN
832|MARINDA DONOHVE
833|MALORIE MENNECKE
834|CARMEN ENNACO
835|PATTI TILLINGHAST
836|DEEDEE BULL
837|ANGELO LIGGIN
838|IVEY LOBASSO
839|LIVIA WILDRIDGE
840|ESTEFANA BRAZ
841|LORILEE SCHEPPE
842|CHANEL GATZ
843|DREAMA SALDIBAR
844|MARG RODVOLD
845|OLYMPIA CASHMAN
846|ILA KREPS
847|ZONIA SALOUM
848|ORA FORSHA
849|SHAVONNE REHKOP
850|YI NANZ
851|KENDALL CORON
852|MADELAINE BRAMLETT
853|AUDRA HACKEL
854|ANDRE HUNZELMAN
855|MYRTIS BYRNSIDE
856|PATSY VYAS
857|KATHERYN MULCAHEY
858|GLENDORA ADJUTANT
859|JANIE BUBRIG
860|SO RUFE
861|SOMMER MAGGERT
862|JANUARY FAMBROUGH
863|CRISTEN SKWERES
864|EMILIA HUDELSON
865|JACQUELINE VALDERAMO
866|JONI MOGLIA
867|VERLA FERUGSON
868|MARRY GOMILLION
869|SALOME ELROD
870|LOUANN TORREBLANCA
871|MARNI ECKELS
872|ALTHEA MACARAIG
873|TIFFANEY ALGIER
874|BRONWYN CHERRIN
875|ARLINE CADDEN
876|KENNA CATCHING
877|PRISCILLA ROZZI
878|MARGERY ABILEZ
879|ALEXANDRA OLSTAD
880|ELOISE DEEDS
881|JUDI SABLE
882|EUGENIE PEACEMAKER
883|ARACELI LAPILA
884|NELLIE ACHANE
885|YUETTE MANFREDONIA
886|CLEMMIE HOFIUS
887|MERRIE LEVO
888|GEORGIANNA SHENEFIELD
889|JACKI DELASHAW
890|MARIAH WALLMAN
891|GAYLA STRASSBERG
892|TENISHA TUELLER
893|ELIDIA STEMMERMAN
894|ELLA BONNEY
895|TONYA GAMA
896|SERENA LAVERE
897|MERCY YAGODA
898|KERA TRITES
899|SHERRELL OAR
900|MARNIE WAH
901|MARIANNA ELEWA
902|JANIE CHANADY
903|MABELLE GIERUT
904|MARTINE BERGSTRESSER
905|TRESA SORGATZ
906|PEARL SCHNEBLY
907|CELESTINA EGLAND
908|YAEL DUDASIK
909|LESSIE DRUE
910|FLORANCE DRIES
911|AIMEE BEYT
912|IGNACIA PITTSENBARGER
913|GERALYN MONSANTO
914|JEWEL ARROYD
915|LEONORA SUDWEEKS
916|NETA PLINER
917|CAMERON MUSCARELLO
918|LATRINA FAILLA
919|TRACY BALDUZZI
920|CHRISTENE LONDO
921|AILENE VENTRELLA
922|MARIE GRIZZELL
923|PAM LARKAN
924|MERRILL LLORENS
925|ELEONOR SOOTER
926|SAM HESTER
927|NATASHA FRUGE
928|LETTY ROMACK
929|RUBIE DUBSON
930|CAROLYNN KURISU
931|FRANCINE FERRIS
932|EDIE SOLEY
933|CANDYCE ORAS
934|LASONYA ZARRINEH
935|XIAO MOROCCO
936|GWENDOLYN CLARKSTON
937|TAMMERA THARPE
938|DELCIE SCRO
939|AUDRIE LIFER
940|LORAINE ROGGENBAUM
941|GAIL BOUTIETTE
942|TILDA LIPPS
943|ZETTA HUMMINGBIRD
944|SINDY LOMUSCIO
945|MARGUERITE HARRIMAN
946|CAROLINA ROLPH
947|SABRINA BAUN
948|REBECKA HUSNI
949|ETHELYN CALDARELLA
950|JOSEPHINA VENT
951|SHANTELLE ZALLER
952|ASLEY ANDELMAN
953|NIKOLE SAVA
954|EUN VENUTO
955|FAUSTINA SPIOTTA
956|KANDICE MEND
957|CATHIE MANKEY
958|DACIA KATZER
959|DELAINE SHAFFNER
960|TRUDI LUEHRING
961|TOYA ZINIEWICZ
962|LORRINE MICHEAU
963|LEILA BOUWKAMP
964|LORIE LEYRA
965|DORETHA ELERY
966|CARLEE BRIARE
967|FERMINA DARINGTON
968|ARDELLA NORSEN
969|MARINDA FILIPPIDES
970|MAKEDA RHUDY
971|DEVONA CALLEGARI
972|CHAE MELEY
973|ELVINA WOHNER
974|ANTONIA GOWELL
975|OZELL MONSMA
976|LILIAN FITGERALD
977|ALEXA MANJARREZ
978|SHERILL LANESE
979|MARIELLA DELEONARDO
980|GLADYS HIGHFILL
981|LIEN PHETPHONGSY
982|BETTE RAVETTO
983|JOSPHINE TORRIJOS
984|VINITA MONNETT
985|CARMELINA HEINZERLING
986|AURORE RETHMAN
987|COLLETTE RANIERO
988|JEANNIE COOLEY
989|DORINDA CHAUSSE
990|FLORENE PINKINS
991|EHTEL STEIFLE
992|SHENITA ALBEE
993|CARLOS WARBURG
994|KAREY HAMELINCK
995|DOMENICA ALSTOTT
996|CHIA BYRO
997|CHRISTENE HOLBROOK
998|KARLENE DYMOND
999|MARYALICE ROSKO
1000|SHEILAH UONG
1001|OK CRAIB
1002|SUZANN PALSGROVE
1003|AIMEE MALZHAN
1004|ECHO WHITFILL
1005|ALYSA HOUSMAN
1006|DEONNA TAGLIERI
1007|JACINDA BLOMKER
1008|BEATA RISSE
1009|AMY SINOPOLI
1010|NOELLE MCCOACH
1011|LAVONE GLADSTONE
1012|VIVA BENEKE
1013|ADDIE LINGLEY
1014|ALISIA JAWOROWICZ
1015|CATINA SCHLUP
1016|SHAWN LOWEK
1017|LARITA HASBERRY
1018|SALINA MAHIN
1019|LUCRETIA BOLDT
1020|LAURETTE NILSEN
1021|ELVIA ROSBOROUGH
1022|CHERILYN LEBLANE
1023|WONDA KELLAN
1024|OCIE LOMU
1025|MALVINA UKNOWN
1026|ROSALINDA MESSAN
1027|LORRIANE DELMURO
1028|CHERYLE RAMELIZE
1029|MALISA MCGLOTHLIN
1030|BRINDA MIHOVK
1031|JOHNETTA ECONOMOU
1032|ARLA BEVERLIN
1033|MARIELA HODGE
1034|MAGDALENA CHARANIA
1035|MONA TEDEROUS
1036|AN YELL
1037|YESSENIA PLEIL
1038|CONCETTA STOCKNER
1039|ROSLYN VIGIER
1040|ELISE WIGHTMAN
1041|DULCE EICHINGER
1042|CHARLENE TESTER
1043|BUENA DOLLE
1044|MELISSA VOJTKO
1045|CARIE KINSLAND
1046|LIANE HEGLUND
1047|KATI MCCLURG
