0|ETTIE CAPPAERT
1|JACQUALINE GASSMAN
2|TAWANA GILBO
3|CHERRYL BAUGHEY
4|CARMELLA CRUTE
5|HOLLEY MOLLY
6|MAGGIE PEETZ
7|MIYOKO SANDROWICZ
8|MADGE RUHENKAMP
9|OPHELIA FILYAW
10|NORINE COTTINGHAM
11|MERLE NARRON
12|LASHUNDA LOZIER
13|SHAYLA FLEGLE
14|EMOGENE WEISSER
15|TRESSIE WITWER
16|JOLENE WHITED
17|KENA SANDMEIER
18|LIZETTE KAINZ
19|JOANNA MIENTKA
20|CHARISE PONCIO
21|KANDY GRUNDMEIER
22|DEB MALLO
23|MERCY AURORA
24|MERI ZIEBART
25|JUSTINA DIORIO
26|MIGUELINA VALERIE
27|ELISHA WINGERTER
28|ALIA SCULLAWL
29|EVELINA CREDO
30|MAIA LAUBY
31|JAIMIE ESMONT
32|GILMA VERDUZCO
33|GAYLA THORNDIKE
34|MACKENZIE ANTHIS
35|TANDY BEVERLY
36|BEBE MCMACKIN
37|EBONIE ZUREK
38|ERLENE NAY
39|GENEVIVE KRAMP
40|JEANMARIE KARDOS
41|ARIANA BLOOMINGDALE
42|MARQUETTA PAUP
43|DONALD LEFEVER
44|INEZ GAMBINO
45|AIMEE TROJECKI
46|TARA BINA
47|SOO LYLES
48|MERILYN GASTELO
49|CLEMENTINE GLASGLOW
50|CANDY ARCURI
51|ALAINE BOULDIN
52|SU GAITOR
53|MERCY FLINSPACH
54|ROZANNE DIPPEL
55|SOFIA VOUNAS
56|VINCENZA AMENTA
57|FRANCES HEATER
58|KRISTINA LAHAR
59|RETHA LEFEVER
60|GINETTE SROCK
61|TOVA LABRUNE
62|GLENN RECKARD
63|JOHNETTE BABINO
64|ELOUISE PARADISO
65|NYDIA DENOON
66|CARMELITA BANEZ
67|VINCENZA NGHE
68|KELLI PNIEWSKI
69|KRISTEL HALPAINY
70|TAMERA DEDERICH
71|ALBERTINA ESCORT
72|DANELLE RENGEL
73|LANNIE GRISHABER
74|MARGERY RANDELL
75|JACQULYN HELFERT
76|MIRA RASPBERRY
77|ARA MANY
78|MARIELLA PEREGOY
79|SAU WIXON
80|REIKO WIGGIN
81|SHANELLE BABINSKI
82|ELENORA HEADEN
83|KIMBERY BARTHOLIC
84|JEANETTE KOZIK
85|THALIA CAMBURN
86|GRETA CAULFIELD
87|ELLI ZORKO
88|FUMIKO ELIEFF
89|KATHLINE BARIMAH
90|JACQUI LAPETE
91|HERTHA GARSKE
92|YUONNE DIEFENBACH
93|AUNDREA GAMMOND
94|BETSY SPEASE
95|JILL KARPOWICH
96|KELLYE REIDENBACH
97|RIVKA INGHAM
98|KAMALA KOPLIN
99|ANNALISA SPANNUTH
100|SHAUNTA BARFOOT
101|GABRIELA ANTIGNANI
102|LATONIA CAUFIELD
103|HILMA BORSA
104|MITSUE CARRISALEZ
105|KAMALA SUAAVA
106|TOSHIA MINTZER
107|HERMINIA TILLEMAN
108|MANUELA MCCALLOUGH
109|FREDIA BELLEFEUILLE
110|MARANDA SCIRCLE
111|VELMA HEYBROCK
112|CARROLL TUDRUJ
113|JUNE IPPOLITO
114|ADRIANNA BURGARDT
115|ANGELA COCKBURN
116|FERMINA THOME
117|TIA ZOLA
118|CARIDAD STELTING
119|NOEL HARRIGER
120|SHELLEY RUDDY
121|GOLDIE HORSEFORD
122|ARGELIA BAUZA
123|JULIANE NOWITZKE
124|ANNETTA SEGAWA
125|BARBRA HIGHTREE
126|NGAN KINGHORN
127|BRITTNI DICKERMAN
128|GINGER MONTIERTH
129|SHANON KUSSMAN
130|KASSANDRA SPREHE
131|AARON BARSCH
132|BERENICE JEWELS
133|SHIRA SENEMOUNNARAT
134|ANASTACIA LOWCKS
135|FLORENCE OFFIELD
136|ANA SKILLERN
137|DALLAS MOROCK
138|CELESTINA KIRKLEY
139|BEV KLOOS
140|BARBIE WARENS
141|YU DEJONGH
142|JODY RING
143|MICKI OBERLIN
144|SHOSHANA WITHERBEE
145|ALLA MORROW
146|SHARRON ETZLER
147|SUNNY DUTCHOVER
148|JUANA DEMBINSKI
149|ROSALVA MITTLESTADT
150|GALA VERNAGLIA
151|CASSIE KLINGAMAN
152|CORLISS HENNEY
153|JENE DITTO
154|SHARDA TRUBEY
155|SATURNINA POMA
156|KIRA DRAINE
157|AZUCENA ZAMAN
158|FELICITAS HOLAWAY
159|GERTRUD SHACKELFORD
160|BEULAH BAINTER
161|REGINA GARTIN
162|ROMANA MALLONEE
163|KARLYN MASELLA
164|ROSINA REVERMANN
165|FAY EHRMAN
166|RAISA DEROUIN
167|HALEY PAUDA
168|JACQUI RUSSEK
169|LAURENE VINT
170|PHILOMENA STREMCHA
171|CORA KUHTA
172|KEITHA TRETTIN
173|SINA OLES
174|SIXTA BURDIER
175|GRETA BIANCO
176|MARTIN MAGLIO
177|JULI DUPPSTADT
178|TIESHA OILER
179|LUETTA KUB
180|KAYLENE POMIECKO
181|AUDRA GUDERIAN
182|SIMONE SOBOLEWSKI
183|BLYTHE PINKHAM
184|MILLICENT VIVEROS
185|TAMA MALANEY
186|TRUDI POKALLAS
187|KRYSTAL LICARI
188|KATHE STINE
189|CHANTELLE KEENETH
190|RACHELL GAHL
191|BRINDA JEFFRESS
192|ELINORE ANGEL
193|ALYSIA KRIENER
194|CINDI PLAISTED
195|LAVERN HEGGOOD
196|ROXANNE TITZE
197|LUCINDA MCGAHEE
198|DEONNA MONTORE
199|HELLEN HARLEY
200|MIKE SOLAR
201|SKYE PINKERT
202|CONSTANCE ENGELSMAN
203|DORETTA KONRUFF
204|BRYNN CAROLLO
205|MAGDALENE TOMASEK
206|NATASHIA LIMON
207|CAROLANN SWANSBROUGH
208|RAMONA RASICO
209|MARIS CROSSIN
210|PATTY WITTIG
211|OLA HELT
212|DANNETTE TISBY
213|GAYNELL WOODROME
214|KRISTIN SEEWALD
215|NIA DAREY
216|LUANNA NUNLEY
217|JERILYN CHINDLUND
218|DREMA STOUGH
219|VERLIE MCELDOWNEY
220|CANDIDA SINGLETARY
221|MAMMIE BERGSMAN
222|KRISTINA CLAUSEN
223|TANJA SCHER
224|KATERINE BOWAN
225|ROSALINE JASPER
226|VIVAN TUDER
227|VILMA MICHAUX
228|KARISA EBESU
229|ISIDRA MARKEWICH
230|NOELIA HUNGER
231|JOETTE ORLOW
232|DEMETRIA REPPOND
233|KAROL HOLTMANN
234|ADELIA ALTIMUS
235|BLAIR GOSTON
236|LILLIAN MOUZAS
237|MANA PRICKETT
238|OLEVIA CASSELMAN
239|REYNA MOOBERRY
240|TABETHA OLIS
241|MALVINA DANOS
242|CATHARINE PURPURA
243|ELNA DOWNARD
244|ELA GERACI
245|SHELLEY AGUINAGA
246|ROSALBA DADDS
247|DALILA LAITILA
248|GISELA TOMSPON
249|ANDREW ESKA
250|MARHTA CURIO
251|CARLOTA RYCHLICKI
252|EMERITA PICKLES
253|VIRGIL KRUMBHOLZ
254|AMI COPLAND
255|PETRINA HAYWORD
256|VENNIE RANCIFER
257|SHARI HANNEMAN
258|LIZZETTE MARCEY
259|LORENZA MARGOSIAN
260|RONALD SAUVAGE
261|KANDIS EBBESEN
262|DARLINE PEPPLER
263|JOLIE NIESMAN
264|IVY PITMAN
265|JERILYN COY
266|ORALEE WESTERBECK
267|VONCILE MATURI
268|MELISSA PUHRMAN
269|SHARYN DWECK
270|MEREDITH GUILBE
271|NICKI ACLY
272|JENETTE MICHAND
273|ILENE DEYOE
274|MEDA STANDBERRY
275|KENDA FAVILLE
276|BRYANNA GLASNER
277|CONSUELA UMBACH
278|MADELENE MEHTA
279|JENNA GRISHAN
280|TRUDY MARALDO
281|ALAINE LADD
282|DORI QUIRKE
283|SHARLEEN WAKEHAM
284|JOANE CAPAROULA
285|MISHA REVERING
286|EUGENA FLICK
287|FREDDA TSUTSUMI
288|BARBIE FOXWORTH
289|MERI MICHNIAK
290|SYREETA PENNELLO
291|KIMBERLY HOSHALL
292|DONG STOLBERG
293|KRISTIN MENCL
294|WILLETTE CHUPP
295|VALERY PORRECA
296|LAWANNA METTING
297|SADYE LAING
298|MICHEL OVERWEG
299|DANICA KOFFMAN
300|CHERRI VILES
301|MARI MACARTNEY
302|WILHELMINA SOLLARS
303|BLONDELL CORVI
304|ALLIE CUCCARO
305|CLARICE GARGAN
306|SHANEL STUCKY
307|EDA MAZUERA
308|ERINN VIETS
309|WILLENE SPRATLEY
310|ERLINE PLEMONS
311|JOSIE HERLONG
312|MILDA LEAIRD
313|ZORA DARING
314|CARLEEN ATTINGER
315|FAUSTINA LANGSDALE
316|VANESSA MCKELPHIN
317|STACI GLASSCO
318|PING GRETZNER
319|ELLEN ROYCE
320|DEMETRA PENNING
321|SHARICE SURRETTE
322|ANDRA MONEGRO
323|VERNA BLAINE
324|SHAKITA LEISCH
325|AMERICA WANEK
326|MARCELINE LEGATH
327|MARINE BAAR
328|FIONA PHALEN
329|YULANDA FEERICK
330|MARCELLA SCINTO
331|ALEX MARKO
332|AURORA POPI
333|LENNIE LANDRY
334|MITZIE VEHRS
335|ERIKA SALAMONE
336|LILI GREENEN
337|KYLEE BIRNER
338|RYAN RACKI
339|MICHELE SOWA
340|GAYLE BOUCHEY
341|FRANCISCO LUVENE
342|TOCCARA MAMROS
343|MARIANNA BAN
344|JACQUIE WOODARD
345|FELECIA DIRR
346|RUTHANN ZAPPOLO
347|KARRY BENDURE
348|ANNAMAE ALTES
349|RUFINA JIMENZ
350|SOMER BLAUM
351|KIZZY HATCHEL
352|DANYELLE LABARO
353|ELIZBETH PASCHER
354|JAUNITA STEVINSON
355|DEDE GUGERTY
356|LOURIE WHARFF
357|JESICA HANVILLE
358|HAZEL DISCIPIO
359|CHARISSE SIMPELO
360|KAZUKO DETTLING
361|REFUGIO KETZLER
362|ARIELLE REBERT
363|GEMMA WITTER
364|GILMA STREVELS
365|THOMASINA ALGE
366|ALMEDA LARABELL
367|DARCI MURASSO
368|DONELLA PETTIPAS
369|JAE GLYMPH
370|DELPHIA WOLVIN
371|MAGALI SHIFRIN
372|JACLYN WIMBLEY
373|LAURETTE MILEWSKI
374|CAROLA ALLRIDGE
375|MALVINA MUCKLEROY
376|ANNAMARIE DOMMER
377|ZELLA RHIM
378|DIANNA TOPICK
379|PARTHENIA BURMEISTER
380|LEANA MACGILLIVRAY
381|SHIN ESSAFF
382|FRAN CLIPPARD
383|GITA STRAIT
384|EDDIE RINEHARDT
385|BLANCH CARRAZCO
386|MANUELA FAUNTLEROY
387|MARCELLA KILLINGS
388|SHAMEKA MACHAMER
389|AFTON ANDRESS
390|ALBA AMBROSIUS
391|ANITRA RIDENER
392|ETTIE NANIA
393|KESHA STEGER
394|SHARA BISCHOF
395|KIMBERLEY MOLLEKER
396|CARRI ROOKS
397|DENAE BOSTEN
398|JOYCELYN ANGOLO
399|TRAN SAGRERA
400|CHASTITY DEANGELO
401|ALFREDA BOETCHER
402|SHONDA LARSSON
403|LAVONA ABO
404|CARLOS MAROTZ
405|SAMIRA EDMONDSON
406|ARMINDA COAN
407|ARIANNA TAGS
408|KEREN MATAKA
409|BREANN COCO
410|ELENA SEWYERD
411|JAN TURBIN
412|SHONDRA GLIMP
413|MARCI GULYAS
414|TEMEKA LOPZE
415|ADENA ACOSTO
416|HEIDY MCNEW
417|VONNIE MARTON
418|HONG SEBESTA
419|LEO HOEPPNER
420|LONI GDOVIN
421|LILIAN BAINTER
422|SCOTT PARTMANN
423|SHAYNE RUSSIAN
424|MARILU MOGUSH
425|IRINA MAHRAUN
426|GIGI PAHNKE
427|SOON PIZZA
428|LUDIE TEPLEY
429|BECKI LOGUIDICE
430|KRISTIAN WELDE
431|EULALIA ARRIAZA
432|DORIE KOMINEK
433|RUTHA WHITEMAN
434|DANA PETTAS
435|FANNY ZELE
436|ELENA KANDER
437|ELFRIEDA BORKIN
438|ELVIA KLEI
439|MILAGROS PANORA
440|DANETTE MARTINELL
441|TAMEIKA SKOMO
442|YOKO OATES
443|MADELYN LACOURSE
444|MAMMIE GEWANT
445|VERNIE SHOCKEY
