0|HANNELORE TISSOT
1|NEVA EGELAND
2|TAJUANA MATTHEW
3|REBECCA MAGNESS
4|MERIDETH RIGGINS
5|WHITLEY CASARENO
6|DENNA ZIBELL
7|CONCEPTION BOSTWICK
8|JANNA NATALE
9|LAVERA ROSATI
10|YOLANDO KEMNITZ
11|DORA HIRAO
12|ALESHIA LADEAU
13|BERTHA GUIER
14|LARRY DESOTO
15|KARLENE GOATES
16|TORRIE JONHSON
17|MINNA SMISEK
18|MARLANA KLAAMEYER
19|FLETA GERHAUSER
20|MAYBELL VIXAY
21|THRESA SIMMONDS
22|JAY YERIAN
23|MARYANNE KRANCE
24|CHANDA ANIS
25|JEANETT EASTON
26|BERTA SOTHEN
27|FLETA HOLDY
28|SANORA RONS
29|NADA ROVER
30|ANA REMIS
31|SIU TREVILLIAN
32|FLO GUTTIEREZ
33|CRISSY CYPERT
34|CORRIN MCILWRAITH
35|MARIVEL GETTIG
36|OCTAVIA MENTO
37|LYNDIA COGGSDALE
38|MARGURITE DALAQ
39|LIANA SHEIDLER
40|ELLAMAE OMARAH
41|LEIGHA MARKHAM
42|DENA PILLIPS
43|GHISLAINE HILGEMAN
44|MARGUERITA DIMMER
45|ROWENA JASKOLSKI
46|CATHARINE HOLLARN
47|YEN EDU
48|TANA BEERMAN
49|LOIS GOTTO
50|JAE WAYGOOD
51|REITA LEXER
52|KEVA STEINLICHT
53|ERMELINDA MANOCCHIO
54|SHOSHANA GINGERICH
55|ESTRELLA WEAVERS
56|RUBYE CELIA
57|YING MIOTKE
58|TASHA WAMBOLDT
59|GILLIAN RAKICH
60|CHARITA MURA
61|LINSEY COADY
62|JUDIE WALES
63|CANDRA ZEHERQUIST
64|SHIELA LANGSTON
65|SARAH FISICHELLA
66|ANISHA NEWHOOK
67|RENAY SZCZUREK
68|ASUNCION DEROSSET
69|ANNETTA TELESCO
70|DREAMA REHBERGER
71|ELOIS CHANDRASEKARA
72|JOAN PHARRIS
73|CAROLANN DEPASQUALE
74|MARLANA VANBEVEREN
75|ALEISHA BOZZO
76|ALVINA DURLEY
77|XOCHITL BULOSAN
78|JAUNITA JAKEMAN
79|ELEANORA HOLDT
80|MENDY LABONNE
81|KASIE DIAZDELEON
82|TOMEKA TAMARO
83|YONG CIAMPANELLA
84|LETICIA ELBAUM
85|MARVA GEBBIE
86|DIONNE NEUBAUM
87|JULIANE FRIEDRICHS
88|JENNA JOZWIAK
89|RONA REMFERT
90|DEDE BECKLER
91|JACQUE TRUDEL
92|MELYNDA MOTLEY
93|TEISHA MCATEE
94|LACHELLE KEERAN
95|JAYNA WOODROME
96|MARLIN DEFORREST
97|NAIDA CIRIACO
98|JOAN SHETLEY
99|DELILAH SIX
100|BARRIE CEGIELSKI
101|WAVA COLOMBA
102|MAGNOLIA MCKELLOP
103|AUGUSTA RODRIGUS
104|JAMEY MOLLEDA
105|DEMETRIA CHISEM
106|HASSIE NABERS
107|LORRIANE JOMES
108|AUGUSTINA NOSEL
109|KOURTNEY POLITZ
110|ALEXANDRA LAWRANCE
111|EMELY CHALOW
112|MELIDA SARTELL
113|DANETTE LALAND
114|MAKEDA SALONEK
115|MARG BALBAS
116|BLAKE DELLAPORTA
117|NORIKO WOLSEY
118|DEMETRIA LANGANKE
119|VANETTA KROME
120|TIFFINY CHAMBLEE
121|KARREN CAPPAS
122|SYREETA POLLAN
123|VIKI CRAIL
124|MADDIE BOMMARITO
125|MARNI HALPIN
126|RAEANN LILLA
127|DORA YAMBO
128|ALTA ARITA
129|JOSEFA DYAR
130|MARYROSE SLUDER
131|CINDERELLA JUNGLING
132|SHERELL CODDE
133|GABRIELLE TU
134|GIA CHAMLEY
135|DIANA SHIRLEY
136|ARLENE BLUTO
137|JULI NOGOSEK
138|CARITA HAYDON
139|ELFREDA ELIAN
140|SHERRYL BOESER
141|LYNNA PRATHER
142|ANGELYN ELLDREGE
143|JOLYNN BRUNER
144|GISELA GLANZMAN
145|CATHLEEN CUTRIGHT
146|TREASA HARLEY
147|ARDELLE ZOLLO
148|MYRLE WEIGEL
149|DREMA STOLZ
150|BETH HAZARIKA
151|KEISHA SAPPINGTON
152|ROBBIN TERNULLO
153|FRANCENE BOTELHO
154|JENI FORSHA
155|SHIN ERDELT
156|KATHERYN ENSEL
157|ROBENA HARTSHORN
158|LORIA SCOTLAND
159|CHERI DISHMAN
160|CAROLINE NEELD
161|MIA GUCKER
162|LEONORA SEVERANCE
163|LYDA MANCIEL
164|JIMMIE NILSEN
165|ALLISON STRIEGEL
166|GIUSEPPINA LIEU
167|LUCILA KAUFMANN
168|KATRICE HUCK
169|BRIANNA CAIRO
170|MARX MULVANEY
171|EVANGELINE AHMED
172|YAEL FUSTON
173|JEWELL LEGAARD
174|SELENE MAGBY
175|VALRIE BUSEMAN
176|RAMONITA HOKETT
177|LYLA COPSTEAD
178|CHARLOTTE SCHWENDEMAN
179|JACK GIBBON
180|LACRESHA KAPUSNIAK
181|LAURETTE HIRNEISE
182|SHARON PERARO
183|LAKEESHA STOWBRIDGE
184|SHERA SESSOMS
185|CLELIA ARENSTAM
186|SHAUNA MCSWEENEY
187|MELANY WOJCIK
188|MARGE ROULHAC
189|MERRILL ROMPF
190|SHANNON BUCCO
191|LASHUNDA RIDENER
192|SHAWANDA ROBISON
193|LACIE RODRGUEZ
194|TOVA OAKMAN
195|DEVORAH RUZYCKI
196|DODIE EICHELBERGER
197|JACQUILINE FRONDUTI
198|DEEDEE DONATH
199|AARON PURTLE
200|SORAYA BEYENE
201|JEANNINE LABBIE
202|HILDRED MACIAK
203|JAIMEE HARUTUNIAN
204|KATHERIN GORRINGE
205|CRIS BONVENTRE
206|MALINDA FABRO
207|SUMMER WALDHOFF
208|SHERRYL WARMBRODT
209|TOMMIE PILLE
210|VETA SEPTELKA
211|ZELMA ELLERBUSCH
212|GERTRUDIS SHAKOOR
213|MERNA WALLWORK
214|RANDA HARREN
215|SHANON TAI
216|EILENE TEGTMEYER
217|YOSHIE COLANTONIO
218|VEDA NAVARETE
219|JENNI DARTING
220|CHERRI PINKETT
221|TRESSIE SKAARE
222|CLOTILDE HACHER
223|CATHRINE BEDNAROWICZ
224|HELENE FAMBROUGH
225|DOMINGA ESTOK
226|ADELAIDA WHTIE
227|JANENE CUELLO
228|LISETTE DERRY
229|KAY GALLODORO
230|GREGORIA LUCCI
231|ZENIA BLAZER
232|MAISHA ALERTE
233|VIVIENNE HUNSICKER
234|KACY PRAMUK
235|MARCELENE WINNER
236|MINDY SHAWE
237|DIEDRE KUCHA
238|EVITA GOSWAMI
239|OZELLA BAUGHER
240|TANESHA BUEGLER
241|PAULITA VERRONE
242|SABRA OLOFSON
243|DIANNE KORALEWSKI
244|NILSA TOMAN
245|AUDIE TORDSEN
246|LUVENIA SIDUR
247|TERESIA ROGNE
248|VELVA FERRITER
249|ROSALINE SKIPPER
250|ROBBIN APREA
251|LAVERNE URIVE
252|CLORA PELMAN
253|MARGUERITE CURBEAM
254|KIERSTEN RYMES
255|VALERI BRINDLEY
256|GINETTE IODICE
257|DEANDREA LINCK
258|VERNA FORCINO
259|SHIRLEY HANNEN
260|KARLA MALAMUD
261|SANTA CHEATER
262|SAUNDRA DRAKES
263|PETER CERVENY
264|REGAN BRAMSON
265|MINH ZARLINGO
266|KIYOKO BATAS
267|TAMI BACHA
268|KENYETTA AGER
269|ROSELYN GOERTZ
270|VINITA NIEHAUS
271|JAMILA JANITZ
272|PAMULA ROTHCHILD
273|ANNIKA KRONINGER
274|KIMBERLEE LUSTBERG
275|CAROLANN ECHARD
276|COREEN ZABBO
277|TEMIKA CHHEANG
278|CASSI VOTRAW
279|RENATA BRUNSTON
280|ADELINA FOKS
281|MAY BRALEY
282|JACQUILINE THAN
283|AUNDREA SCHWABE
284|DEMETRA HOLDER
285|MARILOU SKALICKY
286|ALTA WAINMAN
287|CANDACE BELLANTONE
288|JONI ATTWELL
289|RICARDA BRESSE
290|ALLENA FLORIS
291|ARIANE CARDANI
292|MARISSA LEITHEISER
293|KAYE FIELDS
294|BREE NIVES
295|SHARA STUMM
296|CHUN ROSELLO
297|REA BLOOMBERG
298|CHAU JOECKS
299|KALA VINYARD
300|HA VANDERWEERD
301|ANASTACIA SALTZGABER
302|WANETA POPAT
303|DORIE TOMSPON
304|NORMAN BRODI
305|CARI SULZEN
306|DOREATHA DUMAG
307|WYNELL TROTTIER
308|CORLISS MADDOCK
309|ROCHELLE HOUSLEY
310|LILI WADELL
311|REA SHOREY
312|LAURAN PAYES
313|GAYE ELLERD
314|JACKLYN MENHENNETT
315|MILDA TINNEA
316|FREDERICA JONG
317|FELICA MIKELSON
318|ELA TALAMANTES
319|MILLIE ECKELS
320|RENETTA CUBAS
321|GERALD SILBERNAGEL
322|ROXANE SANBERG
323|CLORA DRUE
324|SHAN SEFEROVIC
325|VERA TUBERTINI
326|ALETA PROTAS
327|LYNSEY GULYAS
328|MANDA CABRAR
329|LOUETTA KEXEL
330|MAIA LADAKAKOS
331|GARNETT SOBOTA
332|KATERINE AIEVOLI
333|VERNETTA VILLASIS
334|MAY SOROA
335|MARTA GRUSE
336|SHELLEY HARRALD
337|BRITT KOZICKI
338|RUTHA SLITER
339|CARIN REIKOWSKY
340|CHRISTI WELLSPEAK
341|LATISHA TODY
342|LAVINA BEKER
343|BERNARDA GOODER
344|SHAE VELLER
345|ALLEEN WYNDHAM
346|STEFANI ASHWELL
347|BERNARDINE EMLER
348|TIANA GRAUER
349|LEA KANIPE
350|MALVINA GALBO
351|DESSIE WALLIS
352|TAMRA CHASEY
353|EMELIA KRISHUN
354|LAURA PHOUBANDITH
355|JACQULYN LAPHAM
356|LASHANDA HIMELSTEIN
357|LORY CARDONO
358|KINDRA SANTOYA
359|SILVANA BILLAFUERTE
360|FANNY SZALA
361|GLAYDS REULAND
362|AIDE KIEKBUSCH
363|KARA HUNSAKER
364|PHEBE BRODNAX
365|NUMBERS BANTUG
366|PATIENCE CALVANI
367|CASSY DEWYSE
368|DENEEN MARREN
369|VERDIE THAYN
370|TARYN POLANSKY
371|YANIRA MOUSA
372|YEVETTE CHUA
373|RONA SCHWERY
374|KELSI HEFNER
375|SHAWANNA GOODWIN
376|ELEANORA WACHT
377|JESUSA BURGARD
378|ELAINA PILLIPS
379|HAYLEY ISETT
380|ANNIE KREAGER
381|LATONYA ELDERIDGE
382|ROMELIA PECK
383|MALISSA DUNN
384|EVIE MADDERN
385|TAMIKO PENKINS
386|DORTHY CORR
387|MA MOE
388|EVON AGUIRE
389|CAMELIA CIESLAK
390|TUYET MCSPARREN
391|LORRIE MCCLUNEY
392|ETTA STAENGLEN
393|CORY STAUNTON
394|GENIA YOUNGDAHL
395|TOMMYE SOULASINH
396|LESLI KOPSHO
397|NATALIA GONZALES
398|SHERLENE SCHNICK
399|KAREN SPACKMAN
400|HAILEY RUZICH
401|LILLIAM PACHOLSKI
402|FRANCE SCRIVEN
403|NAOMA BLAESE
404|ETHA STRIBLING
405|GRETA DILAURA
406|OUIDA KLAPHAKE
407|LETTY LIENG
408|HERMINIA SCZBECKI
409|LUZ SALVERSON
410|DELINDA SKOIEN
411|MERILYN WORLEY
412|RUTHE PRAML
413|JOAN VORSBURGH
414|RETHA PRATER
415|NELLIE ELLERD
416|BRITT CARRATURO
417|AUDRA ARRUDA
418|JOLENE FENK
419|NORA MONCRIEFFE
420|BRITTANIE PALIN
421|JACQUE MOLTON
422|DOT BOTHNER
423|ONITA FEERICK
424|SHARRI RAJK
425|FRANCOISE SPOTO
426|MANDIE NERNEY
427|MANDI FRANC
428|WILLIE DONHAM
429|DANELLE ZELNICK
430|BLAIR STOUTAMIRE
431|FIDELIA HIRLEMAN
432|CORINNA METOYER
433|NGAN RADAR
434|CARMINA HANDT
435|EVELIA LACSAMANA
436|ODESSA AURICH
437|DONNETTA SARATE
438|VENICE RIEG
439|SARI MACCALLUM
440|SIGNE BOSEMAN
441|FRANCE ROGNE
442|CHIN TREAR
443|YURIKO MANGIAMELE
444|LATISHA CHAUNCEY
445|DEEANNA MAKEPEACE
446|LUISE SILUIS
447|ARETHA DOUGLASS
448|CODI BISCHOF
449|LONNA DAFONTE
450|NIKKI DAVERS
451|DENNA SETHI
452|ADALINE POROWSKI
453|CECILIA KOVACICH
454|WANDA WIMBER
455|DESIRE ADOLF
456|LEWIS ARY
457|ESTEFANA BIBO
458|CLAUDIA SAWHILL
459|NELDA GERSTEIN
460|JIMMIE DIGIACOMO
461|MIKA GRENET
462|TEOFILA MARTINEZ
463|RIVA COLADONATO
464|NANNIE THICKE
465|ARLINDA SCHUTTER
466|ILEANA BALLENGEE
467|KATLYN DECK
468|CELENA REMENTER
469|LIDA MASTROMARINO
470|JENIFFER CHILINSKAS
471|ANGELIQUE TASSO
472|MEAGAN SUND
473|SEE RICHISON
474|MARGIE SEITZ
475|JACALYN WEATHERHOLTZ
476|JENIFER KUMMER
477|CLARA GRANILLO
478|GABRIELA SODINI
479|MARIANNE GAUZE
480|KARRIE PRIZIO
481|YANIRA MAHAXAY
482|VIRGIE GALINDEZ
483|ARMINDA RIAN
484|GOLDEN BERRYHILL
485|GIOVANNA DARING
486|KRISTIN MEDDAUGH
487|TENNILLE MANS
488|LEENA FURCRON
489|LYNDSAY VANDERWEGE
490|KELSIE STEPAN
491|LUZ MOURITSEN
492|TINA EBEL
493|THORA DAIGNEAULT
494|ENDA EDEM
495|SIMONA CLAEYS
496|DORETTA FERGERSON
497|KAYCEE SABLEA
498|DANIELLA COME
499|ISIS JONASON
500|EDWARD BIXLER
501|ANDREE HOFFEE
502|NORAH LYKE
503|JAMIKA KELCHNER
504|VANDA EMICK
505|DORINDA LORING
506|NELLY BUREL
507|YON MARQUESS
508|CONSUELA MISENER
509|MODESTA BRIGGES
510|HERLINDA MACKILLOP
511|ILEEN RICO
512|JEANNE PAGLIARINI
513|VENETTA SARKAR
514|ANNETTA HIMMONS
515|TWANNA HEVESSY
516|YANG BERTUCCI
517|ANNICE HEGGEN
518|VONNIE FOLKNER
519|NEVADA KILLEN
520|MALVINA GIFT
521|MARA MURCH
522|ROSANA DUPLAGA
523|GLORY MELBY
524|ODELL VANDEVERE
525|KAM TUOHEY
526|SAMMY GUZY
527|SHONTA DEHAAS
528|ESMERALDA MANGAS
529|ROSALIA CHIQUITO
530|ISABELL FARUOLO
531|CHANA MASCIANTONIO
532|JAQUELINE BABBITT
533|EMILIE HARTERT
534|SUEANN PEDIGO
535|RANEE CALRK
536|DIONNE WREN
537|MARGHERITA GARRE
538|CINDIE DOLLOFF
539|MINTA SKAFIDAS
540|BRANDI CHAPEK
541|KAYE WERNLI
542|DAPHNE CHAIDY
543|JOHANA GAHR
544|MAIA KECSKES
545|KEILA FRYDAY
546|ANJELICA BIBEAU
547|CINDERELLA MARLATT
548|HANNA GADBOIS
549|ROZANNE NICHELL
550|ROSALYN TEKIPPE
551|RONI PRAIRIE
552|THEOLA TABOADA
553|NATALIA MCCAMAN
554|YOKO KUCHARSKI
555|ROSARIO SCHMELZLE
556|LANNIE REDHEAD
557|AWILDA COCKREHAM
558|KAROL GOODSELL
559|ROMONA BASTARDI
560|AUDREY KILEY
561|JESUSITA KARNATH
562|VENUS FISCHHABER
563|SHELLEY WIGGENS
564|TAJUANA HERRUD
565|AUGUSTINE BIRDSALL
566|MYRLE GAVULA
567|LOREE POUR
568|LOLITA GREBIN
569|ANDREA KADLUBOWSKI
570|AZALEE COZAD
571|KARRIE DOTHARD
572|TIFFINY ROSU
573|ARMINDA ISIORDIA
574|LASHON MUNOZ
575|PURA DESCHENE
576|CHELSEA XYONG
577|ETHA CORNUTT
578|ALI BAGEANT
579|CIRA TURRUBIARTES
580|FRANCENE BALKO
581|LANE BALISTRIERI
582|WINNIFRED AUER
583|LATRISHA MORAR
584|XUAN WIENBERG
585|SHANDA BROXTERMAN
586|JOSEFINE BERKEN
587|MARYLEE HANISCH
588|REYNA SLUSSER
589|JANNA FERRIS
590|RANDI BERG
591|REGINIA BALD
592|YASMINE SKOLFIELD
593|DENISHA HOMRICH
594|MACHELLE KALK
595|JOLINE ISHERWOOD
596|SAMUEL LISTA
597|RANAE BALTHAZOR
598|JENNEFER TRIBOU
599|JANEAN SHABOT
600|TRUDY BARGAS
601|TONIA BUNTING
602|JOHANA SCUDIERI
603|OUIDA MCCANDREW
604|LASHAWNDA BUNGO
605|CATHERYN HOSFIELD
606|BRANDA POSTUCI
607|REVA MURRIEL
608|PRUDENCE AVETISYAN
609|ALITA BERGERT
610|MARYJO HOLLINGHEAD
611|NICHOLE BARTHA
612|ETHEL UIHLEIN
613|KARINE VAUDRAIN
614|CECILE SEID
615|ANDREA BURELL
616|ALISHIA STRAUGHTER
617|TYRA SCHWIEGER
618|TIMOTHY ROSKY
619|GEORGE SHOVE
620|CHERRI SANDHU
621|ANTHONY CARNER
622|CHRISTINA LOUDENSLAGER
623|CLEMENTINA FRYREAR
624|ANETTE OXNER
625|IOLA COVA
626|FRANCHESCA FLOURNEY
627|BONNY VANOLINDA
628|ELENA KLINGER
629|WYNONA SUMAN
630|FREDERICKA LEANARD
631|VIVIENNE PARADY
632|ELLY BIRKENHEAD
633|JACQUILINE ZEA
634|THOMASINE MCCLAIN
635|FAVIOLA JEFFERIES
636|PAMALA GUILIANI
637|JENIFER AFANADOR
638|KENYA GALLERO
639|ALLINE AXON
640|SIRENA MERILOS
641|ROXY CAGUIMBAL
642|DELILAH TENNYSON
643|SELENE RENDEROS
644|LUCINDA BUCKMAN
645|TAMMARA DESO
646|SKYE CRAY
647|VALERIE FRANQUI
648|DAYSI CARBACK
649|MICHAL MEINERDING
650|LALA KEGEL
651|LAYLA BORROLLI
652|KERRI ARLIA
653|MARYBETH SURRENCY
654|TEENA MEVIS
655|MYRTLE KINTER
656|SHILA PUFFENBARGER
657|RUBY LAVELLE
658|JULE PITHAN
659|LYNDSAY CORTESI
660|AZUCENA MCMILLIAN
661|ARMINDA MILOT
662|LATONYA BRANSTAD
663|ILIANA HAGEMAN
664|LAURENE LEVITT
665|DUNG KOLLMAN
666|TOMIKO MESTRE
667|SUZETTE BROGLEY
668|KATHLEEN SCHMITKE
669|CALLIE OSTERLUND
670|PHUONG SHOTTS
671|CORDIE MAHLE
672|CODI LINDERSMITH
673|LONA BEARUP
674|SHARONDA MERICKEL
675|HEIKE BATES
676|DELAINE MEDUS
677|DORETHA WOSHER
678|MARYJANE SWEETIN
679|MELODI DERTING
680|CHEREE AKBARI
681|TERRILYN WYZARD
682|NANCEY YEOMANS
683|PERLA SUVADA
684|HALINA ARGUIJO
685|KARRIE KRAVETS
686|RAYLENE GUDROE
687|ELSA SCHWIER
688|LEEANNA MEKEEL
689|KATHARINA DALEE
690|MARGARITA BESSENT
691|CORRIN MAMMO
692|KARISA CLINGMAN
693|MERIDITH STENNETT
694|MILLY CABRIALES
695|FREDRICKA HELLINGS
696|KATY MCEWIN
697|ELVIRA CATE
698|LUANNA SCHEMBER
699|JAME CONERY
700|REENA KEHL
701|SHIRLY MCLERRAN
702|PAIGE CIASCHI
703|BELLE LUMMIS
704|ARDELLE RAHL
705|CAMIE BORDENKIRCHER
706|SHELBY BADDOUR
707|DEEDEE BESEN
708|DAYSI FROM
709|SHAWNA BYBEL
710|JACQUELINE DIAMICO
711|AJA DUPRAS
712|RAISA EUVRARD
713|VEDA SCHANBACHER
714|ELIZABETH ROBIE
715|ODESSA SCHWADRON
716|MARVEL SUMERS
717|MIRA GROSSETT
718|URSULA LUTTENEGGER
719|VIKKI BOUTWELL
720|DOMENICA PAULIN
721|CARLA AUBER
722|EHTEL DUNEMANN
723|LADY MISENTI
724|MAURINE LUNGREN
725|LYNELLE PERRELLA
726|LORY ARGUELLES
727|MATHILDA GLENDENNING
728|JAE VONDERHAAR
729|PATTI PARTIS
730|MARKETTA GILLOOLY
731|KAREY VANALPHEN
732|ANJELICA CHENEY
733|NATACHA TURNBULL
734|MISS HUX
735|HENRIETTA NORRED
736|CHARLA MIERA
737|MARVIS HYER
738|AVRIL WYRE
739|KIRSTIE SCHEFF
740|LYNNE GERHAUSER
741|KEVIN TENCER
742|ELIANA BELLEHUMEUR
743|HILLARY FREEMON
744|HANG STONEHAM
745|BEVERLY REBUSI
746|LEONARDA CDEBACA
747|JANE ROQUES
748|LOUANNE SHAKIN
749|STEPHANE CASSELBERRY
750|CORA MONSMA
751|COREEN MCPHERON
752|LASHAWNDA TOBON
753|TAMIKO VANORSOUW
754|TRINH HANNI
755|PAMILA ELSHEIMER
756|CLARIS HIGHMAN
757|ELLYN VRANA
758|JACKELINE SENNEKER
759|BRITTANEY GOLDIE
760|MATTIE REGULSKI
761|JOVAN HAZER
762|SHAY LEFLORES
763|OLLIE JUMPER
764|BERNA KANOY
765|ODELL SLEPSKI
766|DANNA ASHAF
767|CELINA GAMBOA
768|CARLOTTA KOERWITZ
769|MADELENE JAIMES
770|BRIDGET RUCKDASCHEL
771|LAYNE ALCINE
772|WINONA KOSTEN
773|ELAYNE BAYLOCK
774|ELEANORE LANDSTROM
775|SAMUEL GOSCH
776|JACQUE THIENGTHAM
777|ESTEFANA LALIBERTY
778|BRITTANIE RADTKE
779|SAMELLA WIGGETT
780|ANNETT WOLSEY
781|JACKELINE EWELIKE
782|SHIRLENE HEMMIE
783|CHASSIDY RABOLD
784|KAYLEE ORLOSKI
785|BRITTNY VALVANO
786|KAYLENE TIEMENS
787|KEVIN HAMILTAN
788|MARITZA GILBERTSON
789|EMMIE WASICEK
790|DOMENICA PUMMELL
791|APOLONIA MASINCUP
792|CAITLYN TAMARGO
793|SHERRELL ZHENG
794|KANDIS GALLIK
795|ANISA SCHIEFER
796|YELENA BYAM
797|GERALYN CHIARAMONTE
798|DAINE KROUS
799|JACKQUELINE MUNCE
800|EMILIA JACQUEM
801|NGUYET CARMELL
802|DANIEL BILLIEL
803|HYUN ZINGARELLI
804|MYRTICE NAPOLEON
805|SUMIKO KAAI
806|SHARYL WENDZEL
807|MAILE COLE
808|VESTA RIINA
809|BENITA BLOOM
810|NISHA ESENWEIN
811|KATHRYNE CLEAMONS
812|CARISSA VERBILLA
813|EARLIE SPERBER
814|MARIANNA LAMARCH
815|KENISHA SHIMASAKI
816|MAGDALENE DERHAMMER
817|TIA DAYAL
818|LYNNA FLORCZAK
819|RENA ALDREDGE
820|ELIZ ANCAR
821|TONJA VONDRA
822|MACY RENDON
823|EDEN STOCKEBRAND
824|CARMAN PAPAY
825|GRISEL HEAVNER
826|ETHYL UNGA
827|LANORA KHALIFAH
828|CHRISTIAN COLANERO
829|SUSAN SUDBECK
830|MARANDA BEUTEL
831|ARNETTE MAYALA
832|ROBYN BIGGERSTAFF
833|RUBYE APKER
834|ROBERTO BAERGA
835|MARK KOSTELECKY
836|DENNA WOOLEMS
837|GENEVA PARISI
838|OZELLA STIPP
839|VERNIA RAMSAY
840|INA DRAGGETT
841|CORINA HURTIS
842|RAE PAINE
843|SPRING ALQUICIRA
844|BRYNN PELINI
845|ULRIKE PARKINSON
846|LUCIA RIGERMAN
847|RICKI LISI
848|RICKIE ANDINO
849|EDDIE TEPER
850|JENISE PREITE
851|MARLYS SWAN
852|REYNA LAWN
853|MAGGIE LEVATINO
854|MARGRETT TIDWELL
855|ELLIS LARKIN
856|TERESIA HOGGE
857|MISS GRUBBS
858|MAURA FREDERIC
859|ESTRELLA PINKE
860|LORINA STERBA
861|TAWNA STUDDIFORD
862|MICHELE STAGEMAN
863|AMELIA PLASSMAN
864|JERICA GIANNI
865|SACHIKO ZAINO
866|ZETTA SPOLETI
867|NIKI THORSON
868|TREVA WAIDE
869|KEIRA QUIJADA
870|CHERRI EGGENBERG
871|JODIE DEVEAUX
872|SONDRA SENZ
873|LURA BASSE
874|LOTTIE PANKOWSKI
875|MARISELA SAVITCH
876|CRYSTLE WILLILAMS
877|MIRELLA BERGENSTOCK
878|WENDIE CATANZANO
879|LAVELLE GRIME
880|CAMILLE FUENTE
881|AGNUS GENESEO
882|CARROL BRASCH
883|BONNIE DENIO
884|ARACELIS COWAN
885|MITZIE ALEGRIA
886|DAINE SEWEALL
887|DEB MINNIS
888|IVEY ROEFARO
889|NICHELLE ROLLEND
890|MARGARETTE VANDESANDE
891|KRYSTEN COMAS
892|CHU ELIOPOULOS
893|KYLA CRAPANZANO
894|CORAL CREASMAN
895|MOZELL LAMBEY
896|BLYTHE CRAIB
897|BEA ADAMSEN
898|DELAINE DOVALINA
899|JOSLYN KUTSCHER
900|CARLYN CARIAS
901|MARGIT PALMS
902|MERLE GRIX
903|SHAKIRA FAMIANO
904|PERRY DOERR
905|KEMBERLY FINLEY
906|NIESHA MASTROPAOLO
907|LEILANI SCHNITMAN
908|SYBIL CAFLISCH
909|GEORGINE FLORINE
910|SHARILYN LOMAS
911|WANDA LEADBEATER
912|KEVIN EDDLEMON
913|SOMMER KAFKA
914|POK ROESCH
915|LILI RUDIN
916|LUPITA SOLURI
917|ALYSA NIEDERKORN
918|ANGELINE AUDAS
919|BRITTNI NANES
920|NELIDA CANNIZZARO
921|CARLOS THRONSON
922|MAXINE BROACH
923|STACEY GUILLIAMS
924|MELANI DELMONACO
925|AILENE EVERHEART
926|YUK QUILLENS
927|TERRIE BROW
928|CORTNEY MONDRY
929|LAI BARNA
930|ARLINDA SCHERMERHORN
931|COREEN MCQUILLAN
932|MOZELLE YANKEE
933|DORIA DELAGRANGE
934|UN WINDES
935|SUN MAROIS
936|HERMA SUMPTER
937|DARNELL KUBECK
938|LILLY BACOLOR
939|BEATRIZ FRIKKEN
940|ROSALIA NORDSIEK
941|PEARLENE DEKINE
942|COLETTA REINARTZ
943|YESENIA MASLONKA
944|MARILOU BRONAUGH
945|MARGUERITE KALIN
946|JERICA NOHEL
947|KALI MARS
948|MARTHA BORES
949|DIAMOND KARCZEWSKI
950|LAVETA PANKE
951|BELINDA TORTORIELLO
952|ELWANDA PERTEE
953|ELVIE BARDONER
954|MAURA VILLACRUSIS
955|JANYCE COPPENGER
956|SHAWNNA TOTE
957|CORENE KRAKOWSKI
958|JULI KUBISZEWSKI
959|HORTENCIA LUCEAR
960|VENUS BERNSKOETTER
961|SHERYL HILLER
962|DODIE GOECKEL
963|CHRIS FALIS
964|LEIDA BOLKA
965|DAINA YANNANTUONO
966|ILIANA CARKNARD
967|ZENA GIBEAULT
968|LEDA KAUFFMAN
969|RETHA TIMCHAK
970|SHALANDA CHECK
971|MORGAN FADEN
972|GRICELDA MIRJAH
973|ADAH WITKOWSKI
974|YESENIA BARTH
975|CLAUDE KERBO
976|STARLA HELLEY
977|BRITANY PRIVITERA
978|KATHARINA AMACK
979|KARRIE SWARTZEL
980|STEPHENIE CLEMENS
981|HESTER TEICHMILLER
982|GLENN HONECK
983|KATHY FINFROCK
984|TRISTAN GALLOW
985|ANNELLE FASHAW
986|PARIS GRUVER
987|ANDERA GETHERS
988|BRINDA MCRORIE
989|TATIANA PENGRA
990|LUIS SCHULL
991|ORPHA BASS
992|RENA LAROWE
993|CANDI FUGLER
994|FERNANDA HAYOZ
995|OLLIE NEMZIN
996|CLEMMIE RAPONI
997|ASHLYN MCCARSON
998|EDRA SCHESSLER
999|SCOTTIE LATKO
1000|ISADORA HUAMAN
1001|MAXINE PERSHING
1002|PETER MAXI
1003|TINY GARHART
1004|JACKI IMMEDIATO
1005|SHANICE BASHIR
1006|MARTA KOLKMAN
1007|JULIANA TOMER
1008|WAN SYERS
1009|CASSY OUTHOUSE
1010|LYNNE BEHANAN
1011|CHRISSY LUTAO
1012|VIKKI BURROUGHS
1013|HILLARY FADDIS
1014|ECHO AUTER
1015|DARCEY DEFILIPPI
1016|GENESIS BERCHIELLI
1017|MAE ZIEGER
1018|KATHLINE KEIGER
1019|CAROLEE MORELLE
1020|SHANELLE KLEIFGEN
1021|TINY STANIER
1022|MERIDETH CARABINE
1023|JEANNETTA EZPELETA
1024|ASTRID TROJAK
1025|GRETA BARTHOLOMAY
1026|ANDERA LIEBLONG
1027|CHERIE TSAO
1028|THALIA ROHLMAN
1029|TENISHA COOKINGHAM
1030|GABRIELLA STOIBER
1031|CLEOTILDE RECIO
1032|HETTIE ENTEL
1033|PHUNG KILLIN
1034|KATRICE BRANDIS
1035|SAU SKOVIRA
1036|GAY LAPENTA
1037|KRISTINE LIGHTNER
1038|NELLY HINTZ
1039|LORRIANE GEMMA
1040|TAWNA HERRNANDEZ
1041|BEVERLY LOTTER
1042|RANDA BUCH
1043|VI LAW
1044|ALETHEA COVENTRY
1045|CATRINA MORARIO
1046|BILLI CODER
1047|MAISIE CASAUS
1048|MIRANDA SCHEHL
1049|DIGNA OGZEWALLA
1050|BONNIE WINTZ
1051|LYNETTE BRIGANTI
1052|TOBI HOLGATE
1053|TERESITA BURDG
1054|WILHELMINA MCADAMS
1055|MICAH CONSTANCE
1056|CORRIN GOLDFINE
1057|MARCELL RISEN
1058|CORALEE DOUVIER
1059|LEDA ALERS
1060|WANITA HOLDINESS
1061|ELLENA TILDEN
1062|REMONA PIOMBINO
1063|VENICE CONNYER
1064|TOWANDA NAM
1065|SHERYLL QUINTAS
1066|HARMONY WEETH
1067|CORDIA HULLETT
1068|ANNETTE CARTEE
1069|GRISELDA ROIGER
1070|ASHLEE HALAAS
1071|KEIKO STUCKY
1072|JADA SUGALSKI
1073|EMIKO WIEST
1074|ILIANA LEECH
1075|LIA TUDISCO
1076|TONA BUNNING
1077|GRETA KURAS
1078|FANNY TURZAK
1079|BRIGIDA RAMAL
1080|JAME BUCKS
1081|LEONARDA MOLAND
1082|MARYELLEN SIMILIEN
1083|ROXY SAMPSEL
1084|SO DUCAY
1085|MARGERET KATCSMORAK
1086|DEON STEPHEN
1087|SANA PREUSS
1088|SUZANN POMPILIO
1089|DOVIE GERPHEIDE
1090|JEANENE HUMPRIES
1091|IZETTA TURNTINE
1092|LOURA BERNAND
1093|BONNIE KUNG
1094|CAROLA MARCIEL
1095|SHERI TUGGLES
1096|KEIRA VANKOTEN
1097|PATRICE POLHEMUS
1098|JOCELYN CIMINERA
1099|AJA SCHUB
1100|NATISHA BURGE
1101|MARIEL HIMMELWRIGHT
1102|MAGGIE FLANK
1103|KEITHA BOGNAR
1104|KRYSTAL BERNHARDT
1105|DELINDA HAGENBROK
1106|HANH WEIRICK
1107|ALYSSA BOGHOSIAN
1108|RONA ADELMAN
1109|JEFFREY WULF
1110|JACK IAMICELI
1111|TANEKA ARCHILLA
1112|LING ROTERING
1113|AI VANDERNOOT
1114|UTE BEILMAN
1115|MADIE LOESCHER
1116|LAURENE KIMBRO
1117|LEIGH WARHURST
1118|MINNA ZANTER
1119|LESLEY FAUSCETT
1120|JOVAN PAPPA
1121|ELFRIEDE ANTTILA
1122|STELLA BEYDA
1123|DEBBY SPISAK
1124|LUNA ROSEBORO
1125|CHUNG MERANDO
1126|TARA PARAMO
1127|LUISA BOLTINGHOUSE
1128|CLARISSA MONTELEONE
1129|TANESHA PIVEC
1130|BELIA KREUSCH
1131|CANDIS KOHLER
1132|PAULA LEMAN
1133|KATHERN DIVENTURA
1134|CHERYLE GREYTAK
1135|KYLE LORAN
1136|SADE HOCHARD
1137|OZIE BERZAS
1138|NICOLA SELFRIDGE
1139|SULEMA VOGT
1140|MICHAELA RADE
1141|JOHNETTA SKIVER
1142|MARGARETA TARABORELLI
1143|EULAH AFFELT
1144|MINDA FLEWELLEN
1145|MARLINE SAVIDGE
1146|ROXANA AVILLA
1147|PERLA DOMINIC
1148|OZELLA SENGVILAY
1149|SARAN LEIJA
1150|JESSENIA TIERNO
1151|TOBY WALTER
1152|ISABELLE BISCEGLIA
1153|ALETHEA DETRAGLIA
1154|MAXIE REFF
1155|ELIZBETH LINGAD
1156|YON EVANSKI
1157|MANY KUSHI
1158|DEVONA STUEBE
1159|MADONNA MINEAU
1160|CELINA MCMILLIAN
1161|SIGNE LITSEY
1162|DEANNE SANDLAN
1163|CARMINA RAROGAL
1164|THI LEASY
1165|KIMBRA SOMOGYI
1166|CAITLIN BEVARD
1167|SANTOS RACO
1168|JANETH APRUZZESE
1169|THI FITSER
1170|GEORGETTE GIEBLER
1171|INGER HAMBORSKY
1172|GRISELDA STAKES
1173|ROSEANNA GIRBACH
1174|MAXIE FEREIRA
1175|MARTA PULIAFICO
1176|LATESHA ORIZETTI
1177|MARIBEL TREIBLE
1178|SALENA CERAO
1179|LORINA VANVRANKEN
1180|JUDE CYFERS
1181|MARGERT NEHME
1182|IRMA AVERETT
1183|ASHLEE KEVILLE
1184|MARKETTA GONDA
1185|NATOSHA SEGREST
1186|ELISHA SALEEM
1187|SADIE JASTER
1188|HANH CANUPP
1189|JOHNNA PRECIADO
1190|KELLIE PENNELLA
1191|FLORETTA PENRICE
1192|MAY CRAUSWELL
1193|BRANDON PIANALTO
1194|RANEE CARLINE
1195|LAUREN DELERME
1196|JEWELL TONCHE
1197|MEE CORBEIL
1198|KEMBERLY SNELLENBERGER
1199|MAGALI LUSS
1200|HEE LANO
1201|SHERICE TONTI
1202|MARGORIE VIDAL
1203|SANJUANITA ROIG
1204|JAY ALTMIRE
1205|TIFFANIE THIELEMIER
1206|MARYANN BARNWELL
1207|CHERLY FEGAN
1208|DEANDREA WOLFORD
1209|SOMER LEATHERBERRY
1210|ELFRIEDE MARREEL
1211|HAYDEE KEDLEY
1212|DENESE MODGLIN
1213|RESSIE LUCKNER
1214|MARIELA WHALAN
1215|JOSEPH WIMER
1216|CONNIE HEMSTREET
1217|SANA MACKER
1218|BETTINA TANENBAUM
1219|MARIANELA MELMAN
1220|VASILIKI BLAZIER
1221|SYBLE MYER
1222|MARTY OUINONES
1223|VIRGINA HORA
1224|NAM HOLLOMON
1225|LECIA BURDO
1226|STACEY ALBERICO
1227|ROSAMARIA FEDD
1228|EDNA ACKERS
1229|CARYN HANTZ
1230|OPHELIA ORBIN
1231|TONIE RESS
1232|ALVERTA AGRO
1233|FLETA TOLES
1234|MYRL QUILLING
1235|LASHAUN BETH
1236|JENNY CARP
1237|LILLI SCHERPING
1238|FLORA STIGALL
1239|SHAWANA PROKUP
1240|NOEL VANSICE
1241|MAYRA MCCROSSIN
1242|TERRELL CLAR
1243|LENA TREOLA
1244|FREDIA PRENGER
1245|CORY QUAGLIANO
1246|ELIN HORBERT
1247|ELIZABETH MOYSE
1248|ANIKA YURICH
1249|ROBERTO RECCHIA
1250|CHANTE HABASH
1251|LINA MITTENDORF
1252|DENISE HUGHS
1253|JOSEFINA BULLIS
1254|DELPHINE SAFT
1255|CATRICE ZUBRIS
1256|JENELLE MACINTYRE
1257|ORALEE KLAWITTER
1258|FRANCINE HENSCHKE
1259|SUSIE MOSKOVITZ
1260|ARLEEN THEILEN
1261|DOROTHA GOUDY
1262|DARCI SZYMKOWSKI
1263|KATELIN THOBURN
1264|VIKKI LOURY
1265|KATINA FRYDAY
1266|ROSINA PREER
1267|KATHEY DESSECKER
1268|MICHEL SIMUNEK
1269|LIANE PLOHR
1270|JESENIA GOTCH
1271|FLOY NEWBELL
1272|DAGMAR PINKLEY
1273|ADELE FONTANE
1274|SHAUNA KENNERSON
1275|ROLANDA EICHHOLZ
1276|KIMBERLIE SAMANLEGO
1277|JENELL DIAS
1278|CHELSIE CHOUNG
1279|CECILLE REDDER
1280|EDRA SURLES
1281|MICHAL STRYCKER
1282|DIAMOND ROZA
1283|ELVINA BARRIENTOS
1284|CAROLINE HARIS
1285|LINN CASPERSEN
1286|LAURINE GATELY
1287|TANJA CORCHADO
1288|MARYLIN OBRIST
1289|MARIELLA PLAUTZ
1290|STEPANIE LOCKART
1291|ONIE VOKES
1292|BRITNEY MURRI
1293|NUMBERS ERLEWINE
1294|DELSIE THORSTAD
1295|CHRISTIN SEEPERSAUD
1296|LONI METEVELIS
1297|CANDICE WOODCOCK
1298|TESSA SHEY
1299|ROSALIE PERRETT
1300|KARIMA LINDORF
1301|CHRISTINIA VOLLE
1302|JANIE MESSERLI
1303|MARCELINE SETLAK
1304|CAMILA LOCHEN
1305|TOCCARA KOTHENBEUTEL
1306|LEONIDA SIROLLI
1307|ZELLA PALS
1308|GINNY SEEN
1309|DANNIE BEIER
1310|CHRISTI EARLS
1311|MARAGARET AZZARELLA
1312|REGINE DAVIRRO
1313|EVAN PILLAR
1314|TROY MASCHECK
1315|JAMMIE GENTILI
1316|SUSY BEGUM
1317|SONDRA MALANGO
1318|CLARINE WOHLD
1319|CORTNEY NORZAGARAY
1320|KEIKO MATSUMURA
1321|SIGRID KOTULA
1322|HARRIET MULLALY
1323|TONDA HEDRINGTON
1324|ROSARIA HENAGAN
1325|DRUCILLA RAJARATNAM
1326|DEBBRA BORNS
1327|CRUZ TOFIL
1328|ARDIS CHOWN
1329|RAYE HUOT
1330|WINTER WIRTH
1331|SAU MATE
1332|JEANA NEUENSWANDER
1333|ERLINDA CARRAHAN
1334|JALISA SCIULLI
1335|DAGMAR KULLMAN
1336|MARGET LYLE
1337|ALISHIA PANYIK
1338|JOANNIE TEAGARDEN
1339|TOMMIE NORRELL
1340|LAKIA LEISTIKO
1341|TOI DEVENS
1342|LORENE KISTLER
1343|HANH HEIDEMA
1344|BESSIE ENRIGUEZ
1345|ELKE FREEDERS
1346|SHANTA CHINNICI
1347|CHASTITY SMOLKO
1348|VERDA GRAMAJO
1349|VERDIE BRUMFIELD
1350|BERNADETTE HUDMAN
1351|TIFFANI LAAKER
1352|CHARLA BOMPANE
1353|LEONARDA ROMERO
1354|LIA SODACHANH
1355|NOREEN ESCALERA
1356|LESLI CALDERSON
1357|LEATRICE ILLIANO
1358|NELLIE GAULT
1359|BOBBIE MORMAN
1360|ZORAIDA TIDEY
1361|HSIU MILLICH
1362|ALICIA SCOLA
1363|CARINA SAADE
1364|PALMIRA PITT
1365|WINNIFRED NYAHAY
1366|ANNEMARIE MIRSCH
1367|MIKA LANNAN
1368|KYMBERLY KREBBS
1369|FREDIA HAWKINGS
1370|ELLA SWANICK
1371|GLENDA REVERON
1372|LAQUANDA PANICCIA
1373|FRANCIS LOVICH
1374|BERENICE BONFIGLIO
1375|PAULITA EHRENZELLER
1376|LANNIE DELLWO
1377|DRUCILLA TRIDENTI
1378|HILDA PYSHER
1379|ROSALYN STRIMLING
1380|JUNKO SCARCIA
1381|DEEDEE HARFORD
1382|DOROTHEA MABB
1383|LAURINDA YAKE
1384|SHALANDA CABANAS
1385|ASSUNTA FROEBE
1386|ADELE WEISPFENNING
1387|CHANEL VIDLER
1388|RHODA GUSKE
1389|VERDIE GURGANIOUS
1390|SANTANA RUDEN
1391|LESLI ROEDEL
1392|TIERRA BLIZARD
1393|TIFFANI LUNAN
1394|REMA HEINKE
1395|FLOY HULAND
1396|KATHERINA ARMES
1397|DAWN COSENTINO
1398|INDIRA HANNAWAY
1399|EUSEBIA HECKATHORNE
1400|CHANDRA ZBELL
1401|SOFIA GERVASI
1402|TRINIDAD SALVI
1403|MANUELA BOSQUES
1404|SHERLENE GENIESSE
1405|GWEN KUTER
1406|KEELY LOSKOT
1407|PETER SCHOENECK
1408|MADALINE MONTALBANO
1409|JULIET STIGERS
1410|CARMON BOSHERS
1411|ERNESTINA COWDIN
1412|CLARINE PONTES
1413|SAU LOVITT
1414|CELIA SECREASE
1415|PAULETTA SIEGAL
1416|MARITZA ROWLISON
1417|VALDA HUGHSON
1418|BREANNA EWOLDT
1419|SATURNINA SPONSLER
1420|JINA CAGLE
1421|LATOYIA MAINLAND
1422|ANNABELL NITTINGER
1423|MIREILLE LUBY
1424|STACEE OHRNSTEIN
1425|CLOTILDE WHYSONG
1426|KRISTYN BERTINETTI
1427|TREVA ROWLES
1428|MARLA LE
1429|VIKKI GRASTY
1430|TOMOKO MANIVONG
1431|SHANDRA ORTWINE
1432|JAE SOUTH
1433|LASHONDA CORNEA
1434|CHANELLE ROSENDAHL
1435|MELVA MONJE
1436|KARINA GRISOM
1437|AISHA PFAHLER
1438|MAGEN PARUTA
1439|BOBETTE PUEBLA
1440|CASSONDRA JANE
1441|WINNIE YAMANAKA
1442|NOVELLA RYBCZYK
1443|ASTRID GUERERO
1444|ASHELY TERMEER
1445|SHIRLEEN VANOVER
1446|SHERRELL HIOTT
1447|KAMILAH ALSOBROOK
1448|TAMMI KOERNER
1449|ELIA GRZYB
1450|FRANCESCA KEKAHUNA
1451|ASHLEIGH BOCCHINO
1452|HETTIE ESTEN
1453|MICHAEL BUNKER
1454|TONY BRESLIN
1455|SLYVIA KOWALSKY
1456|SHANELLE RONA
1457|KAYLEE KISER
1458|TAYLOR SCHOEBEL
1459|RETTA RIJO
1460|MARRY PRIMO
1461|VELLA FORSYTHE
1462|PEGGIE CRESTO
1463|HILDEGARD MEYNARD
1464|GLADY MILILLO
1465|LAVERNA MARFLAK
1466|PHYLLIS SPRIGGINS
1467|OPHELIA HYBARGER
1468|DIONNE WORDSWORTH
1469|CAROLYNN GILDOW
1470|ALEXANDER DILLION
1471|PAULENE CREASEY
1472|JOHANNE MYSLIWIEC
1473|LENORE HIGGS
1474|TERRILYN PIANALTO
1475|ELLY KAZMIERSKI
1476|WILLODEAN PICAZO
1477|DAVINA BRODERSON
1478|JONIE FOHN
1479|BETHANIE BORDES
1480|BERNIECE MOCERI
1481|MARYLOU HERITAGE
1482|OLLIE JUELFS
1483|TROY MUNTER
1484|ETHA STALLMAN
1485|TAREN STGELAIS
1486|MIRNA VLIET
1487|WANITA PABST
1488|AYAKO TUTOKY
1489|JEANIE RABARA
1490|VADA COLCHADO
1491|MILLIE COGHILL
1492|JODIE PROPHIT
1493|MARYLEE COZADD
1494|TIFFANI FRANCESCHI
1495|KASSANDRA LANGLOSS
1496|HILDEGARDE EASLY
1497|PEG RYMASZ
1498|CAMMY PEDROTTI
1499|TASHA SHOPEN
1500|SETSUKO SKELTON
1501|ELIZABET ROSNER
1502|ALISIA HANZELY
1503|ROSALEE GRASSMYER
1504|PAMILA CARNINE
1505|MAJORIE ESKER
1506|TERA DUNOMES
1507|MARILOU MALIKOWSKI
1508|DIANA KOSIOREK
1509|BRITTANI SANTANDER
1510|LETITIA TYNDAL
1511|VANNESA SCHMERGE
1512|TIARA SOVEY
1513|EVELIN PASCHKE
1514|DARCI SPEAGLE
1515|ROSELIA RAKOWSKI
1516|LORALEE CORPING
1517|ROSALBA MUHL
1518|NATALIA JELTEMA
1519|EVELYN ARENT
1520|DEBRA RAGLE
1521|KATHYRN LANGSAM
1522|BERRY HERCMAN
1523|JULIANE KNIPFEL
1524|BRUNA PERREIRA
1525|LORENA MUNSEY
1526|MELIA BLAUMAN
1527|KEIRA BAZILE
1528|MISHA FERRALES
1529|CATINA AROCHO
1530|VELVA GARTLAND
1531|LINNIE HEMMING
1532|MARCIA ANTINARELLI
1533|TEREASA HEIDECKER
1534|MARGOT PETAWAY
1535|VONNIE RISON
1536|CHRISTINE JABAUT
1537|ZITA MCGIBNEY
1538|OZIE KIESLING
1539|KENISHA SULC
1540|KAROL LIPSCHUTZ
1541|MARVELLA LIMONES
1542|JAE WUBLIN
1543|DAMARIS TRY
1544|EMILEE JANDRIN
1545|VENA NANASY
1546|YAJAIRA NANIK
1547|ELOISE MERREN
1548|TAWNY PEELMAN
1549|EMILIA IGTANLOC
1550|PARIS FLENNER
1551|TANYA PENNACHIO
1552|TYESHA HILFIGER
1553|LASHAWN ZINGARELLI
1554|RIVKA VASSEN
1555|FLORINE NICE
1556|LENNA WOODHAM
1557|LYN SKEETER
1558|KALLIE MACHESKY
1559|ALISIA MINAHAN
1560|TESSA SOKOLOFF
1561|MARANDA HIX
1562|LETHA DOOSE
1563|WILHEMINA BAISTEN
1564|GAYLA BIONDI
1565|ANETTE KALENKOSKI
1566|EUFEMIA TRUSLER
1567|TAYLOR VLACH
1568|NOREEN GETSON
1569|CLARETHA BUCHS
1570|SHARONDA GRUBE
1571|MURIEL SCANIO
1572|CORRINE SOSTRE
1573|LUPE WAGUESPACK
1574|SHONDRA COCKERHAN
1575|SHAKIRA HOLE
1576|ESTELLE LAGLIE
1577|ANASTASIA DEERMAN
1578|LIZBETH HUNGATE
1579|FRANCES LUTGEN
1580|CHANDA RICHARDT
1581|KESHIA ACHESON
1582|CORNELIA KURTIN
1583|LARHONDA TIETJE
1584|ROBENA MAROCCO
1585|ADELL TETRICK
1586|KACIE GANNETT
1587|CARLENE CASTENANOS
1588|TOMMYE ARMANDO
1589|KRYSTEN BOUDOIN
1590|AUDRA BARINGER
1591|OZIE WAHLEN
1592|ORALIA DEROSE
1593|RAYNA AGLE
1594|DOMINGA BORNEMANN
1595|PRICILLA KASTING
1596|SOPHIA LUEVAND
1597|LEON DRESEL
1598|AUTUMN BUNNING
1599|LISHA DAMORE
1600|OLIMPIA GREISSER
1601|OTILIA BRZOZOWSKI
1602|LISE KUBICZ
1603|SHAWANNA FRESQUEZ
1604|REGINE JELOVICH
1605|CLELIA LIPPINCOTT
1606|SEEMA LOUISSANT
1607|MELONY MCCALLEY
1608|GALA LOSA
1609|SHAWNTA RAPIER
1610|VONNIE GARETT
1611|QUYEN MINICUCCI
1612|ALESSANDRA ZEEMAN
1613|CLASSIE BALDOS
1614|EMMALINE KARPINSKY
1615|INGRID BUISSERETH
1616|ESTRELLA KUZARA
1617|ROSELEE ORJI
1618|DEIRDRE FILIMAUA
1619|AMIRA DEMUTH
1620|MARITA TOLLEFSEN
1621|ELOUISE HEATHCOTE
1622|DANNETTE RAMEZ
1623|QIANA STEALEY
1624|SOOK PALLANES
1625|JETTA ELEY
1626|MARIVEL BLEIWEISS
1627|TUYET MILLEY
1628|CECILE ROTNER
1629|FREDERICA BENNET
1630|CUC ONUSKO
1631|MISS SAELEE
1632|CHRISTEN CRUMPACKER
1633|WINIFRED VACHULA
1634|LOUIS ZAHN
1635|CANDYCE VANDERKAM
1636|RORY KEUPER
1637|CATHERINE TUMANENG
1638|CLEOPATRA STAROWICZ
1639|LEANNE CATHER
1640|JOSIE ROBANTE
1641|LEONORA YANDURA
1642|NADA HOSOI
1643|ANITRA JUNGMAN
1644|CYNDI BRINCKERHOFF
1645|SHELA VLAHOS
1646|BARBERA MARCHIO
1647|ANGELE HUTER
1648|NAIDA LAESSER
1649|LU LINEBAUGH
1650|CLAUDE LEAK
1651|LUBA GRZESIK
1652|PEI GADUE
1653|CHARISSA TWOHEY
1654|MERILYN HEINES
1655|GEORGEANNA OZMINKOWSKI
1656|LYLA KLEMM
1657|HYUN OURY
1658|MADELINE DEMCHOK
1659|LAVINIA EBLIN
1660|DAYSI TIMOTHY
1661|SHAUNTE LUBIC
1662|ANTONIO KOLLE
1663|ALI ASAKURA
1664|VIKKI CARBAL
1665|EBONIE KAPOOR
1666|ELAINE PROENZA
1667|KATHERINE NEELY
1668|LUDIE BOZZI
1669|LATIA SY
1670|DORIS LASSERE
1671|TOVA MEZEY
1672|INGER PREAST
1673|FELICITAS YANOSKY
1674|KRISTAN ULSES
1675|LEANNE VANDYK
1676|JAMA DEAN
1677|CASSEY EREKSON
1678|BRIGID NORLIEN
1679|SEPTEMBER YAHNA
1680|LASHUNDA LEDERHOS
1681|JACKIE KILLIANY
1682|JAMILA CRAVENS
1683|GLENNIS BIRCH
1684|WAI BELFORD
1685|RENAE RABADAN
1686|RANDEE DIMARTINO
1687|BARI STONESIFER
1688|SINDY CHOPRA
1689|DEJA AALUND
1690|BENNIE FICK
1691|TAWANDA NICOLSON
1692|SABRINA BUEHRING
1693|BELL WENCIKER
1694|ELFREDA MINERS
1695|SHANELL SENFF
1696|INGEBORG SENDRA
1697|WILMA MCGHINNIS
1698|FRANCE HOWERTER
1699|TORRIE PFISTER
1700|RYANN WARRICK
1701|KYM BABJECK
1702|ARACELI AROURI
1703|PROVIDENCIA MAURACHER
1704|TAUNYA BASICH
1705|JA BELLON
1706|LAKIESHA BURLISON
1707|LACI KOELLE
1708|AMINA GAULKE
1709|SU LEHEW
1710|SAMELLA VIESSELMAN
1711|JOAQUINA CHUA
1712|NOVA CLOEPFIL
1713|JOHNNIE GALIETTI
1714|ARNITA MCCOMACK
1715|ERICA GIOVINCO
1716|TAKAKO HENKES
1717|SHANTAE ADOLPH
1718|DEIDRA KADLUBOWSKI
1719|VIRGIL AMSLER
1720|DANIELLA RYNERSON
1721|KRISTYN MARKEL
1722|EMMALINE MARTINEZE
1723|REITA LERER
1724|REBEKAH RAYMUNDO
1725|MIKAELA MOSHER
1726|RHODA DELEKTA
1727|TYRA BOGEL
1728|CHAN SADOWSKY
1729|ANTHONY OHLMANN
1730|SHARYN DELPRINCIPE
1731|ANGLA CLEMENTI
1732|ELNORA CARA
1733|EMILEE TAYAG
1734|HENRY OKTAVEC
1735|ARTHUR MCARTHUN
1736|DELMA BERKLEY
1737|KELLY BEUS
1738|CATRICE MARZILI
1739|ALVERA FEAGIN
1740|GILDA FEDE
1741|ELISE ROSENKRANZ
1742|TRESSA ANDAVERDE
1743|ZENIA LOFLIN
1744|PEG BUSHER
1745|DIGNA HUNN
1746|JAQUELYN ASHWOOD
1747|ASHLI GADD
1748|STACIA TROUTMAN
1749|GERTRUD ALCE
1750|CLEMENTINA GALDAMEZ
1751|ASHANTI STANGARONE
1752|SHIELA OGIAMIEN
1753|SHERLENE PREVO
1754|ECHO LOBATON
1755|SHAMIKA LESCO
1756|JENNA LECRONE
1757|JOVITA UHLIR
1758|JAMA COTNOIR
1759|RONALD STATIRES
1760|SAMIRA SUDLER
1761|ROXANNE BUESGENS
1762|KIMIKO PALLOTTO
1763|GEORGEANN SHAW
1764|LEONILA COPASS
1765|GIDGET FERRIER
1766|ERLENE PANELL
1767|MARDELL FERRANTO
1768|JAZMIN VASSIL
1769|CELIA BOMAR
1770|LORRETTA WATRING
1771|KIM CHAR
1772|DAGNY CUNNIGHAM
1773|CATHERINE BOHLSEN
1774|ANNIS COSLAN
1775|ROSELEE YANNI
1776|REMA GILDORE
1777|TU HABISCH
1778|LIGIA BERGA
1779|ETHYL ZEILER
1780|EULA BHAT
1781|CAITLYN BRZUCHALSKI
1782|LILLIE OBESO
1783|SHAREN GREENAWAY
1784|RUTHIE ORBIN
1785|GARNETT UMBRIGHT
1786|JOANNE DERRIG
1787|ESTER SPEAR
1788|CATHERIN DOSTAL
1789|JUDITH JOKINEN
1790|ARLINDA SPILIS
1791|SHERISE PERLOFF
1792|MARYROSE ZEHENDER
1793|LASHAWN GOODEMOTE
1794|JOANA ALACANO
1795|ODILIA DENNIN
1796|TOMASA BEACH
1797|ROCIO KERL
1798|KYLA FLOREA
1799|TOMMYE ISRAELSON
1800|MELODIE KENNEBECK
1801|SADIE PROUD
1802|LUBA WIESEN
1803|CHANDA SOYKE
1804|TOMEKA BRUSTER
1805|RINA CUMMINGHAM
1806|MINA MONTILLA
1807|GRISEL MICHALSKI
1808|SHARMAINE SCHNABEL
1809|BERENICE PERROTT
1810|ANN ALDANA
1811|LUCILLE LOVAN
1812|KATE GHOSTON
1813|HYON HAGMAN
1814|ANGILA BRYDGES
1815|ALLENA MAESE
1816|JAYNA BLANCHARD
1817|DESIRE BROADSTONE
1818|CARYN GAMELA
1819|CHERYLL HATMAN
1820|STEPHENIE CONN
1821|YAHAIRA RUDEN
1822|LESA CORVI
1823|DREAMA TEWS
1824|GLAYDS GUMP
1825|ARLENA PASKET
1826|YESENIA THADY
1827|KASEY NIEDZWIECKI
1828|EVITA CLUSKY
1829|CHER GROSSKLAUS
1830|DANIELA DEMAINE
1831|GERMAINE DYKSTRA
1832|SHAWNNA BRASSEUX
1833|BRITTANIE OPPLIGER
1834|AGRIPINA CADRIEL
1835|SHANICE HOPP
1836|ALEXIA CAHUE
1837|CLEORA BOGDEN
1838|ELISA THOREN
1839|KENDAL MCCORMICK
1840|GOLDA HUN
1841|KATHLINE TRUDILLO
1842|SELMA THREATT
1843|CHERELLE OSHAUGHNESSY
1844|STEPHNIE EGEL
1845|DEANNA BELFORD
1846|TRINIDAD MCNICKLE
1847|CHRISTEN GEBERS
1848|FAY EUBANK
1849|YAJAIRA KLOMP
1850|ADINA GREALISH
1851|EILEEN REZNICEK
1852|MARIETTE FENCHEL
1853|CELINE PAWLUCH
1854|WENDY KNEISEL
1855|LAEL CASSMEYER
1856|LAKEESHA HASSANEIN
1857|GERALDINE NICKEL
1858|VONCILE GRAMZA
1859|SELMA WYKES
1860|SELENE CISTRUNK
1861|NORA RAMJHON
1862|ELIZBETH EM
1863|LEKISHA BUTSCH
1864|TEENA KOVALOVSKY
1865|GLINDA ZIAK
1866|SOPHIE JUELL
1867|ARGELIA RADWANSKI
1868|KASSANDRA RUSSUM
1869|BEAULAH BOLSTAD
1870|ASSUNTA LOZON
1871|KETURAH GOEDE
1872|DELTA YARRELL
1873|ALVERA DENISTON
1874|CHAN MARASH
1875|DOMINGA FUHS
1876|ROSE WEINFELD
1877|CATHARINE GAITO
1878|BERNIE BLAY
1879|MARCIE GUYER
1880|JOSHUA PREISACH
1881|AMEE FELDNER
1882|CIARA BARTASH
1883|ELZA RUEHLING
1884|CRYSTLE DELSORDO
1885|JIMMIE EIMERS
1886|LISETTE CRAVATTA
1887|CONCETTA VAGHY
1888|MUOI WAYMER
1889|PEARLINE KIEKBUSCH
1890|KRISTEL GRANSTROM
1891|GERALDINE WATTENBERG
1892|EUGENA SARDINAS
1893|EDDIE VANDERROEST
1894|KACIE TRAGER
1895|TRANG ZUCK
1896|LEILA GOUKER
1897|PRICILLA HOLTZER
1898|MELLISA DAHLSTROM
1899|RUBYE KELLISON
1900|BRITTANIE ZOURKOS
1901|TERRELL CORRY
1902|AJA MCCRAW
1903|AMANDA RONCA
1904|ELFREDA TOBORG
1905|SHERICE GOLDERMANN
1906|NGAN CHAPPAN
1907|DOTTIE HAESSLY
1908|HILDEGARD MISTLER
1909|CYNDI MARITATO
1910|BRIAN BEVERIDGE
1911|CHRIS JENNINGS
1912|ASHLYN SPARACIO
1913|KAYLEIGH NWAKANMA
1914|JAZMINE KRUZEL
1915|JANIS PAOLI
1916|MOIRA HOPPA
1917|YING MLENAR
1918|ALICE TURBEN
1919|MARIANA HUBERTZ
1920|QUYEN GUO
1921|BRITNI MILLISOR
1922|DINA RUGGIRELLO
1923|JENETTE MILITANTE
1924|HESTER LAJOY
1925|KIMBERLEE PIGG
1926|JOYCE BOBE
1927|MARSHA STATZER
1928|DEEDEE GUETIERREZ
1929|ETHYL MATHAI
1930|SONG SAVINA
1931|FRANCIE VEGA
1932|STEVEN MELIA
1933|YVONE KAMAKEA
1934|MIRTHA LUMSDEN
1935|ANDREE THEODOROV
1936|ELYSE SANDUSKY
1937|ELVIA GARA
1938|HISAKO HAUAN
1939|BAO MARINELLI
1940|MARYAM PASCAL
1941|IMOGENE CERZA
