0|DEANE ZALAR
1|SHONDA DESATNIK
2|TERRESA MOSHIER
3|MARGRET GALLEGOS
4|RAEANN STUBBINS
5|TIFFANI NESLINE
6|SADIE CLAEYS
7|ELEANORA SCHMERER
8|KATHERINE BOERO
9|MARCELINE BRISBIN
10|HOLLEY SAMAHA
11|KARRI STROPE
12|EMILIA LAMANCE
13|BRITTANI RICKERL
14|KRISSY TREPAGNIER
15|TOMMYE CARHART
16|CARROL PILCHER
17|MORGAN MIELKIE
18|MARIETTA ZIER
19|SHIN COSHOW
20|DANIKA PLATH
21|JOHNA RASTOGI
22|CATHI GARTLAND
23|MILAGRO POSTLEWAIT
24|LEONOR ZAHNER
25|MAGDALEN WAITZ
26|SVETLANA NALLY
27|SUMIKO MAROZZI
28|DANYEL MOROZ
29|HANH RAFANIELLO
30|LECIA KASSIN
31|MARIANELA ANNA
32|LARHONDA LEECH
33|ROSLYN WHITEY
34|SHANTE TIMMINS
35|CAMMIE LANCE
36|IDELLA MARYLAND
37|EMELY PAYENDA
38|MICKI CEZAR
39|FREDDIE VANOSDOL
40|MARYROSE DREPS
41|RISA MOSLER
42|DELLA DEBRUIN
43|SHAWANDA BOWLICK
44|VERENA DASHNER
45|NANCI VOLO
46|DONYA CURBELO
47|OZIE LIPSKY
48|CRISTAL TRIGG
49|DAYSI RITELL
50|MALLORY ERWAY
51|TWANNA WELSON
52|YER PAOLETTA
53|MANDI GILPATRIC
54|TAUNYA BERRONES
55|STACI HILDA
56|MADALYN BIEMER
57|MYRIAM BALDRIGE
58|YVONNE VISOSKY
59|GLORY MCMAHILL
60|DARLENE LUECKENOTTE
61|JULIANNA MARCOLINE
62|MOLLY SCHOENBERG
63|MIKAELA ALBERG
64|MARIANNA WITTLIFF
65|JASMINE LUBRANO
66|YOSHIKO IGWE
67|AMIRA KAHAN
68|JESICA HORA
69|KATHEY PETTET
70|MARISHA JANRHETT
71|RENA PHENIX
72|LUCIANA EARVIN
73|ELMER WANT
74|SANJUANITA BOTTING
75|CHASITY RESSE
76|SALLIE ZILLMER
77|ROSALIE NOGUERA
78|JOLANDA ARCHIOPOLI
79|ROSANN GRESL
80|HAN LETTRE
81|VITA CLAUSS
82|ALEJANDRINA KEEFAUVER
83|ALBERTINE CASARZ
84|JESSENIA STANSELL
85|LEOLA BERTSCHE
86|DELILA AUBERT
87|GAYLENE PIGNONE
88|TREASA LESKI
89|LELAH NICE
90|RENDA GRINDSTAFF
91|FLORENCIA OGLE
92|TIANNA ALSINA
93|HOLLIE PAONESSA
94|GARY CORONITI
95|ALENE PARTCH
96|OLYMPIA TISO
97|HILARIA LOMBARD
98|ELAINE SHERRON
99|ORALEE LISCHAK
100|VIVIANA CABRAL
101|JUDITH SEABURY
102|MISSY MOWRIS
103|BETSEY MAES
104|MARILYNN MCKEVITT
105|DEANA CARLBERG
106|DANYEL WILDEMAN
107|KRIS BACICH
108|LEORA ODEH
109|MAGDALEN WHIPPIE
110|CARI CEGLA
111|MICAELA MEYDID
112|LEONILA ASELTINE
113|CLASSIE SEACE
114|JEANIE GABAY
115|MOZELLE TACCONI
116|REAGAN KOHNEN
117|HERTHA RIGSBY
118|LOUISE FREDIEU
119|KELLI LAMPRON
120|TAMMIE ZOBEL
121|CARRI SWELGART
122|DEDE DEMRO
123|DELPHINE DECARO
124|SHELLY DOUSSAN
125|APRIL ORSAK
126|MARICRUZ MCENERY
127|MAY BHATTACHARYA
128|NIKI HARBUS
129|VESTA SHEWARD
130|NARCISA FARLIN
131|JULIA SCHUPBACH
132|GRAZYNA HASENFRATZ
133|CHRISTIANE LACEK
134|VELDA CHIODINI
135|COLEEN KOHLHEPP
136|MELIDA VASILOFF
137|EVETTE MINKEL
138|KYLA STINEHELFER
139|EMELINA ZOGLMANN
140|MADIE OMOTO
141|LEXIE BROZOVICH
142|ELDA GATESY
143|IRMA KLOKE
144|ETHA SALZAR
145|BRIDGET CLINEBELL
146|SHIN WOLTERS
147|LISANDRA DIDATO
148|STACEE BENNE
149|TREASA SUESS
150|TERINA DEBACK
151|SHANELLE MARKI
152|TUYET HERSBERGER
153|RENATE FLEAK
154|YING MCGAUGH
155|MARIANN PRITCHETT
156|MONA PILCHER
157|ZULMA JANISZEWSKI
158|DONNETTE BRIGHTBILL
159|AMIEE HUTCH
160|ANTONETTA BARNES
161|SHERRI LOATS
162|CASEY MATHWICH
163|SCARLET DOWELL
164|MARA FALARDEAU
165|VIRGINA MYER
166|BERNITA PETRALIA
167|KIMBERY BARUS
168|SENA CASH
169|EVITA GAUSTAD
170|ELVIA NIERMAN
171|KYONG WHITES
172|RUBYE BODREY
173|LIVIA KLOSTER
174|FARRAH SCARSELLA
175|YER BLOMGREN
176|JANETT LANDEVOS
177|MARIAN WEEKEY
178|RYANN SATTERLEY
179|ALISIA OLINGER
180|LEAH HEIDTKE
181|TRINA SHOWN
182|REGINIA HELMSING
183|CHERISE PILAKOWSKI
184|DUSTI KOPCZYK
185|PAULINE MONTALVO
186|KATHEY SCIALDONE
187|PRECIOUS HENDERSON
188|OCTAVIA COTEAT
189|BERYL PESCADOR
190|NGA MORALEZ
191|SHEBA OVERTURF
192|MELISSA JOSIC
193|RAISA ALCAIDE
194|JEANENE LEFCHIK
195|ARDELLE SANDHOLM
196|KANDICE BANNISTER
197|KARI JONG
198|KIZZIE ACCURSO
199|CLARINDA TOMORY
200|SHAQUANA ERM
201|JACQUILINE SATAWA
202|RONNIE WHITING
203|CHAYA DEVAZIER
204|NANCY BRISENTINE
205|ROSANNE FAMULARE
206|LONDA CANCEL
207|MINNA FENRICH
208|RITA BUMSTEAD
209|DENESE GANIM
210|CLASSIE DESAULNIERS
211|JESICA MADDING
212|ODILIA LAJARA
213|KANDACE SCHELB
214|JAMIKA COCKMAN
215|KERI MINISTER
216|JOANIE BEGG
217|LEONORA FONTANE
218|CELSA GRAMMONT
219|DANIEL SORLIE
220|MERRI RAMROOP
221|DEMETRA WALSTROM
222|CHERISH DELLINGER
223|EARLENE MCCAINE
224|CANDANCE VARANESE
225|DEVON HEATLEY
226|CHARLETTE BELMAREZ
227|LINH MCADOO
228|ANDREA DIGESARE
229|MERLENE HARSY
230|JENELLE MASHEK
231|CEOLA BAGLIONE
232|MICKI KNUDSEN
233|ELDORA OSMER
234|JEFFREY RODRIGRES
235|TRINIDAD FLOTT
236|MIRNA KELIIHOLOKAI
237|SIMONNE ROTHMANN
238|SYLVIE FAUBUS
239|SUZANN VEZINA
240|ARGENTINA NANZ
241|WANITA PERRELLA
242|DORI MACIONE
