0|LINDY MCGINITY
1|STEPHANY ROATH
2|ELENE BRISON
3|SIOBHAN SYLNEY
4|RONALD AZAR
5|FE JES
6|KESHA BEZANSON
7|FRED MCELDOWNEY
8|FILOMENA SIFUENTES
9|GRISEL BAYT
10|TONIA RAHOCHE
11|KARMEN PAYANT
12|SHARLA RAUL
13|CRISTEN GADSEN
14|ROLANDA SAILER
15|ELINOR WAROWAY
16|CAMIE BURDIER
17|ROBIN MINKEL
18|MERCEDEZ WHETTEN
19|DEVONA VALKO
20|SIGNE KANADY
21|ERLINDA MICKULSKIS
22|VINA CHITTY
23|RYAN DECONTI
24|DEBBY LOTTS
25|NELIDA CUDWORTH
26|SHERYL PANIAGUA
27|IVONNE UMBACH
28|DORETHEA BIRONAS
29|LECIA STARN
30|GAY BLACKLEDGE
31|JANINE GIRARDEAU
32|YANIRA MOULTRY
33|NERISSA DEREGO
34|TAM DEWOLF
35|CHAE CAMPANELLI
36|SHERILYN PATAO
37|REBA MAHE
38|SANTOS WENDER
39|SHARLEEN KUBASKA
40|FAUSTINA SIAS
41|CATHY BAILLET
42|LUANN CORMANY
43|NATASHA CUPPLES
44|CHANTAL BAUTISTA
45|CARLINE OSTRYE
46|BEATRIZ LOFGREEN
47|JANENE OKIE
48|MARHTA MARCY
49|KAITLYN CLESTER
50|CRISTAL CONDIE
51|INOCENCIA FYKES
52|LOVIE CONSENTINO
53|LATINA STEINS
54|LAKESHA WYRE
55|CRISTINE CONOUR
56|LUVENIA DEINERT
57|STORMY LINGAFELTER
58|LASHAWNDA MONTEAGUDO
59|CINDERELLA KRAWCZYK
60|SINDY AUJLA
61|ODILIA BREVO
62|DOROTHEA HUERTAS
63|VIVIENNE MENDOZA
64|QUEEN SOLOMONS
65|ESTA TOTE
66|TERRILYN FIGUEREDO
67|KYLE PARODY
68|JEANETTE MCWHIRTER
69|LUZ CUMBO
70|CHRISTENE SEPTER
71|DORTHY WEAVER
72|LAYNE PRICH
73|RENETTA SCURTI
74|HILLARY HLAD
75|LIANNE SALADO
76|JEAN SUNGA
77|GIGI WIXOM
78|JENETTE ROSENTHAL
79|CLAUDETTE DRENON
80|MADELENE CARDA
81|CATHRINE ELSMORE
82|MARVELLA DIETZEN
83|VANESSA MUNA
84|MITSUKO STOCKSTILL
85|LAWANDA MONTERROSO
86|CORIE MENDOLA
87|NILDA VEESER
88|SHONDRA EILBECK
89|LORRIE NETHERTON
90|LARHONDA CONDINO
91|CLEOTILDE STABEL
92|LIZBETH KLUSS
93|OMEGA PITPITAN
94|NICOLETTE WENCE
95|SO HAYEK
96|NOELLA PASSERINO
97|AMAL INGWERSON
98|SKYE CARLSLEY
99|KERRIE LESINSKI
100|TASHA KOLAKOWSKI
101|JENI KATA
102|STASIA ELSKEN
103|CHERRY WIATROWSKI
104|LIANNE GERDIS
105|DARCEL CAPECE
106|LIZABETH SEARCEY
107|ORETHA SESPINOSA
108|CORNELIA CROUSORE
109|CICELY CROMEY
110|DANICA GWOZDZ
111|PURA FAGNONI
112|ANNABELLE CANARIO
113|LINNIE BEUTHER
114|XOCHITL MARTIEZ
115|GERTRUDE FOUTE
116|JOHANNA RYKIEL
117|ASHLI LIVERANCE
118|ELFRIEDE ADAMCIK
119|GLENNIE LUFKIN
120|KIRSTEN BANKE
121|VERSIE LAVERTUE
122|TRISTA TEMORES
123|PRICILLA ROBLIN
124|SHANNON GASCH
125|JENNY RODARMEL
126|JUSTINA TWIET
127|LESLEE CRATIC
128|LEEANNE PREWER
129|NELDA DOUBLE
130|HOA SCHMUCK
131|DENA PIETSCHMAN
132|JACQUETTA AAVANG
133|CARMA TORRAIN
134|MIRTA TWILLEY
135|VINCENZA SLAUSON
136|DIONNA BOATMAN
137|OPAL DOBMEIER
138|ADELLE REMSBERG
139|JERALDINE MASSONI
140|DONNIE SURVANT
141|ANNELLE MCMEEKIN
142|MARQUERITE ZEDIKER
143|ALLYN COURET
144|LYNNETTE MIERS
145|MELODIE REECK
146|CAROLEE NASIR
147|THERESE DAUPHINAIS
148|KRISTY LANGFITT
149|TIFFINY HAINSWORTH
150|VERLIE BARBERR
151|BETH KERL
152|JEANNE VREELAND
153|HAYLEY CASSEY
154|VINCENZA WARNTZ
155|LEAH ELSAESSER
156|CINDI CORDER
157|ASHTON KISTLE
158|VINCENZA RODAN
159|SYNTHIA HURRINGTON
160|TAMALA RAMAGANO
161|DEBRAH GLIUES
162|GERRY DINI
163|CORRINE MCCLAUGHRY
164|LESLIE VIGNARATH
165|LAVELLE GRAGE
166|JONA KIMBAL
167|COURTNEY KIRYLO
168|PATSY BUCEY
169|IOLA RUDEN
170|CAMILLE GRUWELL
171|JAIMIE OCCHIOGROSSO
172|NILA POONI
173|BRENDA TABATT
174|FLOSSIE RONFELDT
175|AVELINA CERTALICH
176|MARGARITE MOOTISPAW
177|SILVANA FECTO
178|KYLE WEINZETL
179|LELIA DOLEMAN
180|IESHA NOLIN
181|CARA STAINBROOK
182|JUNE AQUIRRE
183|ALFREDIA TROUP
184|VELVET LONGSHORE
185|HEDY BOISJOLIE
186|AUGUSTINE PROSSER
187|MONICA DIMARIO
188|CELESTA ZIELINSKI
189|EVAN BANBURY
190|JUSTIN SILSBY
191|REYNALDA FOBBS
192|ROSLYN ZUFALL
193|PAMILA OSTING
194|PORTIA MARGUEZ
195|KATHERINA LIPA
196|LOUIS LIVESAY
197|NEIDA REAGOR
198|CHRISTIN SHUBOV
199|CHAROLETTE GULBRANDSEN
200|CONNIE NACE
201|CAROLYNN OUTRAM
202|ABBY BEACHER
203|ALPHA BOSOWSKI
204|NGOC JUAREZ
205|ZANA VANDERBURG
206|MISSY LAVINDER
207|KENDALL MCCAMISH
208|CAMILLE MACINA
209|EILEEN CORZO
210|HOLLIS MARCUM
211|NANNIE ZIBERT
212|PATTI JEANPIERRE
213|GENA GUILIANO
214|KATIE BASCLE
215|NANETTE HARKER
216|KRYSTEN WISCOMBE
217|AYANNA JECKLIN
218|GEORGINA WILLIGAR
219|LINDSY KLAERS
220|MIESHA PARGMAN
221|SIRENA KASH
222|DORATHY VANDERZEE
223|CATERINA GEARWAR
224|PAULETTA RAUTENBERG
225|LEIGH WILBERT
226|TOSHIKO STURGELL
227|MADDIE HEINIGER
228|OUIDA STUMBAUGH
229|JULIANNE GREENBERGER
230|HALLEY BOULE
231|FLORANCE LOUVIER
232|NATALIE MOBERG
233|ERIC YOHN
234|LEONIDA HARIRI
235|KHALILAH CUCUFATE
236|RHIANNON EASTERLIN
237|MALENA ALLANSON
238|LEE MEDIANO
239|MARINDA TOMASKI
240|LOUIS FREIMARK
241|CATHERN RAINEY
242|EULA MAJUSTE
243|SHILA WANSING
244|MARYETTA GABRIEL
245|BERNICE BURLAZA
246|SHIRLEE WILLWERTH
247|SHASTA LANTING
248|CRISELDA GOUGH
249|LATESHA SHINHOLSTER
250|PATRINA BENKE
251|ALEJANDRINA MASOM
252|KATHLENE CLAMMER
253|ALLENA BOURSIQUOT
254|CHRIS KOSTEK
255|BRIANNA BEDIENT
256|LAVADA CERONSKY
257|SHERRON SOLLA
258|PAZ MUNYON
259|CECELIA SZENASI
260|ELYSE KNOPF
261|TAMICA NIEBYL
262|ALITA DAGGETT
263|JOLENE HAMELTON
264|DESIREE GRABLER
265|DEBORA MINGLEDORFF
266|FLORENE ELLIFRITZ
267|JINA CRAYFORD
268|PETRA HALMAN
269|LINDY FELBERBAUM
270|ERMA WELLBROCK
271|TOSHIKO BOUFFORD
272|SHAWANDA KADLEC
273|DIANNA PEADEN
274|EVELIA YARBRO
275|JOAN GOLDKLANG
276|CATHIE SELLAI
277|FLORENE THRIFT
278|SOLANGE SCIPIONE
279|DARNELL QUICKSALL
280|MAYBELLE ROVINSKY
281|GIOVANNA NEIFORD
282|PRECIOUS HOYSOCK
283|LOUANNE SCHAUFELBERGE
284|AMERICA GOODENBERGER
285|BLOSSOM KESZLER
286|SUNSHINE OHLRICH
287|MARJORIE HUEBSCH
288|MACY POLEN
289|JULIANA KOHLER
290|COLLETTE BUDGE
291|BREANN STRAUSBERG
292|CELESTA GRONER
293|CREOLA BYMAN
294|ANGELENA CARRO
295|LARISSA BACKER
296|BRITTENY STROPKO
297|EUSTOLIA DELMONICO
298|SHARYL INGEGNERI
299|GENESIS NORWOOD
300|BEA YOUNGSTROM
301|DANIA POZAR
302|DIVINA GROWDEN
303|BRIAN BRUECK
304|MILAGRO CRUTCHER
305|LATIA BIGUSIAK
306|CARYN DIRDEN
307|DELICIA HUPP
308|KEESHA DUMA
309|ALI BRAZZELL
310|BREANN BICHEL
311|PRINCESS BARDIS
312|TRUDIE GELB
313|RAMONA MARMOLEJO
314|CATARINA SWAM
315|SONDRA MULFORD
316|TANIKA CRYAR
317|JOYCE SWADE
318|EVE ARIGO
319|CYNTHIA BOTHNER
320|ORETHA METTERS
321|MARCENE DIANA
322|MARSHALL FORNATARO
323|MADGE ARCHUT
324|MANY SAPPAH
325|EMERALD WETHERN
326|CHERYLL NEEL
327|TAWANNA EYE
328|OCTAVIA ROCHES
329|LUCRETIA MUTNER
330|MARCELINA ROYEA
331|CRYSTAL SCAFFE
332|VIOLET CHARLTON
333|TANIA HEMMINGER
334|ORALEE VITIELLO
335|FRANCIS SCHATTSCHNEID
336|NISHA LOVEBERRY
337|VANNA LAPUZ
338|KARRI ROSSITER
339|MIMI MEFFERT
340|LADAWN BANDY
341|DONNA PACLEB
342|MAMIE WEEMAN
343|IRINA VANKAMPEN
344|LAKEESHA SLONECKER
345|KAITLIN BOLLIG
346|MARJORY HEMSLEY
347|LAURA CREMEENS
348|VERNELL DAROSA
349|CHERYLL TYLOR
350|MARQUERITE LANGENESS
351|TORA BOMBERGER
352|MINNA CHIME
353|MARYETTA DANCY
354|BOBETTE FABIANI
355|GISELLE LABREQUE
356|IVORY DEPEDRO
357|KISHA CASTANER
358|CAROLIN RIESKE
359|WEN SAZAMA
360|TERISA GRANIERO
361|TEISHA MOOREHEAD
362|OPHELIA LICEAGA
363|ANNABEL LEBEDA
364|MINDY KELSO
365|ERMELINDA LOOTS
366|ARA CALDON
367|FRANCINA ROSILLO
368|ANNABEL BIA
369|DEMETRA FALCK
370|KATERINE MCIWRAITH
371|MANUELA BARBERO
372|BRIANNA STETTLER
373|ROCHELL DOORNBOS
374|ADELL HANCOX
375|SHELA DIZON
376|CARMAN MUCCIOLO
377|VIRGIE THIBIDEAU
378|LANITA BLUMHARDT
379|CATHY WRIGHTON
380|MELANY NOGUERAS
381|KELLI GRAMM
382|VERNELL TAMMINEN
383|LASONYA HOECKER
384|AWILDA STARNS
385|HATTIE CHLADEK
386|DAKOTA HOUT
387|NANCIE MOLINARO
388|CARISA GRABE
389|ADRIENNE GOLDEN
390|ALLEN BELLINGHAUSEN
391|LORENA PENNEY
392|IVONNE LINEBAUGH
393|NICKOLE LINGBERG
394|HELAINE CADARETTE
395|KANDI YARK
396|TERESSA MELLETT
397|NU KOEPPE
398|MINA KALES
399|CATHIE BOYARSKY
400|SADYE NIEDBALSKI
401|ANNE VETTERICK
402|GENIA CERTOSIMO
403|WENONA BUSLER
404|MYESHA DELFI
405|SUNNY SLOMKOWSKI
406|GWYN PUELLO
407|EMERITA MAJOR
408|JACINDA HAKIMI
409|NIESHA CHICCA
410|MILDRED INGRASSIA
411|ERNESTINE DEPAUW
412|BEV CAPINPIN
413|CHASIDY KLEINTOP
414|SHERLY HALFERTY
415|DELL SPAINHOWER
416|LATARSHA SOLINGER
417|SIMONE SETTERS
418|CHANTEL PENNELL
419|ARLETHA ENDERLE
420|CHERYL BACKMAN
421|LAEL ESSERY
422|LETTY DROP
423|LALA SIMINGTON
424|MELISSA TERZIAN
425|CARMINA BENAVIDES
426|JON KNAKE
427|NENA HUVER
428|CHERELLE HULAN
429|LIZBETH IREDALE
430|JERRICA CHANTHA
431|NATALYA NETTI
432|INDIRA LEIKER
433|ANJA ALDREGE
434|SHAUNA HADGES
435|SONYA RIEKE
436|ELENORE BOUTCHYARD
437|ILLA SAINT
438|STEFANIA LEYS
439|ARLETTE HARRIETT
440|ESMERALDA BAIROS
441|JUNITA HENNARD
442|CHANTEL MAUPIN
443|INGEBORG WEATHERALL
444|CANDIS MIZUTANI
445|RENETTA JIN
446|DAINA EARPS
447|TYLER OGAS
448|VASHTI OLNICK
449|ELVIA MYRCK
450|MARITZA POUTRE
451|ROSIE SILTMAN
452|SHIELA DROUGHT
453|JOSIE PARAVANO
454|CORLISS PAGLIUCA
455|JACKI POPKE
456|ESTEFANA SHIELD
457|DELAINE POHLMANN
458|CARYN GARNES
459|MIRIAN VERLATO
460|FLORRIE HUIE
461|RUTHE STREITMATTER
462|GRAYCE BUSTIOS
463|SHANNON CORDOUA
464|DODIE MADERO
465|CHERISE LUNDE
466|KATTIE MIOSKY
467|KRISHNA MURI
468|JULIETA SPRINGFIELD
469|KARINE CARMAN
470|SHEMEKA ANGELOS
471|IZETTA POCASANGRE
472|EBONI CAMEY
473|PHEBE SHINHOLSTER
474|ETHELENE VENDETTI
475|FAWN LOFTMAN
476|YOLONDA HESKETT
477|DAYNA HUGHLEY
478|TABETHA MERRIGAN
479|ODILIA BLUDWORTH
480|NIKOLE DOCKERY
481|JANN CHAVIS
482|ANYA GANGWISH
483|QUYEN ENTRUP
484|LETISHA BUNTEN
485|RUTH CHEVARIE
486|LAURYN ESTREM
487|MICHAEL CARMOUCHE
488|TRESSA MACY
489|WENDOLYN BAUMAN
490|FELISHA SAULTER
491|ROSANA SCHOOL
492|SIDNEY BEUL
493|ARLEAN JOEHNCK
494|PATRICE MEYN
495|EMELIA MALZHAN
496|EMMIE EIDE
497|JULIAN METTS
498|GEORGIANN BREAKER
499|MONICA CUMBASS
500|NAIDA TAFT
501|VERONICA NEVLAND
502|VANIA YZAGUIRRE
503|CLARETHA ASPER
504|LONNIE MEZQUITA
505|DEMETRIA NILSBY
506|MILLY AZZARO
507|ALENA REMIGIO
508|DELPHA MALBOEUF
509|FLOSSIE HEMKER
510|ANTONETTA DASMANN
511|ELFRIEDE DEVARY
512|ROSSANA GARRY
513|VINCENZA RADOMSKI
514|SHELBA HUFTON
515|GINGER MOGANNAM
516|ONEIDA ROYE
517|COLEEN LIA
518|KYONG ISHAM
519|CHERRYL TERREY
520|CAMIE PROMISCO
521|SHARA COOKSLEY
522|BERNARDINE DREUITT
523|ORETHA ABBRUZZESE
524|KARINA RIDDELL
525|MARYBETH BREHM
526|TASHIA RALAT
527|NICHELLE KEITHLY
528|FELICIDAD BITAR
529|STACEY SEBOURN
530|LAVERNA KASTER
531|DORTHEY BOUTTE
532|DOMINGA ELDREDGE
533|RIKKI ESQUE
534|CAROLINA KINMAN
535|STEPHENIE NOVETSKY
536|KATIE REPENNING
537|MARGERET MESTEMACHER
538|VIOLETTE SILBERBERG
539|TAMERA NEISWANDER
540|NICOLASA STANDRE
541|ERYN NEES
542|LUCILE HUISMAN
543|NORAH JUNOD
544|ELBA BROOMHALL
545|SANDI YSAGUIRRE
546|NGAN HEWES
547|SANDEE KIMBERLING
548|CORINE ARDUINI
549|LANORA SCHRAMEK
550|JACKELINE DANE
551|LATANYA LEBSACK
552|FIDELA LEIBA
553|GERRY TEXTOR
554|LIBBY COMBER
555|WENDY BURKDOLL
556|HEATHER PEFFERS
557|BOBETTE COOPERMAN
558|NORMA PASWATERS
559|PATTI DAIS
560|PHUONG GENIER
561|AUDRIA PRESSLY
562|DALLAS DUPERRE
563|MINDI LOI
564|LUELLA GRAYDON
565|GAIL JAENICKE
566|LAVON KITZMAN
567|SELMA PELZER
568|KRISTI SANTOYA
569|GIA CARTMELL
570|JUDITH BAYNHAM
571|TONYA TEMPLETON
572|IVORY BUNDLEY
573|EVANGELINE BUCHANNAN
574|COLLEN PARRACK
575|TAMICA FRANKENREITER
576|LARAINE BELZUNG
577|LILIAN MELENDY
578|ILONA STUBBOLO
579|ALFREDIA HILMES
580|DULCIE KOCZWARA
581|AISHA LARRICK
582|ARLINE LASCALA
583|JEANE SCHACHERER
584|JAMEE PASHO
585|TAMICA TRELLES
586|SIOBHAN FARMWALD
587|CHARLOTT SAMII
588|ILANA BERNER
589|ELISA ARONOWITZ
590|GIOVANNA HORNIAK
591|MICHAEL FORTSON
592|ALPHA CASSARO
593|ZOILA CWIAKALA
594|JEANNETTA MANZ
595|ALPHA DONAGHUE
596|LILA MARICHALAR
597|GRACE TABIOS
598|TILDA YOUSE
599|DEANDRA VIRGADAMO
600|CANDI PINNIX
601|LATIA TARTAR
602|RYANN SELMA
603|JONELLE SUKHU
604|FREDERICKA GRAHL
605|APRYL FITZGERALD
606|LYNDSEY RUMAN
607|ADRIENNE ARCARO
608|CANDIDA NOFSINGER
609|JAMILA PRIGGE
610|QUIANA MASTROBUONO
611|ROBYN BAHRKE
612|BERYL HAGGINS
613|WANETTA NOLETTE
614|DORINE HALPHEN
615|DONNETTE BRIENEN
616|FELICIDAD HAUT
617|ROSANA NEGRONI
618|NANCY FRYMAN
619|JASMINE SUTHAR
620|CREOLA LISKOVEC
621|ELENI DIVINE
622|SAMIRA LARONDA
623|ULA FOLLIE
624|GENEVIEVE WILDERMUTH
625|MILLICENT LOVEMAN
626|EUSTOLIA CLEMENTI
627|BERNIECE BRINKER
628|KANDY HAUSNER
629|ALFREDA FALSON
630|MAISHA RAMERIZ
631|LUCILLA MCNAMER
632|DEBROAH KOTAS
633|MARYBETH HINCKLE
634|VIVIEN GIERE
635|GAY CAPPELLI
636|KIMBERLEY LEKWA
637|ASHLIE FAMAGELTTO
638|CARL ELSBERRY
639|ANISA HALBUR
640|BAMBI JENNINGS
641|ARLINE KACZYNSKI
642|JOVITA CUCINOTTA
643|ROSELYN WIEDRICH
644|ETHA CHAYKA
645|ISA SCHNECKLOTH
646|RAEANN SRNSKY
647|MARGOT BUCKLE
648|FLORIA LEUBNER
649|CONCEPTION BUSSER
650|SERAFINA DUBECK
651|AMBERLY DRAFTON
652|JERICA SODERQUIST
653|KIT NICOLS
654|IVORY MANTIONE
655|REGINIA PUTASKI
656|LIGIA BARRIENTOS
657|NUBIA RONS
658|QUIANA PANKOW
659|CANDYCE ALTOMARI
660|LEON WILBOURNE
661|GENEVIVE SVEC
662|WAN SAYLORS
663|ALYSE SCHEURING
664|KRISTEL POLIMENI
665|VALERIA PAYNES
666|IRA LEXER
667|ADELIA WILE
668|GLENDA LAUNIUS
669|PRUDENCE GERBERICH
670|EWA REETZ
671|BOBBIE LARAIA
672|VERNELL BIERSTEDT
673|PATTIE CHALLA
674|SYDNEY OHMIE
675|ANGELINE BRANNON
676|CARI SIM
677|KIMBERELY CASTELLO
678|ROSALIA BROOKINS
679|TOBIE PIROZHKOV
680|RASHIDA SEDILLO
681|LISE KEAMO
682|HELEN FERNANDERS
683|JANI BERGEN
684|MARLENE CLEMENTI
685|MARRY WASKOW
686|JOYE URDA
687|DORETHA DECARVALHO
688|NAKISHA BAROODY
689|SHERLYN CHRUCH
690|VELVA GAUSMAN
691|VASHTI BARKES
692|TORIE PALS
693|SHALANDA BAREFIELD
694|MICHAELA DEINHARDT
695|BRITTANY ONITSUKA
696|LAVETTE MCCLYMONDS
697|JOHNNY CERVONI
698|ROCIO KOVATCH
699|DESPINA FILIAULT
700|SHEMEKA MOUDY
701|LUCILE SCAFE
702|LACHELLE NOVOSEL
703|SHARI ELMENDORF
704|WHITLEY PARADO
705|LESHA SORUM
706|LEEANNE ESLER
707|MYESHA COTRELL
708|TULA BRISLAN
709|LUDIE RIDOUT
710|FELICITAS QUINCEY
711|DONELLA MASSARO
712|DELIA RIHA
713|MAISHA SAFLEY
714|KYOKO HARKAVY
715|LEEANNA SCHEETS
716|DENAE HIRSCHBERG
717|AGRIPINA SCHNAKENBERG
718|GENA MUCZYNSKI
719|LEKISHA BRANNEN
720|ILUMINADA GRAUMAN
721|MIRTA DAUBENSPECK
722|ROSAMOND PALMITER
723|LORIA HAQUE
724|PATTI DETIENNE
725|JACQUALINE EVETTS
726|MARINA SCIVALLY
727|RAYE SCHACHTER
728|SHAE HARSTON
729|ANDREE WALSWORTH
730|KRYSTAL HAINS
731|ORA DEPOTTEY
732|LAUREN MITTAG
733|ETHYL FACEMIRE
734|ELWANDA DUBOW
735|ASTRID SHELPMAN
736|GERI TRUMBLEY
737|LUCILLA NICOLOZAKES
738|MARISSA DEGROSS
739|KIMBERLEE DIDIER
740|MARILYN VRIAS
741|LAKIESHA HAJEK
742|LIA LARROW
743|CANDELARIA AREND
744|BEATA JURRIES
745|EUNA REVELLI
746|MEAGAN SICKAFOOSE
747|SHARILYN SEGUNDO
748|FRANCENE SEBRON
749|RASHIDA SARSFIELD
750|DONNETTE MARCET
751|LENORA TRAVER
752|HENRY LATOS
753|RENDA SWARTZBECK
754|CAMELIA CASELLA
755|DORLA GAUB
756|HELEN HANSES
757|LORY LAULU
758|VI HARDISON
759|EMILEE RATHBUM
760|LOVE LOBE
761|TESHA MCGRANE
762|GLENNA KILBERG
763|JEANA JASTREMSKI
764|KATHERINA PASQUALINO
765|MERLENE BRABAZON
766|MALISA SPANSKI
767|TREENA HAYWORTH
768|PEARLENE WALLOR
769|CAROLIN SOBERS
770|NANCY LAZA
771|LUIS KRAMER
772|MICKEY SIEBENALER
773|MARIANN MAS
774|SHANTE BASTEN
775|ESTELLE BOTTENFIELD
776|LUCIA SIRIANI
777|RASHIDA GREENBURG
778|PRICILLA PARTHEMORE
779|ALINE DOUNG
780|FREEDA WESER
781|MEREDITH NALLS
782|LITA DEPRIEST
783|ELEANORE LAWTON
784|SATURNINA SOMMER
785|LACEY LIVLEY
786|MARLINE LINGBERG
787|EUGENA COPENHAVER
788|NETTIE PIRAINO
789|ALMEDA CACHU
790|DELORIS SALEMO
791|DELOISE MENCER
792|CRUZ SLOVAK
793|MEG MELLS
794|LAURA PERRUCCI
795|OLINDA NIN
796|ELFRIEDE KRUZEL
797|JANAY UNNOLD
798|LARRAINE GOODPASTOR
799|CLEOTILDE MUSKA
800|BRYANNA PRICHARD
801|KAMILAH YARRIS
802|CHERE STAVISH
803|WENDOLYN GLOSSNER
804|VALERIE MCCONICO
805|CHERRIE HALLINAN
806|SIMONNE KUIPER
807|ORPHA BUCKINGHAM
808|PAUL SILOVICH
809|SHARYL KASTLER
810|VENA REVALEE
811|KRISTLE BLANCHARD
812|JENELLE PLANTENGA
813|CLAUDE CLENNON
814|WILLETTE SCHWOYER
815|KIRA IRSIK
816|CASSAUNDRA CASCIO
817|JEANE GEORGEVIC
818|MERIDETH STAGER
819|CLOTILDE PETRECCA
820|CLARIBEL MCLEOD
821|JACKIE BOSSI
822|DEIRDRE SCHECHTMAN
823|ANDRIA METTING
824|CLEMENTINE MATLIN
825|STACEY RENOSKY
826|TOBY STACK
827|SHANTI BUONAMICI
828|MINDA REMEY
829|PAULETTE WALKOWSKI
830|LOUVENIA SEMLER
831|CAROL ARLINGTON
832|MADISON WAIDELICH
833|KRISTLE KRISE
834|CHERYLL FALLDORF
835|ELISHA DAVISSON
836|AUGUSTINA SAMA
837|HOLLI KRZYWICKI
838|THORA DOWDALL
839|LUPITA REMBERT
840|LURLINE SCUNGIO
841|ELADIA LAUCHAIRE
842|CHUNG ABSON
843|JONA LEMBKE
844|RAEANN SUSLA
845|ROSANN TENEYCK
846|FERN SCHMAL
847|NOELLA VIDRA
848|LINDA AWAI
849|PETER SANTHESON
850|DELLA HISEY
851|LEZLIE ROTHGERY
852|JANAE CRESS
853|SABINE ALPHIN
854|THEOLA MOTAMED
855|ZELLA FRUM
856|ELAINA CABANISS
857|ILENE PIERDON
858|BRANDI YAKULIS
859|JANINE MALAFRONTE
860|ANGELIC WHITTUM
861|LIZETH ARANO
862|SHERIE HAW
863|ASTRID DELGRECO
864|ROSELIA DREWERY
865|CAYLA DELGUERCIO
866|JANENE ROTTNER
867|JANN HARRALSON
868|MALLIE DAWLEY
869|CALLIE SEVERO
870|EILEEN DROWNE
871|ERMINIA CANPOS
872|KATHE OHRNSTEIN
873|FABIOLA DIMITROV
874|MABELLE TAMONDONG
875|CECILY MERCADANTE
876|JANNIE SKALA
877|AIMEE GENDUSA
878|EPIFANIA CABADA
879|MARICRUZ STEENHARD
880|ERYN MADGE
881|TRUDI YAU
882|MARGORIE LETCHWORTH
883|ILA GEBAUER
884|PRINCESS CURRENS
885|NOHEMI CHARLETTE
886|SHANAE ELFSTROM
887|AGRIPINA ZUBKE
888|INGEBORG MULLINGS
889|DOROTHEA SIMEONE
890|KYM PADMANABHAN
891|CRISTA FREISEIS
892|ADENA COULEY
893|MELONIE HEISTAND
894|ORA BAARS
895|CANDICE TLUMACKI
896|TERA STAUCH
897|ADRIENNE TENDA
898|MALORIE AUBERT
899|VILMA GOODLOE
900|DELL ANIMASHAUN
901|VERNIE WINKELMANN
902|AFTON CAGLEY
903|SAU ROBILOTTO
904|LAURETTE QUARRELL
905|JESSIE BINN
906|JENNIFFER FICKAS
907|VERTIE VANZEE
908|NELLY GARTEN
909|MAISHA SANJURJO
910|NAOMA KOLIKAS
911|LELIA ESKIND
912|LESIA FURNARI
913|YUKIKO FAVRE
914|LARAE NONDORF
915|ROSAURA OSHIELDS
916|NGUYET RASUAL
917|ZULEMA PONTO
918|AUTUMN DARITY
919|LEOTA BLASZ
920|MAGDALENA SARDINAS
921|SHAVON MOBERLEY
922|TAREN LANTRIP
923|ROSENA KOBER
924|ANETTE MILOSCH
925|FLORENCIA TEDESCHI
926|JANEE DOXTATER
927|CLARINDA CALO
928|GERALDINE MEMOLO
929|INDIRA SHAUGER
930|SHANE PALACIOS
931|LEONIA BOERBOOM
932|ELEONORA LEISY
933|ROSAMARIA STITH
934|BELIA HEGARTY
935|ALLEGRA GAYFIELD
936|NILSA CORDON
937|SHANTA ARB
938|BUFFY NEEDLES
939|KENYETTA HAMMONDS
940|ISABEL MONK
941|DENA MALANAPHY
942|JACK URIAS
943|LILLIE MEDINGER
944|JAE GLUD
945|VITA KRIKORIAN
946|ROZELLA ANNUNZIATA
947|EVELIN MEGEE
948|MARYLEE MEWS
949|VANDA BENITEZ
950|DAPHINE SEYBOLD
951|TRINH CHEUNG
952|MYRIAM DILLMAN
953|CHERISE ZAIC
954|EVIE LANDRIE
955|SHARICE WALIGORA
956|CURTIS RAINEY
957|BRANDIE KRYGIER
958|MAGGIE MALATESTA
959|NIA SCARSDALE
960|HSIU PRECHTEL
961|LESTER DUVA
962|FAYE GARNS
963|AUTUMN FOSSELMAN
964|TRISHA MOZICK
965|SHANEKA FURER
966|CARMEN JORDISON
967|KRISSY GARNSEY
968|ANABEL BEAUFORD
969|TERESITA CLAYBRON
970|MARCELLA FARISH
971|NOLA GIRON
972|ANGELINE HUESMAN
973|ALLEEN UBER
974|PENNI GERSHON
975|ARDELIA SANKER
976|URSULA BLASZCZYK
977|NADIA PRIBBLE
978|ANNAMAE NOYD
979|ELINA TETZ
980|MOLLIE TUELLER
981|BARBIE SPRADLEY
982|TAMMARA SHOTT
983|ALI FONTELROY
984|MIRTA DUNDERMAN
985|JESUSA ALBERRY
986|OLEVIA WESSELINK
987|ERLENE ZACHERY
988|NILDA MARMION
989|BILLY HENSDILL
990|JANETT CIESLUK
991|MARGERET KOPPINGER
992|SHARYN TARBET
993|KANDRA ELFTMAN
994|LORENE SHERIDON
995|JERRICA DENARDO
996|SEEMA WASSER
997|CYNDI KRASON
998|VICENTA BOBOWIEC
999|SHANE BIDERMAN
1000|NIESHA LOUDON
1001|VICKEY PRAZERES
1002|KAYLA PATCHES
1003|DEANDREA MCZEAL
1004|AURELIA VALENZULA
1005|REINA SANDLAND
1006|ASUNCION BROZESKI
1007|JANAE MCGIBONEY
1008|SELENE HAIRR
1009|VERONIQUE KASKEY
1010|MARYANN ANA
1011|SHARMAINE RUNGE
1012|BIBI IKEHARA
1013|ELIANA SHONTZ
1014|SHAYNA BRUN
1015|SANDY HUITT
1016|HERMELINDA LAMBERTY
1017|CLARETTA ZAHNOW
1018|DORCAS BARSOTTI
1019|DARLENA FIPPS
1020|JEANNETTE DALESSIO
1021|MISTI VILLARIN
1022|JAME PETRON
1023|AKIKO LECOURT
1024|MILAGROS CUTTINO
1025|CELINA BULTMAN
1026|MARSHA MATZKE
1027|ARIANA YATER
1028|MAREN ERIXON
1029|KARLA JUBEH
1030|AIDA DICKERT
1031|MELBA NAEGLE
1032|TAKISHA BURCHAM
1033|MADDIE MUSSE
1034|YAEL MANIACE
1035|JOETTA PORTER
1036|SHAYNE ZABBO
1037|LEIGHANN IRESTONE
1038|LOYCE AKANA
1039|NIKI KROES
1040|SIU MOURE
1041|LOREAN RABEL
1042|LORINA WOJTCZAK
1043|ARTHUR SUNDELL
1044|ROSALEE GROENE
1045|VERDA CANAL
1046|VANNESA BASCOMB
1047|MELANIA CARTRETTE
1048|PAOLA RILLERA
1049|PEGGIE PUNT
1050|VERLIE GRABONSKI
1051|MAYBELLE PADINHA
1052|TRINITY SETTLE
1053|CARLEEN LASATER
1054|TRINIDAD LAFLORE
1055|BULAH IBARRA
1056|ZELLA STARRITT
1057|LORETTE HARBIN
1058|ARLENE PROSPERO
1059|LAVINA SABER
1060|CONSUELO JUENGER
1061|IRISH NUMBERS
1062|PHYLLIS BOULDING
1063|BUFFY RECUPERO
1064|MATHILDA APYUAN
1065|KORTNEY APEL
1066|YUKO CAGNEY
1067|DANYELL FORMICA
1068|CHLOE BONANNO
1069|IDELLA POZNIAK
1070|RUTHE RIDINGS
1071|KATHERN MILLION
1072|EUSTOLIA EAGLETON
1073|SHARI LIED
1074|CONCEPTION PELZEL
1075|VONDA MEGRAW
1076|EBONY MAGNETT
1077|HSIU TAORMINA
1078|JONELL DUMMERMUTH
1079|ARLA ALDRIGE
1080|MAURINE CHIZEK
1081|LATISHA MAIONE
1082|PENNI PELLITTERI
1083|LIZZIE GOGOCHA
1084|JESSICA CARIS
1085|CHUNG GORIUS
1086|LARAE MONTE
1087|VANNA RAYNOSO
1088|LORELEI CROWLEY
1089|TIFFANIE DAHLMAN
1090|AFTON APODOCA
1091|ISABELLE TOLCHIN
1092|GIA BRIAN
1093|EBONIE BUFORD
1094|KRISTIAN LESS
1095|ETHEL DEFENDERFER
1096|IZETTA BRACKMAN
1097|SHELA WOJTASZEK
1098|ANGELINA LOVENBURY
1099|EDA HEISE
1100|NILDA DEGADO
1101|TA CSUHTA
1102|VICKIE GLAVES
1103|ERLINDA TRELEVEN
1104|MICHELINA FINCHMAN
1105|THORA ROHM
1106|EMILIE SKARTVEDT
1107|KEELEY STEPANIAK
1108|ISADORA VILLWOCK
1109|JA KINZINGER
1110|DAWN FRATTA
1111|ROBBIE BILLEGAS
1112|THERESA KURISU
1113|MARCELINA GRAINGER
1114|AUGUSTINA KAPPA
1115|MAI YUSTE
1116|KRYSTINA MARA
1117|MIREILLE CLOSSIN
1118|DENISSE EDIS
1119|TRENA OVITZ
1120|REATHA AVERILL
1121|MEREDITH ACRON
1122|VINITA MAGUIRE
1123|ELENI NEWSTEAD
1124|TEQUILA FOSSEN
1125|HELLEN GARREH
1126|GILDA MANDIA
1127|SHA OCHSNER
1128|BREANNA MIHALIAK
1129|KENDALL SIFERS
1130|MARIKO MALLIS
1131|CEOLA FEHL
1132|OMEGA MCGATH
1133|ASIA BLORE
1134|ELAINA TURRIGIANO
1135|ELFRIEDE BAENA
1136|PAULENE CENTANNI
1137|PARTHENIA KOCKLER
1138|EMA GIOVINCO
1139|ANGELIC UZZLE
1140|SHANTAY HAWKINGS
1141|SIXTA ESTABROOK
1142|YETTA ALIMENT
1143|MARIAM HELMSTETLER
1144|KECIA SHEHATA
1145|GARY TEVIS
1146|ERNESTINA CLANCE
1147|LAURICE GARRISH
1148|MARLINE ALHAMEED
1149|DETRA SPILLANE
1150|LUNA MCKEON
1151|LOURDES QUANCE
1152|SARI COUTINO
1153|AURORA BUZARD
1154|LANI BIELEFELDT
1155|IRENA TREMBLY
1156|SILVANA ESTEVE
1157|LIZABETH WESTMAN
1158|FIDELIA LIEM
1159|OLINDA BLANCHFIELD
1160|ZOLA LIUZZI
1161|TONIE LAMPEY
1162|KERSTIN TARDUGNO
1163|MANDA BOSKO
1164|ELEANORE PROSPERIE
1165|LOVELLA LUMADUE
1166|ERNESTINA SIVIA
1167|DULCE BRASBY
1168|SVETLANA CASSATA
1169| CLUBB
1170|ALISSA MCALEESE
1171|ALENA SANOTS
1172|TAMA CALVAN
1173|ELIZABETH RADUE
1174|LESIA DEPIERRO
1175|NOREEN LOERWALD
1176|RETHA SCHEFERS
1177|EMMIE ROMERO
1178|PAULA JAIN
1179|RIKKI NAILOR
1180|IMA SILVIS
1181|CORINE DIETL
1182|PHEBE FLAHIVE
1183|SHIRLY HEINIS
1184|BRITTENY FORGUE
1185|ALBERT HAVEMAN
1186|KORTNEY FONDER
1187|CELIA SUBLER
1188|LAVERNE QUADE
1189|LEESA EKMARK
1190|TULA KNOCK
1191|ALETHIA ALAM
1192|TRISH CLUCK
1193|LETHA KRUL
1194|MALISSA STREAMS
1195|JENICE WOLFGRAMM
1196|MERLYN RASLEY
1197|TAYLOR HACHIGIAN
1198|ANNABEL RECEK
1199|PHUONG JANECKA
1200|YOLANDA SELDON
1201|SAVANNA RANILDI
1202|KYLEE HUGHLETT
1203|CECILA DEBUTTS
1204|PURA NADEAU
1205|ROSALINDA GUARDIPEE
1206|KRISTEL TSCRIOUS
1207|MARYBELLE PENDER
1208|ANALISA STEINMETZ
1209|DANNIELLE CHAMP
1210|GIANNA GIDLEY
1211|JEANMARIE AILEY
1212|MISTY KUKURA
1213|ELOISA DOBRINSKI
1214|LASHUNDA PRAST
1215|ONIE CORNETTA
1216|ARMANDINA ANON
1217|SUSANN ZUPAN
1218|TERESITA GOOLSBY
1219|MARICA JOSLIN
1220|LINDSEY KEOBAUNLEUANG
1221|MAN FILLARE
1222|JESUSA BENION
1223|LASHAWNDA MOSSBERG
1224|RAYMOND DELGIUDICE
1225|MARGET MOLYNEAUX
1226|GLADIS MURRI
1227|COLLENE EREKSON
1228|SANTOS MONGOLD
1229|KRISTLE LOHRY
1230|CHARITA MONDOUX
1231|THRESA CALCO
1232|EDA ARNAUDET
1233|KINA HERBSTER
1234|CARLA PYANOWSKI
1235|TATUM SCHUETZ
1236|MERLENE BERLINGERI
1237|ADRIEN MCCLINTIC
1238|ALISSA RUBERO
1239|ANAMARIA MANEMANN
1240|LIZETH ROEHRS
1241|ALESIA THURGOOD
1242|SALLEY DRAWBAUGH
1243|LUDIVINA LAGRIMAS
1244|LATIA POPIELARCZYK
1245|RACHEAL GAPPA
1246|KARYL REPACI
1247|URSULA GUILD
1248|VIKI RAINEY
1249|YAJAIRA GOUR
1250|ALEIDA LUER
1251|BERNARDINA ATER
1252|ESTELA RIDGEBEAR
1253|LINETTE MCWHERTER
1254|NYDIA RUFFINO
1255|CHARLES WINBERG
1256|YESSENIA BALLEK
1257|IGNACIA KERNE
1258|PHYLLIS SZAFRANSKI
1259|TARA HARTHORNE
1260|DARLA LUMBRERAS
1261|CASSIE LEHRFELD
1262|FLORA CIANCIO
1263|PETER ALACANO
1264|HARRIETTE KULACZ
1265|MERI LEK
1266|EUN WITTEKIND
1267|DELIA WILLIAMON
1268|CARINA GOSHEN
1269|CARLITA STADE
1270|JALISA DIMERY
1271|JUDITH STREEBY
1272|EMMALINE REDMANN
1273|LACY GOSCHE
1274|CHANTAY MOK
1275|WILLIA WALTON
1276|KAREY FARFALLA
1277|KEREN BRACKLEY
1278|LISA AGUILLAR
1279|SHARITA MCFARLING
1280|KILEY CICERO
1281|DIONNE CONTRARAS
1282|KRYSTEN CHEIRS
1283|DEBROAH DONER
1284|SHAQUANA TRESVANT
1285|DEDE MICHELENA
1286|HAROLD LAUNIERE
1287|LATONYA WEIT
1288|DESIRAE REININGER
1289|ECHO ESSIG
1290|MOZELLA ASKREN
1291|FELICITAS BUCHHOLTZ
1292|MILDRED WESTBURY
1293|LEAN HATHAWAY
1294|CARMELIA LIEBERMANN
1295|LONNIE PRESA
1296|SERINA GARANT
1297|LUCIENNE ONSTOTT
1298|RICKIE MAHON
1299|SHANELL FARIN
1300|MCKENZIE TEETZ
1301|HOLLI JACOT
1302|UNA MOONS
1303|CARMELA OTINGER
1304|GEORGEANNA ANGVIANO
1305|DALE LISONBEE
1306|ALISA WESTMORLAND
1307|LUDIE INNISS
1308|WILLIEMAE GRODI
1309|LILLY VERTIZ
1310|MAISHA MATKINS
1311|GLENNA HIGASHI
1312|THERESA AALBERS
1313|NORAH SLEPPY
1314|IVANA ROSENBLOOM
1315|CORIE UTSEY
1316|VANNESSA GRUETT
1317|TAMEKIA JUSTINO
1318|LUE TERR
1319|INGER PHONG
1320|ANGELES WALDROOP
1321|ROXY WUNG
1322|LORINE HEIDGERKEN
1323|PAULITA HUTCHERSON
1324|KERA MACARTHUR
1325|TOSHIKO MEGGERS
1326|NIKIA ANSLINGER
1327|EUNICE KOSANKE
1328|ODETTE SONDRINI
1329|LUCIENNE RANGE
1330|LAKENYA CHINN
1331|TANA RANSBOTTOM
1332|SANDRA RINGHOUSE
1333|HELGA BESA
1334|SHELA HELVERSON
1335|HILDE SODER
1336|BEVERLEE SIECZKA
1337|DOROTHY WAISMAN
1338|MAIRE OKORUDUDU
1339|ARLEAN MONTEVERDE
1340|WILHEMINA AMPARAN
1341|SHANTEL ELLIE
1342|DANICA MARUCCI
1343|SONJA POUNCIL
1344|LEANNE PUJIA
1345|ELIDIA PALERMO
1346|REMEDIOS MEALER
1347|ZULMA PARMA
1348|SHANA KOVALCHECK
1349|CONSTANCE LODENSE
1350|GEORGENE UZZO
1351|AGNES STOUFFER
1352|LEANN BROADNAX
1353|SHIZUKO HORNS
1354|YUETTE CIALLELLA
1355|KATHERIN KASUBA
1356|ALYSIA SAVAKIS
1357|DANI SHIRAKAWA
1358|CHARLA GRIGOROV
1359|GENNY SCHOULTZ
1360|CECILE VONSCHRILTZ
1361|ALEXANDER SUTO
1362|REBECCA BENNAFIELD
1363|ARDITH CORA
1364|SHENITA CANGE
1365|DODIE POHLMANN
1366|CLARE CARR
1367|ZENAIDA NADOLNY
1368|TANYA MADONNA
1369|ELOUISE KIMBALL
1370|MISTY VOGDS
1371|JEREMY BLANCAS
1372|SHERIDAN MUTHLER
1373|XIOMARA MCCURDY
1374|LINDA SAMFORD
1375|THERSA VOTAW
