0|VICKY EKSTEIN
1|LANELLE ZALEWSKI
2|COLLENE MCCHESNEY
3|LAURETTE BOATWRIGHT
4|KASHA STRAYHAM
5|MARIVEL DANNELLEY
6|ADRIAN ROCKELMAN
7|IOLA BROUHARD
8|ARDATH BORON
9|SHELBY HUCK
10|HEDY HILU
11|VIKI FIRESTONE
12|CHELSEA SHILLITO
13|KRISTIE BLARE
14|CHARITA CLONTZ
15|EVAN ENCALADE
16|YASUKO DESHA
17|BETHANY SMALT
18|MIKKI MONTUORI
19|NISHA LUBER
20|PHUONG BUSHLEN
21|KYLIE HARDESTER
22|KYLEE HARIAN
23|FLORRIE FACKRELL
24|CHASIDY MATTOX
25|MARGARETE BONDURA
26|DORETHEA NOONKESTER
27|NA SHRUM
28|LINDSEY ROUT
29|ARLINDA HENTRICH
30|FRANCES VELAZGUEZ
31|KARLYN PERESSINI
32|LENITA ABAJIAN
33|HOLLEY SEPT
34|CLYDE MIHALIK
35|OTELIA CASHETT
36|ALFREDIA WAND
37|ROLANDA DEMARAIS
38|KENIA HEATHCOCK
39|ERMELINDA RONERO
40|CHARISSE SOLER
41|HULDA BRACKENRIDGE
42|SOLEDAD BOHNER
43|TOMMY SAXE
44|KRISTA ELLISTON
45|VALENCIA POPOVICH
46|ANGELO HEARON
47|SHARICE SEANG
48|GAY LEAB
49|MARGERY WALLERICH
50|GENNY DOLPH
51|MARIO TABOLT
52|VAN LUQUETTE
53|MARIA MAYSONET
54|CARYN BREISCH
55|JANYCE WARSAW
56|JACQUIE JU
57|CATHERYN ARAGONES
58|RONNI BAZZELL
59|NEDRA VANALLER
60|RACHELL SORIN
61|SHALANDA OCON
62|BEATA COURTENAY
63|GENEVIVE CABLA
64|CECILIA SCHRUM
65|NERISSA ABERNATHA
66|DELOIS CAPOBIANCO
67|LETTY SONNENFELD
68|HATTIE KENFIELD
69|ELEONORE ROOKE
70|TAMEKA KLAYMAN
71|MARIANELA MCGINISTER
72|ASHLEE ZAHRA
73|DANN STENGLE
74|AMIE KOCIAN
75|SIBYL GALLASPY
76|JOSHUA BUERGER
77|LASHELL EMBLY
78|HALLEY PREISNER
79|INELL LANSBERG
80|BEVERLY KLETT
81|DEEDEE SPRVILL
82|BAILEY SPONSELLER
83|JONG BAKEMEIER
84|KAMALA ELVEY
85|CYNDY DOSS
86|ILANA AERY
87|CIRA HORNACK
88|LEEANNE BOKOR
89|THERESIA NUESSEN
90|ANTOINETTE ABDELAL
91|PARTICIA KAWCZYNSKI
92|NONA SZYMANOWSKI
93|CAMMIE GRIDER
94|LASHANDA HIGUCHI
95|TISA BILTON
96|EUGENIE STUBBERT
97|LYNSEY MCDERMETT
98|CAROLE DITOMMASO
99|CARIN PRESUME
100|THERSA MCCALLON
101|CLARENCE AGUERO
102|MAURITA BIZARRO
103|DONG FALICK
104|PANDORA OLDER
105|LASHANDA RUVALCAVA
106|JACKELINE SWELGART
107|MELAINE SCHMUNK
108|LATOSHA GERVASIO
109|CEOLA HOLSING
110|YING HARVISTON
111|DIANNA BRANDELAND
112|MADISON PRYZGODA
113|SHERRIL CROPLEY
114|CHRISTIANA STEFFLER
115|HORTENSIA PLUMA
116|HANNELORE ALLEGOOD
117|ARDELIA ARINGTON
118|SELENA MUSS
119|ELISABETH SPLETT
120|CAROLEE CASTRICONE
121|VALERY THEW
122|MAGNOLIA PREHN
123|SKYE HASSIAN
124|SILVA NAAS
125|CECILY SAVARESE
126|ALLYN LEGASSIE
127|EFFIE SIEBENS
128|PHILOMENA ESCOBEDO
129|TERESA DRIESBACH
130|TRENA NIEHUS
131|TALISHA PARAVANO
132|BOK NEAS
133|KRISTYN BOURGOIS
134|SERINA HORNADAY
135|ROZANNE LUPACCHINO
136|ANGIE THOMBS
137|JONE NOTHSTEIN
138|SHAQUANA IHRIG
139|SYBIL BERNOT
140|ROSIA CROMUEL
141|SILVA MERVYN
142|CAMILLE SIKANDER
143|DOREEN SHACKFORD
144|LEON YUAN
145|ALISA DREXLER
146|KINDRA SIENA
147|HAZEL PERILLI
148|YASMIN PAPARELLI
149|EASTER MARGARYAN
150|COURTNEY HANSARD
151|ALYSA HELSEL
152|LEXIE LONGPRE
153|LEONARDA MATCHETTE
154|KATHERINA ARLIA
155|BELINDA BLENDEN
156|ADELL HOWISON
157|HESTER PEPPE
158|DOMENICA THORBURN
159|SHANTAY SAIDI
160|EUN FOX
161|MARTI BJORN
162|CREOLA HELDENBRAND
163|RUTHANN BRIZENDINE
164|LAKENYA SHIMO
165|GENEVA ELSHAIR
166|TOBIE MUNDERVILLE
167|MARCELLA DIPRIMA
168|BRITANY SOWELS
169|ELMA TREML
170|CHARISSA HASTIE
171|EULA VIAS
172|SOL NOWLING
173|KASEY SENFT
174|WILLETTE SHIREY
175|KENA CHEEKS
176|PATSY EDDINGS
177|HEIDI DOCHTERMAN
178|RONI MARONI
179|TISA DIOSDADO
180|EUNICE NUTTER
181|TAWANDA GANZE
182|SHANDI CARBONARA
183|HOLLIS CANEPA
184|MOLLIE MAYALA
185|BRENDA RODEEN
186|KANDRA DELANCEY
187|CANDI TUTELA
188|LUE STORMONT
189|DALIA RUNNELS
190|ALYSHA FEHN
191|CAROLINA LEIDY
192|DEBBIE FUNCHESS
193|MACHELLE GOLDIZEN
194|NIEVES VERNIER
195|TRAVIS VETSCH
196|MICKIE SUCHY
197|TALISHA MARANA
198|ADAH BALFOUR
199|ISADORA NAMIHIRA
200|NANCEY FRISCHKORN
201|RANDA MCWELLS
202|JENNY PARBOL
203|DUNG DEGRAFFENRIED
204|MISSY KARROACH
205|ENOLA WEGHORST
206|ANJA KOSTYK
207|MICKIE KURA
208|RENDA HANAGAMI
209|ROSARIA FANIEL
210|CAITLYN LEIF
211|DALE STIEGEMEIER
212|VEOLA MUSKOPF
213|ARIANA TWEDDLE
214|ELADIA PADMORE
215|ARDIS GRENWAY
216|KITTY BAISE
217|DRUSILLA LOVAN
218|ILANA COBEY
219|CARRY MAQUIS
220|DEANNE FINSTAD
221|GEORGIANN BRISCO
222|BECKY LAMAN
223|TINA DESCHAMBEAULT
224|LEANNA MIGLIORI
225|JANEY AFFLECK
226|SHAYNE MEHARG
227|RUFINA FURGESON
228|LU LEDUKE
229|JOY CROOKE
230|ADA CARANZA
231|TABATHA YORKER
232|DORRIS OBHOF
233|KYM NAILER
234|MELANIE REINS
235|SHAE NEWHART
236|DANYEL VANARSDALL
237|LIZETTE FRANCESCONE
238|EUSTOLIA MOTTINGER
239|KIMI MCLOUGHLIN
240|CAROYLN DENIZ
241|YI GREBIN
242|ANGLA REICHMAN
243|LOUANN GOODPASTER
244|CHARLSIE NITKA
245|LILI JANSEN
246|MADELENE DIDIO
247|NEDRA EADY
248|IRINA KREINHAGEN
249|CAYLA BUQUET
250|RENATE KOLAT
251|ALFREDIA CLYBURN
252|CHERISE CAPOCCIA
253|WILLODEAN FLAVELL
254|ARIANNA RAIF
255|LAKESHIA MOUTRAY
256|TAWNA COSGROVE
257|NELL GRUBEL
258|SUSANNA WAITMAN
259|MEGHAN GODBOUT
260|HERTHA VACTOR
261|GAY HILLEGASS
262|ETHYL POLITOWSKI
263|CLARINE RUSIN
264|ODELL OEDEKERK
265|LAKENDRA SAFIER
266|NICOLETTE AKANDE
267|MELIA DEFOSSE
268|DORETHEA ALTONEN
269|KATE SEDAR
270|SHANNAN TRANSOU
271|AVRIL SWISTAK
272|KATTIE HSIEH
273|NOREEN GALABEAS
274|KAYLENE LAMERS
275|VANNESA CORKERN
276|ERICA SZABO
277|LUANNA OLEKSA
278|LEONARDA MCLOUTH
279|MARYLOUISE QUARLES
280|EARLENE AADLAND
281|TOI SATAR
282|SADE GAGARIN
283|JAUNITA EGLE
284|ORPHA THURINGER
285|TAINA GEANT
286|ROBIN MCAUSLAND
287|LORRIE CAVAGNA
288|EMMA SCHNALL
289|VIDA FIORENTINI
290|ANNICE PABST
291|EVIA MISCAVAGE
292|DEIDRE AGUINO
293|BLAIR NICKISCH
294|THOMAS PETTITT
295|PALMIRA SPARE
296|BULAH SPAW
297|DIANN WISHART
298|BIRDIE WESTGAARD
299|ASUNCION GRISSET
300|FREIDA MCGEACHY
301|HUI KMETZ
302|GLORY ENGELSTAD
303|STEPHANIA WASSMAN
304|BEVERLY JACKS
305|TAMARA TAMBURRINO
306|TOMMIE BUNKERS
307|CORINNA BENOIST
308|IRAIDA RAFALKO
309|GRETA AMARANTE
310|KETURAH BULWINKLE
311|REANNA SEDBROOK
312|SARI TOLLE
313|MERLYN BERKHALTER
314|KEITHA MCAFFEE
315|ISELA DEJOODE
316|TAREN HEAN
317|ANASTASIA KOTZ
318|REBBECA AWYIE
319|SHARAN SREY
320|VERONICA SIMOKAT
321|CHRISTAL SHAWGO
322|ROSELEE CONNIE
323|JENINE MORANDA
324|NATIVIDAD RASTOGI
325|JEREMY VIDES
326|TREASA HENNEBERRY
327|YASUKO WASZAK
328|ADAM GIANNECCHINI
329|DOLLIE DRAWE
330|VIRGIL SHORTSLEEVE
331|LATIA POGORELC
332|SHAUN DELAGOL
333|JENA EMIGH
334|VANETTA SULLINS
335|TAMA VOGLAND
336|SHANTAE CUTRIGHT
337|CANDACE FELONIA
338|MARAGRET RINGELHEIM
339|EVELINE BLUHM
340|JULISSA BAERGA
341|ELIA HELSTROM
342|BARB ECKERT
343|SARINA KLECKNER
344|DRUSILLA TETZ
345|DUSTI FILAN
346|ADRIA STUMPP
347|CLARIBEL DOERR
348|OMA BRAUNING
349|DELOIS WISER
350|LANORA LAO
351|BETTYANN PLESSIS
352|JULIETTE SHANK
353|GEORGINE DEMBINSKI
354|JANEE HOSLEY
355|MISTY BAST
356|TIESHA LOUPE
357|ILSE VERHAAG
358|SIDNEY FILAK
359|GAIL GLOSSNER
360|RUTHA WESTHOUSE
361|OLYMPIA SCHULDT
362|LORINE CONN
363|YOUNG MCANELLY
364|CHANELLE KNAPCHUCK
365|CICELY LOCKEN
366|FERNANDA PAROLINI
367|CHANDA LEMONE
368|DIONNA GROSKY
369|BRITTNY LEHAN
370|VIOLET CHINAULT
371|BABARA CORDANO
372|CALLIE GRANIELA
373|CHAYA WISSEMAN
374|FLORRIE VANDIXON
375|STEFANI MESTETH
376|JACINTA BALDOS
377|KRYSTINA KNIGGE
378|ANN BODELSON
379|DELOIS SHAMMAA
380|OLIVA ILARRAZA
381|LEILANI BRASHER
382|GLENDORA REANEY
383|SHIZUE HELSTROM
384|MATTHEW MAPEL
385|REFUGIO LILYQUIST
386|JANEY DOLEZAL
387|CHRISSY OLIVIA
388|DIANNA TIX
389|NIKKI BLACKWELL
390|ZENA FRILLING
391|AARON DOMITROVICH
392|ANDREE BULIN
393|ALICA DESHLER
394|MARTI HILDAGO
395|ZORAIDA TORTOLANO
396|LATOYIA PENNEWELL
397|ELENE HORINE
398|DEVIN MELOAN
399|LARISA BEACH
400|ROLANDA LEASURE
401|ADRIENE SKONCZEWSKI
402|ATHENA GALBREATH
403|KIMBERLI COLFER
404|WILLOW MCCLANAN
405|ALANNA MIRR
406|JULIETTE FREEMAN
407|ESMERALDA MYREE
408|JACINTA GUISTI
409|JENELLE KOEPPL
410|JENELL DOBROWSKI
411|LATESHA FYOCK
412|ALMEDA ZAUNBRECHER
413|GLINDA MARTINOV
414|CAROLEE TELLER
415|ILEEN KALTER
416|SHARLENE QUARTO
417|SEBRINA CURBO
418|ASUNCION PALOS
419|SHAWANNA NHEK
420|ROBERTO WOOLSTON
421|CHIA THAYER
422|LOUELLA LEATHERMAN
423|CATHERN HALONEN
424|NA ALCAZAR
425|JOHNETTA FREYTAG
426|KIRSTIE MITTON
427|YEN MCLARNEY
428|ALIZA COLMENERO
429|SHAWNA WEISSMAN
430|ROXANNA MATHERSON
431|JACQUI SHIMSHAK
432|CORENE BUCHKO
433|DEBRA FOUNTAIN
434|GEORGIANN THEW
435|VINNIE DECRISTOFORO
436|ANTONIA BASSETTI
437|ROSANN ALLAH
438|VERNIE SLATES
439|GILMA BEDSOLE
440|GARY STANKE
441|MICHIKO BRIGHENTI
442|JENELL FU
443|CYNDY QUAIL
444|GISELA KABZINSKI
445|VENITA SCHARR
446|EUSEBIA HENNEMAN
447|KATRINA KINSEL
448|SHAVONDA STROH
449|JACQUELIN OZOLS
450|JESTINE CANTELLA
451|SASHA BRANT
452|CARYN GINNIS
453|CHERYLE HYLLE
454|FELECIA STREI
455|JESSIA DUNSHIE
456|JALISA LUBBS
457|DONNIE BARETT
458|QIANA NA
459|SHEA SOWL
460|HANNAH SULENTIC
461|GAYNELL INDERMUEHLE
462|LUCINDA WUENSCH
463|LOLITA DOUGALL
464|VENICE HUMMONS
465|MACIE GOSLEE
466|MITTIE LUCHESSA
467|MYRTIE SCHARNBERG
468|DETRA FITSER
469|FLOY BESSO
470|YADIRA SPANBAUER
471|LARONDA CORDES
472|SHERYLL ANNAL
473|LEATRICE MALANGA
474|PETRA RAVAGO
475|ROBERT STURMAN
476|DAINA VOCCIA
477|NELDA RUDEEN
478|EARLINE MATTIELLO
479|DORIA TETZ
480|KEELEY SPEH
481|CRISTY TROESTER
482|DORETHA TITTERNESS
483|LAYNE ASTOLFI
484|SHAE BRADSTREET
485|BARBAR PROUT
486|CARL CHRISTESON
487|WENDI GARTIN
488|BONNY MCCAIE
489|THOMASINE ZARILLA
490|JUDIE BAETZ
491|ALESHIA EFFINGER
492|SPRING NOTHACKER
493|ALISHA PISTULKA
494|TONJA DADDS
495|TAMAR COSIO
496|SUZY CAGUIMBAL
497|HERMINE DEMRY
498|PEARLENE HAWKEN
499|BOBBYE DUPRIEST
500|DOLORIS GERSON
501|MERILYN LOCKLIN
502|ELSE RUBIE
503|JERILYN MERANTE
504|BROOK MCGOVERN
505|CLETA KORENIC
506|SOMER TIGGS
507|MONICA NAZARIAN
508|MAXINE BASKETT
509|ANTOINETTE DAUZAT
510|ADDIE HOCHNADEL
511|TABETHA GEARIN
512|LEORA KEFFER
513|KARINA TRIVANE
514|CARLETTA SEHL
515|ELOUISE MINA
516|GLENN WALDMANN
517|DONITA KEATOR
518|ALEIDA SARAULT
519|IMA DAVIDE
520|MARVIS TOLESTON
521|MAN SCHUERMANN
522|FLORRIE KIRCHGESSNER
523|ANGIE DESANTIGO
524|ELIZABET LISLE
525|LATONIA HOWLETT
526|ILUMINADA LOSAVIO
527|LORE GEHRED
528|JAMIE MUNTEAN
529|GIUSEPPINA LEBARRON
530|FELICE HIEBERT
531|CREOLA NASCIMENTO
532|BLAKE KARG
533|LANELLE STOVEL
534|MANIE POOR
535|RONNI PREMEAUX
536|DORIA RAGONE
537|TIFFANIE SIMERS
538|JUSTINE REINING
539|GAYNELLE LOLLIS
540|ELKE FERRANTE
541|ALLIE NOBLETT
542|MISTIE OLDERSHAW
543|GRISELDA LANIER
544|CAPRICE STEGER
545|SHERRELL NILES
546|ALEJANDRA KAKACEK
547|ERA ROGALSKI
548|GABRIEL MCKINNIS
549|SERITA CUCINELLA
550|SHARLENE SIVER
551|JESSIE SHUCK
552|USHA PILLETTE
553|JULENE WEINZIMER
554|RAELENE FREETAGE
555|LOVE ZEISE
556|VALERY DAM
557|JERICA KUNIN
558|JAME MADISON
559|LEONIE DEVENDORF
560|OLIVIA HIGGENBOTHAM
561|SHAVON FISHBEIN
562|JANITA OZ
563|KYLEE WEEKLEY
564|MICHELE RIEVES
565|GLORY GAUNCE
566|ERLENE JOMA
567|PHYLIS OULLETTE
568|KASHA CHITTUM
569|MELBA SAMES
570|KEILA STERNBERG
571|LASHONDA ACHOR
572|KAITLIN THOMPSON
573|TONI SCHNIEDERS
574|TERESA GIANGREGORIO
575|MAPLE CELESTINE
576|SARAN MILL
577|EDIE RAQUE
578|VERNA LULOFF
579|FRANCISCO DEATHERAGE
580|BEULA RHONE
581|MARVEL TRUPIANO
582|SHA ARCHANGEL
583|ANAMARIA VASCOCU
584|JANYCE LOBACH
585|DESSIE BIVIN
586|CAROL ROQUES
587|ALEXANDRIA TULLIER
588|DANNIELLE HARDEGREE
589|INGE HOSSLER
590|SARAI BACHMAN
591|VENICE LIVECCHI
592|WILDA HANISKO
593|SHAWANDA GITHENS
594|GRAYCE HODGDON
595|ZENA BERLINSKI
596|CHRYSTAL JENSCHKE
597|ROXANA STOYANOV
598|ALBERTINA MILLEN
599|PANSY CARTEGENA
600|JULIA WETER
601|CHELSEY WETZEL
602|LOUETTA VANNAH
603|MAUDIE LUALLEN
604|FUMIKO HASKO
605|DANN REICHHARDT
606|DELENA DUTROW
607|SALOME RUBENACKER
608|STAR ERNST
609|CARMELLA VILLELA
610|LEOLA TASBY
611|LUANNA HUTZEL
612|NOELIA ROSENAU
613|JANIS EGUIZABAL
614|GEORGIANA BIDDINGER
615|JANEY TRAWEEK
616|RIVKA MANGAOANG
617|CORY ALARIO
618|JEANNIE SCHARPING
619|VIRGIE SEBERS
620|CARI CHARTIER
621|VERGIE LARABEL
622|LERA LUANGAMATH
623|LEONTINE BILLINGS
624|MARICRUZ CUMMINGS
625|EVANGELINE YON
626|KIANA FINKEL
627|EUN ALLEY
628|CHANEL HOOPLE
629|MADDIE EON
630|TIFANY MATZEK
631|VIRGIL BETTER
632|MARISA PARZIALE
633|INGA BATALLA
634|JANYCE MANOI
635|SYLVIA WARFEL
636|SHELA ZABANEH
637|HELENE KAPINOS
638|ANNAMARIE HEPPERLY
639|CORTNEY KOLE
640|JESTINE BOAK
641|TRESSA SANBURG
642|BELIA MAGLIOCCO
643|AVELINA ROGGENSACK
644|RENATE MADAYAG
645|KATHALEEN DELCAMBRE
646|WANDA RABASSA
647|WENDOLYN ORRIS
648|JEFFREY COLDREN
649|KYLEE KRUSS
650|MAYOLA ESTRADO
651|KAREN DANNUNZIO
652|HERMA HOISINGTON
653|AZUCENA WITHERINGTON
654|EUNICE MANZAY
655|ZENOBIA MCCLELLAND
656|ALTAGRACIA BOECKMANN
657|ASUNCION NELISSE
658|GERTHA STRAUSBAUGH
659|TARI FELCIANO
660|TRINH SCHERMAN
661|SUSANA TEYLER
662|KERA BRUNSTING
663|JERLENE LOKKER
664|ROWENA HREHA
665|SANG KEEGAN
666|KETURAH WATCHORN
667|WAI PREGEANT
668|CHRISTEEN LAPINSKI
669|JOETTE HERBY
670|GRETCHEN VILAIN
671|ROSELINE HELLRIEGEL
672|JOSEFA PATIL
673|LAVON BARNFIELD
674|DELORA DANKO
675|CASSAUNDRA WYER
676|MAIRA GUITAR
677|TONITA BIELINSKI
678|CELINDA NIEDZWIEDZ
679|TERRI EPPINGER
680|ATHENA UELMEN
681|YESENIA VICE
682|LYDIA LOBAN
683|TANEKA NARES
684|LIESELOTTE BARTASH
685|MIRTA BEDILLION
686|EDITH RESTIVO
687|KRISTYN ASBILL
688|TARSHA HERKENRATT
689|BEULAH GAVIGAN
690|ELLIS ROATCH
691|TABATHA WHTIE
692|AKILAH HAISLIP
693|MARGENE RUEDAS
694|DIANNE VANWYNGAARDEN
695|ELFREDA BALLE
696|LEATHA YOW
697|ROSALVA TUBERVILLE
698|LOGAN SUTLIFF
699|AUDRA GOLDA
700|SHAKITA LAICH
701|ISIDRA TANGARI
702|KAILA TREPANIER
703|KATE GILLON
704|LEONIDA VAUGH
705|MOLLIE IANNALO
706|MAMIE STROTHMANN
707|CIERRA LOFWALL
708|DANNIELLE TAPPAN
709|ASSUNTA BROCKEL
710|GAYLE NATONABAH
711|DONNETTA BILLOCK
712|KERSTIN MALATESTA
713|ETTIE GIZZO
714|NELIDA MAK
715|TATIANA DESCOTEAU
716|FRANCOISE ROLLINS
717|SAUNDRA EFFLAND
718|LEILA TUSTIN
719|SON MILLIS
720|ROMANA TOD
721|HATTIE MERGEN
722|CECILIA MEHRTENS
723|KELSIE UKOSATA
724|MANA WHITBY
725|ALEXANDRA LULOFF
726|CHAN DUITSCHER
727|ALINA SHELLHAAS
728|DELMA FILMORE
729|KIMBERLEY GEDMAN
730|MARIBETH VISCARRA
731|AMBER STRAYER
732|MERYL DUNMORE
733|LEANA SCHNITTKER
734|NEOMA MAYNES
735|YULANDA BALANGATAN
736|YEVETTE GAMER
737|FLAVIA BELLFLOWERS
738|DOVIE LAROCHE
739|LARHONDA HINTON
740|GERMAINE KLAASS
741|EUFEMIA PATERSON
742|MARKITA PEER
743|TAMICA ARMIJOS
744|KARISSA BRUESTLE
745|CECILA RAWICKI
746|AVA WISSINGER
747|GRISEL OZOLS
748|LAKITA ASATO
749|ROBERT GRISMER
750|AUGUSTINA CERRITELLI
751|STEPHENIE SHADOWENS
752|TOI SIAPERAS
753|ANTONIO MAINES
754|CATHERYN GASKIN
755|KATE MURTHA
756|MATHILDE MILDERBERGER
757|MARVA KRUCKEBERG
758|HEATHER KESSNER
759|LENORA FARINELLA
760|RAINA NIEZGODA
761|LEA HILCHER
762|UNA ESTRELLA
763|KIA ROBERTO
764|ELEANORA MRUCZEK
765|LESLEE HORNBACK
766|LONNA THACKERY
767|FAUSTINA GABRIELSEN
768|ELIANA AHO
769|YU MCCAIE
770|CONSUELO VATES
771|WILLIEMAE HATHORNE
772|JUDIE HOBEREK
773|SHERI SEPTER
774|SHERIDAN RYBERG
775|DELORSE HYNSON
776|KARIMA NIEVES
777|PATRICIA BISSETTE
778|GLENDA SHOULTA
779|CECIL DELMEDICO
780|SHERRIL WALEN
781|ANGELIC PRESHA
782|BILLYE SCHIEFELBEIN
783|LORALEE KLEIST
784|CARIDAD CABINESS
785|ADRIENE FALLING
786|DANNIE MICHAELI
787|KIMBERLEE MACKEN
788|SALINA BURGMAN
789|ROXY MASSINGILL
790|CORETTA LOFTEN
791|EVELIA MCCLOUR
792|CAMMIE GREWAL
793|LEONIE HEURING
794|LORINA EASOM
795|JAMI ARTMANN
796|TOMIKO MCKEVER
797|LAVERNE GROSECLOSE
798|EVELYNN RAMPY
799|JEANETTA KACZMARSKI
800|LUCINDA STRINGFELLOW
801|RUTHA PAONGO
802|FLORENTINA FRITZPATRICK
803|JOCELYN MADIN
804|DOMINGA WEINTZ
805|MAXINE DEYAK
806|SIBYL LASHURE
807|IONE SHOEMAKER
808|CHERLYN KRZAN
809|LEONIE TARIQ
810|CONTESSA DONTON
811|CHARLINE SUDBERRY
812|MOZELLA STANKUS
813|MERCEDEZ SIFFERT
814|CHARLINE JAMAR
815|WILLODEAN GIRVAN
816|LYN SCHACTER
817|BONNY KRANZE
818|ALETHIA AVITA
819|DORETTA YANNOTTI
820|MARK PANYIK
821|VERLIE MARTEY
822|TESSIE ENGWER
823|ELA BOURGAULT
824|ELMER HOTH
825|HALLEY NEIFORD
826|KYLIE BRYDEN
827|CRISTINE PETESIC
828|INELL FLACH
829|EVELYNE EMPEROR
830|ROLANDA BOZICH
831|TALIA PAYWA
832|JULIA PEDE
833|SHENA COBRIN
834|CHRISTAL SWANBERG
835|TAMAR FREDLUND
836|ELLI MOTES
837|STEPHINE EDSALL
838|ROBYN MEINECKE
839|EDEN BROOMELL
840|SHIRLEEN WIDELL
841|YASUKO CENTRONE
842|PATRICK HONE
843|VERONIQUE CROCHET
844|SHAMIKA UEHARA
845|DAISY LANDUCCI
846|VALENE HUFFT
847|MICKIE GLADHART
848|VERNICE CADOY
849|VELVA TRONNES
850|CHARMAINE ZIRIN
851|JERRY ALGARIN
852|SUANNE KRUCKER
853|JULIETA FAST
854|CLAUDE SARENSEN
855|VIOLA MATTIACE
856|AVIS EDEM
857|DARNELL BOSCIO
858|MARYETTA HEELAN
859|JANUARY STEINBOCK
860|MARTH CROZAT
861|RHODA SHACKLEY
862|VENESSA BISSEN
863|ROSAURA COLN
864|AMMIE CHAPMOND
865|MARIBEL COVITZ
866|JOLANDA MOGA
867|BONNIE TRONGONE
868|KARRY YOUNGERS
869|ARLETHA BOGATAY
870|AMI KOWN
871|DEMETRA GELLE
872|LE FEGURGUR
873|MALLORY SAVIC
874|CARYL GEUDER
875|SIXTA CARRARA
876|MARYLYNN WARF
877|PALMIRA SALO
878|TORRI MORREALE
879|MIRTHA NGYUN
880|ANGIE BYNUN
881|DORRIS SHEMPER
882|DONA CHINCHILLA
883|VINA BLACKWELDER
884|VALRIE ROLLISON
885|LOVETTA STIVER
886|SUANNE KAMAN
887|BERNEICE STALLINS
888|BONNY BATTISTINI
889|MILLICENT ZMEK
890|PURA KOVAR
891|LAINE ETKIN
892|PHYLIS SWANICK
893|DREMA NEIMAN
894|ALONA THEBEAU
895|KARMEN SAND
896|JANELL RIBERO
897|WENDOLYN FORGET
898|KENYA JIGGETTS
899|CONCHITA ESSELMAN
900|SHANELL DOMANN
901|JEANNETTE TINGSTROM
902|WILLENA BALQUE
903|GERTRUDE MCLEISH
904|INGER BORGESON
905|MARION XIA
906|KRISTIAN BILLUS
907|ETTIE DEMAURO
908|SHIRL YANTZ
909|ENDA ZECCARDI
910|GEORGIA UZIEL
911|ELIZ VANAMAN
912|MEE ABRAMOVICH
913|SAMIRA PLAKKE
914|SINA KOPPES
915|MAGARET MCCONATHY
916|TANEKA BUGNA
917|CRIS KONIG
918|DANNIELLE SCHOMAS
919|NANCY PASCUAL
920|KATHARINE BOYNTON
921|SHANTELL LITTAU
922|HAZEL KOVATCH
923|JULISSA PETRAIN
924|LYNNE LAPETE
925|OSSIE HARBERT
926|LYDIA ARCHAMBEAU
927|NICOLETTE TEECE
928|CAROLYN LEEDS
929|JASMIN GROOMBRIDGE
930|SHAMEKA RIGGINGS
931|BILLY MABREY
932|MINNA EISENHOWER
933|HEIKE HUA
934|SONIA FELLEZS
935|VIRGIE KABA
936|LAHOMA PLEASANTON
937|KERA PIEGARO
938|DANA LORONA
939|MARGARETA GREENSTEIN
940|LANELLE RUYBAL
941|MAYA GERTSEMA
942|ALBERTINA MOHRING
943|ROSEANNA ROUSELLE
944|EDYTH SEEKELL
945|MADALYN CHIPPS
946|RISA YASUTOMI
947|VIDA PAL
948|ERIN FARNHAM
949|FELECIA MAYNE
950|NEOMI KUH
951|ARIANA SAICE
952|BEVERLY ESTELL
953|LUNA YAGER
954|SHERILYN BELTRAM
955|MARCIE AUGUSTA
956|BABETTE DITTER
957|LEAH PHINNEY
958|ELMA BRASINGTON
959|RANDEE FABELLO
960|VANESSA GODBOLT
961|KATE WEATHER
962|EMILY STELMAN
963|MARGARETA PATTISON
964|LIN MUHTASEB
965|JERI PORTOR
966|GREGORIA HUTTEN
967|ADELE HERREA
968|DANNETTE MCCALEBB
969|JAIMIE DEMOTT
970|NELL LANDONI
971|RHIANNON RADOM
972|LESLIE HORNBACHER
973|MARYLYNN MACEK
974|JOYA REITMEIER
975|BEATRIZ KEZELE
976|DETRA GUMMER
977|YOKO KAPERONIS
978|ILANA KITTLESON
979|TEMEKA MICK
980|LINDSAY WARSING
981|SHANNAN HEFFLER
982|RUBYE TARVIS
983|RENETTA LOCKHART
984|LATOSHA YON
985|LEANNE MURFIN
986|ISIS TOPOR
987|ELIZA MURILLA
988|BRENDA GERBI
989|ODA PRITZEL
990|AMERICA RENFRO
991|MAFALDA ROSALES
992|UNA COSTILOW
993|CLARINE LOFWALL
994|MARYLYN HEABERLIN
995|MARY BALDASSANO
996|VALERIA DEMOYA
997|LINDSY VIX
998|ROSENDA MACCHIAROLI
999|DENNIS EM
1000|NORIKO FRIBLEY
1001|VALERI JEANJACQUES
1002|CANDIDA CIPULLO
1003|NATASHA CAMPOVERDE
1004|DONETTE FRANCISQUE
1005|ERICKA DELAINE
1006|HEIDY MEYERS
1007|EULALIA KOEN
1008|GERTIE BRIGANTINO
1009|MADELYN MACMILLEN
1010|ARIANA MONICO
1011|LINNIE LADIEU
1012|WILLETTE VAUSE
1013|BLANCHE MUSCARELLO
1014|GENEVIE JANACK
1015|FIDELIA SWANT
1016|CORY SZAL
1017|MICHA LEM
1018|BRETT KIRSCH
1019|DWANA YENTSCH
1020|ROSE CARDINAL
1021|GILBERTE ELLISON
1022|ROSALIE BALCAZAR
1023|VADA UPP
1024|GABRIELLA BABULA
1025|ROSANNE HENNEGAN
1026|ARIE ARROLLO
1027|MEAGAN SCHARFENBERG
1028|WESLEY RODD
1029|DOREATHA MATHEWES
1030|BILLI LEYDA
1031|AURA LITMAN
1032|CLARITA YURICK
1033|PETRONILA ROGALA
1034|TERESE RENTFROW
1035|ALISON BETTIN
1036|TIFANY RINGER
1037|CARLEEN GOETTIG
1038|FONDA WHITESCARVER
1039|LAVON GOLDBECK
1040|ADELA MAESTOS
1041|MARILEE SHOPBELL
1042|NETTIE MCKUSKER
1043|FELECIA LIEBECK
1044|LANELLE CREASMAN
1045|VERDELL HUBACH
1046|KELSEY LAATSCH
1047|EUSTOLIA HEIDRICH
1048|LELIA BURINGTON
1049|CONCETTA MATHERN
1050|NIKOLE KUIPERS
1051|ARLYNE VEEDER
1052|NENA ROSELLE
1053|STEPHENIE MORESCHI
1054|ETSUKO RUTER
1055|LONI NOKES
1056|WILHELMINA VEROBA
1057|PAULA STERMAN
1058|JEANE VALLARTA
1059|GILLIAN BISSETT
1060|CORRINA MCLEARAN
1061|SHYLA COUNTEE
1062|SHAUNTE CAYNE
1063|VAN WEIDNER
1064|LAURETTE LEWERKE
1065|VANDA POURIER
1066|SOL MUDDIMAN
1067|AGATHA MESLER
1068|DENAE FREIBERGER
1069|SONJA BENDZANS
1070|PATTIE RUTENBAR
1071|MARSHALL MUTTY
1072|DANNIELLE MEADOWS
1073|KAYCEE WALLBROWN
1074|MALISSA LUBBERS
1075|KIMBERLY FELDPAUSCH
1076|ELENA MIRISOLA
1077|SHANON ISEBRAND
1078|STAR HICKERT
1079|LISA DEGEAR
1080|ELIZEBETH KEETS
1081|MITCHELL SWINDERMAN
1082|NONA BAWKS
1083|JENINE EDSON
1084|HALINA HERNANDERS
1085|TAREN BRADMON
1086|CORRIE OBNEGON
1087|TONY KEYNA
1088|BEE KASPRZAK
1089|BETHANN ROMRIELL
1090|LUE URTADO
1091|TONISHA KINNETT
1092|LISSA COSENZA
1093|DENEEN PERTEA
1094|LEIGHA WILLIAR
1095|KARY HOPTON
1096|ROCHELLE GIERMAN
1097|AYANNA STRENG
1098|MALIA REIBER
1099|GISELLE COLES
1100|KATHARYN LACOMB
1101|MARVELLA FERNALD
1102|ALISSA MINNS
1103|ALLYN LOZA
1104|GABRIEL YURICIC
1105|FILOMENA NKUKU
1106|JEANA BACHER
1107|NADA MARTEY
1108|HOA PESICKA
1109|EDDA DEHMER
1110|KARISSA LINDBO
1111|CAROLYNE SVEDIN
1112|SHEBA DAM
1113|KELSI BYKOWSKI
1114|KARON HOGLUND
1115|RONNIE SCHWAN
1116|MYONG THIEME
1117|OK CAPPELLUTI
1118|CAMI DWECK
1119|SHALANDA MACCUTCHEON
1120|TIFFANY HOSEY
1121|SHAE GOEN
1122|DELILAH DEGENHARDT
1123|SHEENA BEAT
1124|LORIE BIRNELL
1125|MAKEDA HUSSON
1126|VEDA GARLEY
1127|BARBARA POARCH
1128|MISS POESCHEL
1129|KANDACE MCGREGOR
1130|CASIMIRA DEVOST
1131|MARGERY BUECHEL
1132|CARLA STIERS
1133|SALLY GODKIN
1134|YVONE HOLLERMAN
1135|DEMETRA HUBSCH
1136|CINDERELLA STOODLEY
1137|ANDRIA LICON
1138|RONI LAITINEN
1139|KIT BEATIE
1140|ELOUISE PRVITT
1141|TAYLOR PROVEAUX
1142|JOYCELYN OSBOURN
1143|LEXIE RISINGER
1144|LOVE TOW
1145|DIXIE PICOTTE
1146|HEATHER SPONSELLER
1147|ELISSA BOTTS
1148|ULRIKE MINOZZI
1149|MIN RATHGEBER
1150|CHRISTA EICHSTADT
1151|ROXY BOONE
1152|CLAUDINE AARON
1153|CONSUELO LUCKENBAUGH
1154|PINKIE LEXER
1155|ILEANA SHIMANUKI
1156|ELOIS WARDSWORTH
1157|ROSELYN WOMBLE
1158|SHAUNDA SAMSON
1159|ESTER LAPORE
1160|MADELEINE MCCALLEY
1161|MERNA SIVILS
1162|BEVERLEE SARNES
1163|ROXANA MENELEY
1164|SASHA BORDAS
1165|CORINE HUSAK
1166|DARLENA MONAGLE
1167|CATHIE ROJAS
1168|JAME NEIFER
1169|LATASHIA MOAKE
1170|SU DREHER
1171|MANUELA ROOK
1172|LOUANNE KANNEL
1173|WINNIE MARADIAGA
1174|ZITA MEW
1175|MARSHA BAERMAN
1176|KATHERIN ZOLDESY
1177|ELLAN STATLER
1178|ANETTE SASSANO
1179|DAHLIA SZALAI
1180|KERRY ANGON
1181|ROSEMARIE MONGUE
1182|FUMIKO RASSMUSSEN
1183|TEMIKA GILBERG
1184|KHALILAH MASZTAL
1185|ZANA BERKHEIMER
1186|TEMEKA PELLEGRIN
1187|HORTENSIA CRISLIP
1188|KARMA ANALLA
1189|LORIANN CANIZALES
1190|KATHLINE DAX
1191|DEBERA TEPE
1192|SALINA UHLENHOPP
1193|MACY HORNLEIN
1194|HELENE HERSHMAN
1195|ELOIS ING
1196|GLAYDS LASSELLE
1197|GRACIELA BAJWA
1198|ROCIO EHRLICH
1199|FRANCISCA WEIGLE
1200|IRISH PARTLOW
1201|RONI BETTENDORF
1202|KAITLYN KILNER
1203|HILDE TANGABEKYAN
1204|NGA VANACORE
1205|LOIS VANLEEUWEN
1206|ANGELINA MESHANKO
1207|DWANA IDOL
1208|EILENE TAYLOE
1209|SHANNAN NILA
1210|DOLORIS BROWNLOW
1211|LOU ALTVATER
1212|ELFREDA KOSSMAN
1213|KRISTA SELLNER
1214|SCARLETT BOHLEN
1215|VENITA PARKINSON
1216|ONA BRAFMAN
1217|ALEXIA NASSO
1218|LASHAWNDA MUTCHLER
1219|NORINE PALONE
1220|SHENA GENDLER
1221|YON DECELLE
1222|LIDA BUNCHE
1223|MADELINE LEBO
1224|JERI TUCHOLSKI
1225|MINNIE FULCO
1226|CATERINA VOGELSANG
1227|JEANETTA MINTEER
1228|SUSANN HEFFERAN
1229|KLARA CORTOPASSI
1230|DENESE SHERLOCK
1231|DARCEL ARMADA
1232|LISABETH HOEFLER
1233|DENNIS MATTHYS
1234|IDALIA ALEJANDREZ
1235|JESSICA MELLADY
1236|LEDA VILDOSOLA
1237|CARIE DORCAS
1238|CHANA HAUZE
1239|CAMILA LOEWER
1240|LATOYA ALICEA
1241|JAMILA DUSATKO
1242|ALBA THERURER
1243|BETTINA HOLLENBERG
1244|ROSELLA MULLIGAN
1245|KILEY SAVAKIS
1246|ELISA PETROVITS
1247|ROSIO MOYE
1248|OTHA SACKEY
1249|TAI STONEBRAKER
1250|ARIELLE ARROCHA
1251|PEARL POLACCO
1252|STORMY STANDAGE
1253|TOMI PATCHER
1254|JANETTE MACROWSKI
1255|ANNELIESE KINNAIRD
1256|GAYNELLE VANHAUEN
1257|LECIA ESSEPIAN
1258|ISAURA WEIMAR
1259|DELENA CREPPS
1260|VERDA PRIBBLE
1261|LEISHA BIGFORD
1262|CHARISE WUJCIK
1263|NICOLETTE MORDAN
1264|BRITTANY MOGENSEN
1265|BRITT LONGSTAFF
1266|NGUYET ARNSPIGER
1267|VERGIE MARONI
1268|GINGER RESSLER
1269|LUANNE KORUS
1270|ALBERT RUBSAM
1271|CARRI CENTANNI
1272|MINH HOSTER
1273|DANIA TISON
1274|CANDYCE BASQUEZ
1275|LATOYA MUSSE
1276|ILSE KAMERAD
1277|ARETHA BOLING
1278|ETHELYN GOHLKE
1279|NYDIA MATHIA
1280|VANNESA SICINSKI
1281|ZENIA OWOC
1282|LUPITA TURCOTT
1283|AVIS LABBEE
1284|CHRISTIANA RITSCHARD
1285|MARYANNA PALEY
1286|MARYBETH NAPOLES
1287|MERRILL SEWEALL
1288|ZOFIA OBERT
1289|DINA AMARANTE
1290|LEESA BICKERS
1291|LARA BENZI
1292|SHEILA GUADAGNO
1293|WENONA BALCER
1294|SHARRON NODAL
1295|NAKESHA BEAMON
1296|GRACIELA FROBISH
1297|EHTEL LOMEDICO
1298|TRUDY CHRISTOPHER
1299|NADINE PREZA
1300|LANITA WLODYKA
1301|BOK BOGDANOVICH
1302|GENEVA MOERKE
1303|JACQUALINE REFSELL
1304|TIJUANA TOBOSA
1305|STEPHNIE ACHORN
1306|VIRGIL SETSER
1307|DINA CHANG
1308|LAWANA CHAPPELL
1309|JOHNETTA CARINE
1310|CHARLIE DENARD
1311|LORIA KENNADY
1312|KIRSTEN NGUYN
1313|CHASIDY MCCUISTON
1314|LOVELLA GONSALEZ
1315|MAISHA WESTFIELD
1316|JEREMY GOLIE
1317|QUINN ALI
1318|MADELYN MENO
1319|RASHEEDA THAMES
1320|NAN GALLOB
1321|ADELAIDA BAZALDUA
1322|ARA PRINKLETON
1323|TAMERA WIRTANEN
1324|SHENA VITRO
1325|DARLENE RUEDAS
1326|CATRICE EVERLINE
1327|TAMMI QUARTERMAN
1328|SIOBHAN GRANDA
1329|HULDA BLAISDELL
1330|PILAR KOOGLER
1331|ARACELI SALOMONE
1332|TELMA CRAVENS
1333|DESTINY STEFFEY
1334|MERLENE FULLITON
1335|MELISA MCKIN
1336|JESSENIA NATHO
1337|REBECCA CLECKLEY
1338|BRYANNA MCILVAINE
1339|SHELA HORGEN
1340|SENAIDA RIGONI
1341|HANNA POUK
1342|RANA INNOCENTI
1343|AUDREY GEOFFREY
1344|DAWNE WESTPHALEN
1345|JOANNE LABOMBAR
1346|YULANDA ORWIG
1347|DEANA ZGODA
1348|MOZELLE WINEGARDNER
1349|JAYNA VOGLUND
1350|ALESIA DESIYATNIKOV
1351|LAVONIA DOCIMO
1352|ANIKA BEECHUM
1353|LAQUITA LIPPA
1354|DEANDREA FERARD
1355|DENNY MALLALIEU
1356|KIMBERLIE INKS
1357|IRISH HOUSEL
1358|JALEESA COULTRAP
1359|KERRY SALVINO
1360|YESENIA FABRE
1361|LONA HEMBRE
1362|HONG LECOCQ
1363|SLYVIA PENINGTON
1364|GERALD KOSTIC
1365|PAMELIA COUGHLAN
1366|TAWANDA SOWDERS
1367|BARBRA YANAN
1368|ROZANNE PETRASH
1369|SHARLA TURELLO
1370|GLORY BLATZ
1371|HENRIETTE DOYON
1372|AYANNA AVANTS
1373|TORI SUYDAM
1374|LEONIDA KLAAS
1375|LATORIA LOSADA
1376|KUM CAWEIN
1377|JEANNIE WAPPEL
1378|CINDI GALAMAY
1379|ANETTE ROWLES
1380|RONDA DONELSON
1381|HARRIETTE KOR
1382|MISTI DICAMILLO
1383|VENITA DUTIL
1384|SHONDRA SAGAYAGA
1385|TA JEGEDE
1386|BEULA BARNDT
1387|CORRINA YOUN
1388|THEOLA NEISIUS
1389|MARYLYNN TREPAGNIER
1390|CLARA GUERREIRO
1391|ARICA SCARANO
1392|KAYE GRAVENSTEIN
1393|NILA JENNETT
1394|LARONDA LITVAK
1395|DELINDA MEGAHAN
1396|PEGGY BRAK
1397|PHILLIS FIEGEL
1398|ROMONA PICARDO
1399|SHENA KITZMILLER
1400|PHILOMENA YAMBO
1401|ISAURA GLADFELTER
1402|ANTONETTA LAINE
1403|MONNIE GUTZMER
1404|LYNDIA KURPINSKI
1405|ARLEEN JAFFY
1406|KAROLE SHOPE
1407|THEA DUNAVANT
1408|BEATRICE NICOLAISEN
1409|RONALD JENIOUS
1410|REMEDIOS PROVENCAL
1411|KIMBERLI HANTMAN
1412|CARRIE PROKES
1413|LOREAN VICTORERO
1414|ILSE FROHLICH
1415|KATHERN MIRAMON
1416|JAIMEE PARAS
1417|CINDIE ZIBELL
1418|LYN BRASBY
1419|JESICA KOVACH
1420|ALETHEA HYSONG
1421|DORTHEY CAPPONI
1422|SHERLYN COURT
1423|MAGARET KOZLAK
1424|JOHNSIE AGBAYANI
1425|AWILDA LOHMILLER
1426|HUONG MCCLAMMA
1427|ETTA STAUNTON
1428|DELPHA ROYSTON
1429|SUZI PASTORE
1430|SHANEKA SALTIS
1431|SHERA NEUROHR
1432|LAYLA PINKELTON
1433|LEILA SCRIMSHER
1434|JULIENNE GORDNER
1435|CUC ELSON
1436|SHELLY NARAIN
1437|BELIA BUBAK
1438|SHARMAINE FERRON
1439|ARIELLE DEROSIE
1440|KIZZY WIERSCHEN
1441|GABRIELLA CHUDZINSKI
1442|MAIRE THEDE
1443|DUSTY BAZER
1444|SERINA CAPPOLA
1445|JODEE FORESTER
1446|ALITA PERSECHINO
1447|DANIA MCCOSKEY
1448|TAMI WANDA
1449|NAN CASBEER
1450|BOBBI STRAUGHTER
1451|TANDY HILLWIG
1452|CHU GERINGER
1453|ROLANDE MCGUNNIGLE
1454|SANTANA EMMEL
1455|BECKI TINCHER
1456|GUILLERMINA CARRIGAN
1457|MATTIE SLACK
1458|ANTHONY AMIR
1459|EMILEE RALSTON
1460|CASSI STONGE
1461|ELSA PAGO
1462|MELONY SAWDEY
1463|CAYLA ZEITLIN
1464|MELLISSA PARENTI
1465|ANTIONETTE TOFIL
1466|MAXIE TREECE
1467|SHERLYN MACALLISTER
1468|JOHNETTA LINGREN
1469|WILHELMINA COY
1470|LESLIE ALMGREN
1471|ESSIE OLDENKAMP
1472|HEIDI RUGGERI
1473|NEDRA STEERMAN
1474|SIU DALOISIO
1475|VENICE CLIATT
1476|MARIS MORLAS
1477|LILIANA KOREN
1478|PERLA HANCHETT
1479|ARMANDINA DAHER
1480|GEMMA BAUTISTA
1481|SYLVIA NOTOMA
1482|ALISON MUSHETT
1483|JEWEL LOOFT
1484|GEORGIANNA MANTEY
1485|KIERA KENNEMORE
1486|NOVELLA ZUKAS
1487|KATHE DUTTWEILER
1488|JOLINE BRUSON
1489|RAYMONDE WIES
1490|MARX MIKLER
1491|KIMBERLEY MADRUENO
1492|LONA USERY
1493|BUENA LOATMAN
1494|ALIA TARNER
1495|AILEEN KENSON
1496|KRYSTINA TARRY
1497|LIZZETTE WINDMEYER
1498|REENA BROCHET
1499|DORI ATTWOOD
1500|CHERRY KIZIOR
1501|ONEIDA DAUTRICH
1502|ANNABELL DOUBLEDAY
1503|JANE EGOLF
1504|YESENIA GRANT
1505|BARABARA GROVES
1506|ALETHIA DILEO
1507|TAMISHA CUDDINGTON
1508|ZAIDA OWSTON
1509|HETTIE AHIA
1510|SHERRON PELA
1511|BEBE STEENBERG
1512|JAYMIE COMMISKEY
1513|LUZ KEKIWI
1514|KACI CLASSON
1515|TIJUANA KETTLEWELL
1516|RANDY DELAHOYA
1517|DAVID BANCKS
1518|ALISE BOZA
1519|IDALIA FONTENEAU
1520|SUZANNA KONARSKI
1521|EHTEL SCARFI
1522|CAMELIA VIDULICH
1523|MARGERT CENTRONE
1524|MELLISA BRICK
1525|AVRIL PEROW
1526|REDA MOLDAN
1527|ARDELLE WICKKISER
1528|SHA APPIA
1529|CORA DEBOER
1530|JULISSA MERKSAMER
1531|IZOLA YARISH
1532|JOSEPH GALLAHER
1533|LEKISHA IFANTIDES
1534|CINTHIA BROECKEL
1535|LANELLE OLIVERSON
1536|LIBERTY BARRENA
1537|TANNA TIPLER
1538|KEISHA MCKENDRY
1539|ABBY ABREO
1540|EVALYN HULTS
1541|ANGIE EBNER
1542|VERA BELEZOS
1543|NELIA RUSTRIAN
1544|MARCELL SCOZZAFAVA
1545|LARONDA PIZZINO
1546|OSSIE BERRIEN
1547|ANDRIA BILLETER
1548|NICHOL LOUDEN
1549|ROSSANA TANDUS
1550|TANIKA ARTLEY
1551|STEVIE COWANS
1552|BETTE STEAD
1553|MAYA GWOZDZ
1554|NORINE BHOLA
1555|CLEORA YUZN
1556|KATHERN VONDERAHE
1557|AGNUS MERICA
1558|GRAYCE CURBY
1559|ELISHA DELASH
1560|SONJA MURAN
1561|LIDIA KEISS
1562|LATOSHA SCIVALLY
1563|SHAREE BUONASSISI
1564|SO WANTZ
1565|FRANCOISE INGLE
1566|ALBERT SAFFER
1567|IVA GRIVNA
1568|LEATHA FREYMAN
1569|JUDI ALLCORN
1570|BRIAN MINTREAS
1571|OMEGA WADHAMS
1572|EDWARD AKIMA
1573|BERTHA DYKHOUSE
1574|DEANA LORETO
1575|JENIFER DAWDY
1576|ROSALINDA PUFFINBERGER
1577|MAXIMINA IBRAHAM
1578|TIERA DELFAVERO
1579|RICHARD DEARMENT
1580|DIEDRA FRECHETTE
1581|ANGLEA LAFONT
1582|JENIFFER HANDCOCK
1583|SHIRLEE SHEVENELL
1584|RUSSELL HELGERT
1585|SHERLEY FRADKIN
1586|QUIANA PESANTE
1587|SHARLENE REIGLE
1588|ROSENDA ENZ
1589|LISHA VANEK
1590|NETA VUOSO
1591|CIARA DAROU
1592|MARIAN ZAISER
1593|MARYJANE BURKLOW
1594|JANAY MCGRONE
1595|ASHLEIGH EDGHILL
1596|TASHIA NUCKLOS
1597|ANNITA REITZ
1598|KIRA SHEELEY
1599|HIEDI ROLANDO
1600|CAROYLN ASTACIO
1601|EUNICE WANK
1602|VASHTI MELLING
1603|CORIE BERGA
1604|ALTHA PETITE
1605|REENA LAZARO
1606|JONG PEHOWIC
1607|KERA SCHAEFFER
1608|KARMEN DONEGAN
1609|LAHOMA KOZELISKI
1610|DANILLE CLOWERS
1611|JULIAN WINGETT
1612|EWA MINDERMAN
1613|SHENA ECHEVERRIA
1614|ALLA GREIN
1615|FABIOLA MCANALLEN
1616|TASIA BRISBANE
1617|EMELINA BALKUS
1618|ROXY STAVINOHA
1619|MA SWAINSTON
1620|DELPHA EARLES
1621|NOELIA AICKLEN
1622|CHARISSA SAMET
1623|IRISH BOLIN
1624|ERA SHEARMAN
1625|SHARLA ETIENNE
1626|MAYBELL BAILADO
1627|HOLLEY THOEN
1628|OTILIA EDGE
1629|DELINDA WEESE
1630|MARIANN SKARTVEDT
1631|MARNI LAYFIELD
1632|ALEXA SABINA
1633|GARY KIM
1634|YOSHIE CERAOS
1635|MARCELA STODGELL
1636|SEPTEMBER KANOA
1637|VERDA FLICEK
1638|ELLIS FAGNONI
1639|LARUE CORPENING
1640|GIA VENDIG
1641|LIN LYNDE
1642|YON BASCAS
1643|ANNICE WILHAM
1644|CARMEN LEVERING
1645|SHANDA SALAM
1646|LULA AUYER
1647|JUDIE SERVISS
1648|JUNG COLSTON
1649|PEGGIE TREMAINE
1650|DAN VITRO
1651|LONDA ZASPEL
1652|MYRIAM MASSENGALE
1653|JADE STOCKEL
1654|CARLA FALLAGO
1655|YOLANDO ORDAL
1656|ALYCIA MAYTON
1657|MARLINE OGREN
1658|CHERIE CHILLIS
1659|FABIOLA DOUSE
1660|KAYLEEN SUD
1661|MARGURITE NELMARK
1662|NINFA ASSING
1663|NAOMI YANAGIHARA
1664|WILLIE YUST
1665|CHU HICKIE
1666|ALYSSA RYDEL
1667|TOI MONTOGOMERY
1668|BONG WHITSON
1669|KAYCE ORM
1670|MARGARETA KUTER
1671|RANDA NISSEN
1672|LEIGHANN TINAJERO
1673|CATHRYN KAPFER
1674|SANTINA TWELVES
1675|LEWIS ESSLINGER
1676|BOBBI CABBLE
1677|ELENE ROWMAN
1678|STORMY BAHRI
1679|MARK ASEL
1680|SIBYL WISWELL
1681|NICHELLE FALLERT
1682|CELIA KOSSMAN
1683|KATHY HINTERGARDT
1684|KYLA AYARZA
1685|MARINE APTHORPE
1686|CARINA BATTIE
1687|CORA STAUFFER
1688|DIAMOND ZIGLAR
1689|KRYSTIN CARLS
1690|SUZI GOUGIS
1691|KALA JENKINS
1692|OLETA LARKE
1693|SON HOLES
1694|TOSHA CHIEVES
1695|PHYLIS WYROSTEK
1696|CARIDAD BICKER
1697|KYLIE GALLUS
1698|AIDA GLACKIN
1699|IVORY MILLON
1700|KERI KILKENNY
1701|AMADA MIDDLESWORTH
1702|GEORGETTA PLOCHER
1703|MERILYN LUSK
1704|WESLEY STULLER
1705|JEANIE DARROCH
1706|PANSY KULBIDA
1707|LEEANNA ASEL
1708|XIAO LAMICA
1709|PHYLIS MCCORVEY
1710|JESSE JELEN
1711|SAMUEL DEGIROLAMO
1712|DARYL BUCZEK
1713|TELMA RICKLEY
1714|VELVET KIELBASA
1715|DENA PASTIVA
1716|CHANTELLE HITZEL
1717|LESSIE PIEFER
1718|RACHAEL QUALIA
1719|TA PADDACK
1720|LOUISA SEALEY
1721|JODEE PANTALEON
1722|KALEY LINCK
1723|NECOLE MCLEOUD
1724|DOROTHA SELIN
1725|SHONTA HATZENBUEHLER
1726|ELLEN ADESSA
1727|ELEANORE FRANC
1728|LARRAINE LEANOS
1729|ADELINA GILBERTI
1730|CIARA GUINANE
1731|MARYELLEN EIBEL
1732|VERLINE BILOTTI
1733|WEN WEISE
1734|AURELIA GERALDO
1735|BARABARA KONARSKI
1736|JOHNA HEINRITZ
1737|KATELIN VANDEVENDER
1738|CHER OMS
1739|TISA GOHEEN
1740|MEREDITH SKILLEN
1741|SHAWNTA TROIANO
1742|NIKOLE YE
1743|TOMIKO CRESTO
1744|SHAMEKA BUDWORTH
1745|CHARLOTTE TOTTER
1746|INGE ASCHER
1747|MAIDA BRESLOW
1748|LARAINE TAUSCHER
1749|EMOGENE POMIECKO
1750|KASI SCHERB
1751|TRINIDAD POLIO
1752|LAURAN SPAETH
1753|JANIS SCOLERI
1754|ADAM CORRIVEAU
1755|MILLY ALIE
1756|RYANN KAUB
1757|HELENE RAJAN
1758|BARABARA BLESH
1759|KERA ROBENSON
1760|SHILA SIEBENTHAL
1761|SANDY HORNYAK
1762|DENA BUDZISZEWSKI
1763|KATHERN FORSMANN
1764|SHILOH GAGNON
1765|MARGERT NGUYAN
1766|ROSAURA PINEDA
1767|CAROLYNE MCGUINESS
1768|HELENE MONTAYA
1769|MARCIA THARP
1770|KRYSTEN ICARDO
1771|PEGGY PALEAAE
1772|YULANDA FOSSUM
1773|ETSUKO FEDEROWICZ
1774|CHASIDY FELIZARDO
1775|IDA FLOER
1776|USHA KENNELLY
1777|EMMA CERAOS
1778|LYNDIA TRAPPER
1779|VERENA CANZIO
1780|LATIA MARKWOOD
1781|SCOTT CATALANO
1782|TIERRA CRAGO
1783|IRENA ORREN
1784|CELINDA ROHWEDER
1785|SHANICE KINSLAND
1786|LANETTE MITSCHELEN
1787|CORRIE BLOSS
1788|JOANNIE CULKIN
1789|NGAN HARTERT
1790|LUCINDA LAKHAN
1791|MICHIKO DURNAN
1792|ALMA MIESEN
1793|GWENN GALASSINI
1794|CATALINA SHEIL
1795|JODEE MATYSIAK
1796|YOLANDO OVELLETTE
1797|AYAKO ARENAS
1798|THOMASINA FEILER
1799|CHERISH DRAGGOO
1800|TROY RUIS
1801|SHERRI BENNETTE
1802|ADRIENE MARANAN
1803|RAY CAPES
1804|JULIANE GARRAWAY
1805|SHANA FOWLAR
1806|KARIN ROBLEY
1807|ALLA OFARRELL
1808|RETHA MARMION
1809|GEMA JEW
1810|IVANA APPOLONIA
1811|MAI MOUSEL
1812|LARRY HARTNETT
1813|MARIBETH TYLOR
1814|GERRY WALLS
1815|SHEA DABNEY
1816|ANGELIA YOUNS
1817|SUSANNA TREIBLE
1818|BRYANNA OSICK
1819|TATIANA MUCCIA
1820|LORIS NELLI
1821|SUZANN BAZA
1822|CHRISTA BORBA
1823|LOUISE CHOVANEC
1824|JANENE JAMISON
1825|TORRI HILLYER
1826|NAOMA THURSTON
1827|TALIA LIEBOLD
1828|KAYLA DUPLESSY
1829|KARAN RENDLEMAN
1830|GEORGEANNA ANDERST
1831|JOEY BLAILOCK
1832|TENNILLE ESTOCK
1833|ELEONORE BOGAERT
1834|OFELIA MILLMAN
1835|BERNIECE SEGONIA
1836|COLLEN KEATH
1837|LYNETTA CANNINGTON
1838|LOREAN WINDSHEIMER
1839|ALISHA WALTERSCHEID
1840|LUETTA LAWCEWICZ
1841|OLYMPIA TKACH
1842|EURA FRYDMAN
1843|ZOFIA RATCLIFF
1844|STEPHANIA BOUTTE
1845|CANDIS RENS
1846|ALBERTA TURTURO
1847|MARGORIE SUING
1848|VIOLETTE GEGENHEIMER
1849|SHIELA STANCIEL
1850|ELENI SCHEMM
1851|JAZMINE PAFF
1852|GERDA GERTNER
1853|JESUSITA BJORKMAN
1854|BERTHA HARDIMAN
1855|ANISHA LIMARDO
1856|KAROLE URIE
1857|SHAWNA HOXSIE
1858|HANNA DANTOS
1859|JAQUELYN ROUSSEAU
1860|SCOTTIE REIFSNYDER
1861|SHAWANA SALTOURIDES
1862|BRIANNE BOONSTRA
1863|ANJANETTE RYMUT
1864|KA DEBARDELABEN
1865|OUIDA WNEK
1866|HERMELINDA CLARKE
1867|KILEY VERSO
1868|HARRIETTE FINICAL
1869|SUSIE BLIGEN
1870|KINDRA APPELING
1871|FRANCISCA VILLARTA
1872|CLAUDETTE MAIRE
1873|BREE TANSLEY
1874|JENEVA DEFORREST
1875|ASHA PASEY
1876|DORTHEY PEIRCE
1877|MAYBELL PAIVA
1878|MELINA BADEAUX
1879|PING FONTES
1880|CHRISTY BROUHARD
1881|CASSIDY MCIRVIN
1882|CHANEL DEGRANDPRE
1883|MARI LUMBARD
1884|CATHI RODRICK
1885|TYNISHA GOODSON
1886|THERESE COUNTRYMAN
1887|MARNI LAUTENSCHLAGE
1888|DONNIE SHOUSE
1889|FE MACKY
1890|TRUDI MOSSER
1891|INEZ HERVERT
1892|LUCRETIA ALLARA
1893|MEG GRAMMES
1894|DENYSE MASIAS
1895|BELL PUTMAN
1896|RENETTA SCHOENBERGER
1897|SHAWANDA PARTIN
1898|BETTIE REAID
1899|MARLANA BOMSTAD
1900|KATHERINA MCCLARIN
1901|PETRINA BALLENTINE
1902|DEVORA SCHULTHEIS
1903|MARVEL WILLSON
1904|ARLEEN KAUTZ
1905|KIA RABELLO
1906|RENAE ZENTNER
1907|AUTUMN TARKOWSKI
1908|SUMMER EXON
1909|CHARITY WINFREE
1910|LOIS SCHEY
1911|WINNIE DRUNGO
1912|KATIE DUPLECHIN
1913|EUNA CEASER
1914|LINDY CARRADINE
1915|TONA ARCHBOLD
1916|MATTIE BAZINET
1917|ADELLA SAICE
1918|KAREY MANUIA
1919|BERNA EBBETT
1920|SOMER AMBLER
1921|ELVIE DEER
1922|QUIANA TRAHIN
1923|CARMELINA KUEHNEL
1924|VAN PARDEY
1925|FAIRY LOISEAU
1926|VELLA ALTMARK
1927|SHANA JACKIEWICZ
1928|DEANE MEYERHOEFER
1929|MARLIN CENTRONE
1930|LEISA BYSTROM
